#
# A fatal error has been detected by the Java Runtime Environment:
#
#  SIGSEGV (0xb) at pc=0x0000000158547610, pid=62932, tid=63491
#
# JRE version: OpenJDK Runtime Environment Homebrew (21.0.6) (build 21.0.6)
# Java VM: OpenJDK 64-Bit Server VM Homebrew (21.0.6, mixed mode, sharing, tiered, compressed oops, compressed class ptrs, g1 gc, bsd-aarch64)
# Problematic frame:
# j  org.apache.logging.log4j.core.Logger.log(Lorg/apache/logging/log4j/Level;Lorg/apache/logging/log4j/Marker;Ljava/lang/String;Ljava/lang/StackTraceElement;Lorg/apache/logging/log4j/message/Message;Ljava/lang/Throwable;)V+28
#
# No core dump will be written. Core dumps have been disabled. To enable core dumping, try "ulimit -c unlimited" before starting Java again
#
# If you would like to submit a bug report, please visit:
#   https://github.com/Homebrew/homebrew-core/issues
#

---------------  S U M M A R Y ------------

Command Line: -javaagent:/Users/d.rudik/Library/Caches/JetBrains/IdeaIC2025.2/captureAgent/debugger-agent.jar=file:///var/folders/xr/ndmt7g6s26b75pmz4l8pmbv80000gq/T/capture1488916385471981006.props -ea -Didea.test.cyclic.buffer.size=1048576 -javaagent:/Users/d.rudik/Applications/IntelliJ IDEA Community Edition.app/Contents/lib/idea_rt.jar=54731 -Dkotlinx.coroutines.debug.enable.creation.stack.trace=false -Ddebugger.agent.enable.coroutines=true -Dkotlinx.coroutines.debug.enable.flows.stack.trace=true -Dkotlinx.coroutines.debug.enable.mutable.state.flows.stack.trace=true -Dfile.encoding=UTF-8 -Dsun.stdout.encoding=UTF-8 -Dsun.stderr.encoding=UTF-8 com.intellij.rt.junit.JUnitStarter -ideVersion5 -junit5 org.bublik.cli.postgresql.postgresql.PostgresToPostgresTest,allTypes

Host: "Mac15,7" arm64, 12 cores, 36G, Darwin 24.6.0, macOS 15.7.1 (24G231)
Time: Thu Nov  6 15:29:00 2025 MSK elapsed time: 13.077890 seconds (0d 0h 0m 13s)

---------------  T H R E A D  ---------------

Current thread (0x0000000146dff000):  JavaThread "pool-2-thread-8"        [_thread_in_Java, id=63491, stack(0x000000031ab00000,0x000000031ad03000) (2060K)]

Stack: [0x000000031ab00000,0x000000031ad03000],  sp=0x000000031ad01920,  free space=2054k
Native frames: (J=compiled Java code, j=interpreted, Vv=VM code, C=native code)
j  org.apache.logging.log4j.core.Logger.log(Lorg/apache/logging/log4j/Level;Lorg/apache/logging/log4j/Marker;Ljava/lang/String;Ljava/lang/StackTraceElement;Lorg/apache/logging/log4j/message/Message;Ljava/lang/Throwable;)V+28
j  org.apache.logging.log4j.spi.AbstractLogger.tryLogMessage(Ljava/lang/String;Ljava/lang/StackTraceElement;Lorg/apache/logging/log4j/Level;Lorg/apache/logging/log4j/Marker;Lorg/apache/logging/log4j/message/Message;Ljava/lang/Throwable;)V+10
j  org.apache.logging.log4j.spi.AbstractLogger.logMessageTrackRecursion(Ljava/lang/String;Lorg/apache/logging/log4j/Level;Lorg/apache/logging/log4j/Marker;Lorg/apache/logging/log4j/message/Message;Ljava/lang/Throwable;)V+16
j  org.apache.logging.log4j.spi.AbstractLogger.logMessageSafely(Ljava/lang/String;Lorg/apache/logging/log4j/Level;Lorg/apache/logging/log4j/Marker;Lorg/apache/logging/log4j/message/Message;Ljava/lang/Throwable;)V+8
J 5373 c1 org.apache.logging.log4j.spi.AbstractLogger.logMessage(Ljava/lang/String;Lorg/apache/logging/log4j/Level;Lorg/apache/logging/log4j/Marker;Ljava/lang/String;[Ljava/lang/Object;)V (32 bytes) @ 0x00000001519cbb80 [0x00000001519cb900+0x0000000000000280]
J 5174 c1 org.apache.logging.log4j.spi.AbstractLogger.logIfEnabled(Ljava/lang/String;Lorg/apache/logging/log4j/Level;Lorg/apache/logging/log4j/Marker;Ljava/lang/String;[Ljava/lang/Object;)V (25 bytes) @ 0x000000015194a8b0 [0x000000015194a640+0x0000000000000270]
J 5531 c1 org.apache.logging.slf4j.Log4jLogger.error(Ljava/lang/String;[Ljava/lang/Object;)V (19 bytes) @ 0x0000000151a5eae4 [0x0000000151a5e940+0x00000000000001a4]
J 5457 c1 org.bublik.postgres.storage.JDBCPostgreSQLStorage.simpleRowConsume(Lde/bytefish/pgbulkinsert/row/SimpleRow;Ljava/util/Map;Ljava/util/Map;Ljava/sql/ResultSet;Lorg/bublik/core/model/Chunk;Ljava/sql/Connection;Lde/bytefish/pgbulkinsert/row/SimpleRowWriter;)V (4412 bytes) @ 0x0000000151a0dff8 [0x00000001519fa240+0x0000000000013db8]
J 5494 c1 org.bublik.postgres.storage.JDBCPostgreSQLStorage.lambda$fetchAndCopy$5(Ljava/util/Map;Ljava/util/Map;Ljava/sql/ResultSet;Lorg/bublik/core/model/Chunk;Ljava/sql/Connection;Lde/bytefish/pgbulkinsert/row/SimpleRowWriter;Lde/bytefish/pgbulkinsert/row/SimpleRow;)V (66 bytes) @ 0x0000000151a49538 [0x0000000151a49440+0x00000000000000f8]
J 5511 c1 org.bublik.postgres.storage.JDBCPostgreSQLStorage$$Lambda+0x0000007001504ef8.accept(Ljava/lang/Object;)V (36 bytes) @ 0x0000000151a54fd4 [0x0000000151a54dc0+0x0000000000000214]
J 5496 c1 de.bytefish.pgbulkinsert.row.SimpleRowWriter.startRow(Ljava/util/function/Consumer;)V (99 bytes) @ 0x0000000151a4b388 [0x0000000151a4ae80+0x0000000000000508]
j  org.bublik.postgres.storage.JDBCPostgreSQLStorage.fetchAndCopy(Ljava/sql/ResultSet;Lorg/bublik/core/model/Chunk;Ljava/lang/String;)Lorg/bublik/core/model/LogMessage;+232
j  org.bublik.postgres.storage.JDBCPostgreSQLStorage.transfer(Lorg/bublik/core/model/Chunk;Ljava/lang/String;)Lorg/bublik/core/model/LogMessage;+65
j  org.bublik.postgres.model.PGChunk.mainStageTransfer(Ljava/lang/String;)Lorg/bublik/core/model/Chunk;+6
j  org.bublik.postgres.model.PGChunk.allStages(ZLjava/lang/String;)Lorg/bublik/core/model/Chunk;+23
j  org.bublik.core.storage.JDBCStorage.lambda$startNOSync$1(Lorg/bublik/core/model/Chunk;Ljava/lang/String;)Lorg/bublik/core/model/Chunk;+3
j  org.bublik.core.storage.JDBCStorage$$Lambda+0x00000070014dc000.call()Ljava/lang/Object;+8
j  java.util.concurrent.FutureTask.run$$$capture()V+39 java.base@21.0.6
j  java.util.concurrent.FutureTask.run()V+5 java.base@21.0.6
j  java.util.concurrent.ThreadPoolExecutor.runWorker(Ljava/util/concurrent/ThreadPoolExecutor$Worker;)V+92 java.base@21.0.6
j  java.util.concurrent.ThreadPoolExecutor$Worker.run()V+5 java.base@21.0.6
j  java.lang.Thread.runWith(Ljava/lang/Object;Ljava/lang/Runnable;)V+5 java.base@21.0.6
j  java.lang.Thread.run()V+19 java.base@21.0.6
v  ~StubRoutines::call_stub 0x0000000158534154
V  [libjvm.dylib+0x39e3f8]  JavaCalls::call_helper(JavaValue*, methodHandle const&, JavaCallArguments*, JavaThread*)+0x258
V  [libjvm.dylib+0x39d7c8]  JavaCalls::call_virtual(JavaValue*, Klass*, Symbol*, Symbol*, JavaCallArguments*, JavaThread*)+0xf8
V  [libjvm.dylib+0x39d890]  JavaCalls::call_virtual(JavaValue*, Handle, Klass*, Symbol*, Symbol*, JavaThread*)+0x64
V  [libjvm.dylib+0x43f29c]  thread_entry(JavaThread*, JavaThread*)+0x9c
V  [libjvm.dylib+0x3aebf4]  JavaThread::thread_main_inner()+0x84
V  [libjvm.dylib+0x3aea50]  JavaThread::run()+0x150
V  [libjvm.dylib+0x79cc44]  Thread::call_run()+0x8c
V  [libjvm.dylib+0x63a9f8]  thread_native_entry(Thread*)+0xcc
C  [libsystem_pthread.dylib+0x6bc8]  _pthread_start+0x88

siginfo: si_signo: 11 (SIGSEGV), si_code: 2 (SEGV_ACCERR), si_addr: 0x0000007074617314

Registers:
 x0=0x0000007001192100  x1=0x0000000000000000  x2=0x00000005c115dc48  x3=0x0000007074617274
 x4=0x0000000000000017  x5=0x0000000000000000  x6=0x0000000000000000  x7=0x0000000150dd07c8
 x8=0x0000000105d8b1b0  x9=0x0000000000000009 x10=0x0000000000000154 x11=0x0000000000000150
x12=0x0000000140a6f0d8 x13=0x00000000000007fd x14=0x0000000092ea2808 x15=0x0000000092ca2012
x16=0x0000000140a6f0d8 x17=0x0000000000000008 x18=0x0000000000000000 x19=0x00000000000000b9
x20=0x000000031ad01938 x21=0x0000000105d85c60 x22=0x0000000140f4bea4 x23=0x00000005c7239e28
x24=0x000000031ad01a18 x25=0x000000000000000a x26=0x0000000140f4df40 x27=0x00000005c52a3fd8
x28=0x0000000146dff000  fp=0x000000031ad019d0  lr=0x000000015853962c  sp=0x000000031ad01920
pc=0x0000000158547610 cpsr=0x0000000060001000

Register to memory mapping:

x0 =0x0000007001192100 is a pointer to class: 
org.apache.logging.log4j.core.config.ReliabilityStrategy {0x0000007001192100}
 - instance size:     2
 - klass size:        62
 - access:            public interface abstract 
 - flags:             rewritten should_verify_class has_nonstatic_concrete_methods declares_nonstatic_concrete_methods has_localvariable_table 
 - state:             fully_initialized
 - name:              'org/apache/logging/log4j/core/config/ReliabilityStrategy'
 - super:             'java/lang/Object'
 - sub:               
 - nof implementors:  2
 - arrays:            null
 - methods:           Array<T>(0x0000000140a6ef18)
 - method ordering:   Array<T>(0x0000007000b28698)
 - local interfaces:  Array<T>(0x00000070006132d8)
 - trans. interfaces: Array<T>(0x00000070006132d8)
 - constants:         constant pool [49] {0x0000000140a6ed30} for 'org/apache/logging/log4j/core/config/ReliabilityStrategy' cache=0x0000000140a97ab8
 - class loader data:  loader data: 0x000060000145c1e0 for instance a 'jdk/internal/loader/ClassLoaders$AppClassLoader'{0x00000005c043d258}
 - source file:       'ReliabilityStrategy.java'
 - inner classes:     Array<T>(0x0000007000613260)
 - nest members:     Array<T>(0x0000007000613260)
 - permitted subclasses:     Array<T>(0x0000007000613260)
 - java mirror:       a 'java/lang/Class'{0x00000005c1107900} = 'org/apache/logging/log4j/core/config/ReliabilityStrategy'
 - vtable length      5  (start addr: 0x00000070011922c0)
 - itable length      0 (start addr: 0x00000070011922e8)
 - ---- static fields (0 words):
 - ---- non-static fields (0 words):
 - non-static oop maps: 
x1 =0x0 is null
x2 =
[error occurred during error reporting (printing register info), id 0xb, SIGSEGV (0xb) at pc=0x000000010560a030]
x3 =0x0000007074617274 is an unknown value
x4 =0x0000000000000017 is an unknown value
x5 =0x0 is null
x6 =0x0 is null
x7 =0x0000000150dd07c8 points into unknown readable memory: 0x000000031ad019e0 | e0 19 d0 1a 03 00 00 00
x8 =0x0000000105d8b1b0: _ZN19TemplateInterpreter29_invokeinterface_return_entryE+0 in /opt/homebrew/Cellar/openjdk@21/21.0.6/libexec/openjdk.jdk/Contents/Home/lib/server/libjvm.dylib at 0x00000001052f0000
x9 =0x0000000000000009 is an unknown value
x10=0x0000000000000154 is an unknown value
x11=0x0000000000000150 is an unknown value
x12={method} {0x0000000140a6f0d8} 'log' '(Lorg/apache/logging/log4j/util/Supplier;Ljava/lang/String;Ljava/lang/String;Ljava/lang/StackTraceElement;Lorg/apache/logging/log4j/Marker;Lorg/apache/logging/log4j/Level;Lorg/apache/logging/log4j/message/Message;Ljava/lang/Throwable;)V' in 'org/apache/logging/log4j/core/config/ReliabilityStrategy'
x13=0x00000000000007fd is an unknown value
x14=0x0000000092ea2808 is an unknown value
x15=0x0000000092ca2012 is an unknown value
x16={method} {0x0000000140a6f0d8} 'log' '(Lorg/apache/logging/log4j/util/Supplier;Ljava/lang/String;Ljava/lang/String;Ljava/lang/StackTraceElement;Lorg/apache/logging/log4j/Marker;Lorg/apache/logging/log4j/Level;Lorg/apache/logging/log4j/message/Message;Ljava/lang/Throwable;)V' in 'org/apache/logging/log4j/core/config/ReliabilityStrategy'
x17=0x0000000000000008 is an unknown value
x18=0x0 is null
x19=0x00000000000000b9 is an unknown value
x20=0x000000031ad01938 is pointing into the stack for thread: 0x0000000146dff000
x21=0x0000000105d85c60: _ZN19TemplateInterpreter13_active_tableE+0 in /opt/homebrew/Cellar/openjdk@21/21.0.6/libexec/openjdk.jdk/Contents/Home/lib/server/libjvm.dylib at 0x00000001052f0000
x22=0x0000000140f4bea4 is pointing into metadata
x23=0x00000005c7239e28 is pointing into object: [Ljava.lang.Object; 
{0x00000005c7239e10} - klass: 'java/lang/Object'[]
 - length: 25
x24=0x000000031ad01a18 is pointing into the stack for thread: 0x0000000146dff000
x25=0x000000000000000a is an unknown value
x26=0x0000000140f4df40 is pointing into metadata
x27=0x00000005c52a3fd8 is an oop: org.apache.logging.log4j.message.ReusableParameterizedMessage 
{0x00000005c52a3fd8} - klass: 'org/apache/logging/log4j/message/ReusableParameterizedMessage'
 - ---- fields (total size 5 words):
 - private 'argCount' 'I' @12  3 (0x00000003)
 - private 'messagePattern' 'Ljava/lang/String;' @16  "{}.{} : {}"{0x00000005c51c2cc8} (0xb8a38599)
 - private final 'patternAnalysis' 'Lorg/apache/logging/log4j/message/ParameterFormatter$MessagePatternAnalysis;' @20  a 'org/apache/logging/log4j/message/ParameterFormatter$MessagePatternAnalysis'{0x00000005c723c510} (0xb8e478a2)
 - private 'varargs' '[Ljava/lang/Object;' @24  a 'java/lang/Object'[3] {0x00000007ffba8fe8} (0xfff751fd)
 - private 'params' '[Ljava/lang/Object;' @28  a 'java/lang/Object'[10] {0x00000005c723c558} (0xb8e478ab)
 - private 'throwable' 'Ljava/lang/Throwable;' @32  null (0x00000000)
 - private final 'bufferRecycler' 'Lorg/apache/logging/log4j/spi/recycler/Recycler;' @36  a 'org/apache/logging/log4j/internal/recycler/ThreadLocalRecyclerFactoryProvider$ThreadLocalRecyclerFactory$ThreadLocalRecycler'{0x00000005c723c590} (0xb8e478b2)
x28=0x0000000146dff000 is a thread
 fp=0x000000031ad019d0 is pointing into the stack for thread: 0x0000000146dff000
 lr=0x000000015853962c is at code_begin+2924 in an Interpreter codelet
return entry points  [0x0000000158538ac0, 0x0000000158539678]  3000 bytes
 sp=0x000000031ad01920 is pointing into the stack for thread: 0x0000000146dff000

Top of Stack: (sp=0x000000031ad01920)
0x000000031ad01920:   000000031ad019d0 000000015854b200
0x000000031ad01930:   0000000000000001 0000000000000000
0x000000031ad01940:   00000005c52a3fd8 00000005c102c650
0x000000031ad01950:   0000000000000000 0000000000000000
0x000000031ad01960:   00000005c12997b8 00000007fdedc980
0x000000031ad01970:   00000007fdedc7b0 00000005c115dc48
0x000000031ad01980:   000000031ad01980 0000000140f4bea4
0x000000031ad01990:   0000000000000009 0000000140f4df40
0x000000031ad019a0:   00000005c1299680 000000031ad01920
0x000000031ad019b0:   0000000141908948 0000000140f4bf30
0x000000031ad019c0:   0000000000000000 000000031ad019e8
0x000000031ad019d0:   000000031ad01a70 000000015853917c
0x000000031ad019e0:   0000000000000000 0000000000000000
0x000000031ad019f0:   0000000000000000 0000000000000000
0x000000031ad01a00:   0000000000000000 0000000000000000
0x000000031ad01a10:   0000000000000000 0000000000000000
0x000000031ad01a20:   000000031ad01a20 0000000140913792
0x000000031ad01a30:   0000000000000009 0000000140920000
0x000000031ad01a40:   00000005c127e380 000000031ad019d0
0x000000031ad01a50:   0000000141908728 0000000140913838
0x000000031ad01a60:   000000031ad019e8 000000031ad01a88
0x000000031ad01a70:   000000031ad01b10 000000015853917c
0x000000031ad01a80:   0000000000000000 0000000000000000
0x000000031ad01a90:   00000005c52a3fd8 0000000000000000
0x000000031ad01aa0:   0000000000000000 0000000000000000
0x000000031ad01ab0:   00000005c12997b8 00000007fdedc7b0
0x000000031ad01ac0:   000000031ad01ac0 0000000140913360
0x000000031ad01ad0:   0000000000000009 0000000140920000
0x000000031ad01ae0:   00000005c127e380 000000031ad01a70
0x000000031ad01af0:   00000001419083a8 00000001409133f8
0x000000031ad01b00:   000000031ad01a88 000000031ad01b28
0x000000031ad01b10:   000000031ad01bb0 000000015853917c 

Instructions: (pc=0x0000000158547610)
0x0000000158547510:   1f 05 00 f1 40 01 00 54 84 00 08 ca 08 08 40 f9
0x0000000158547520:   84 00 08 ca 9f f4 7e f2 c0 00 00 54 08 08 40 f9
0x0000000158547530:   08 01 7f b2 08 08 00 f9 02 00 00 14 04 08 00 f9
0x0000000158547540:   04 00 40 f9 84 08 00 d1 9f 08 00 f1 08 60 00 91
0x0000000158547550:   8b 04 00 54 84 05 40 f9 84 5c 40 79 08 0c 40 f9
0x0000000158547560:   84 00 08 cb 84 04 00 d1 88 6e 24 8b 04 01 40 f9
0x0000000158547570:   a4 00 00 b5 08 10 40 f9 08 01 40 b2 08 10 00 f9
0x0000000158547580:   15 00 00 14 84 08 40 b9 84 08 5c d2 08 10 40 f9
0x0000000158547590:   84 00 08 ca 9f f4 7e f2 e0 01 00 54 c4 01 08 37
0x00000001585475a0:   88 01 00 b4 1f 05 00 f1 40 01 00 54 84 00 08 ca
0x00000001585475b0:   08 10 40 f9 84 00 08 ca 9f f4 7e f2 c0 00 00 54
0x00000001585475c0:   08 10 40 f9 08 01 7f b2 08 10 00 f9 02 00 00 14
0x00000001585475d0:   04 10 00 f9 04 00 40 f9 84 10 00 d1 08 a0 00 91
0x00000001585475e0:   e0 03 08 aa 00 0c 04 8b a0 03 1e f8 f3 03 00 91
0x00000001585475f0:   b4 03 1f f8 88 29 40 f9 00 01 1f d6 b8 03 5c f8
0x0000000158547600:   b8 6f 38 8b 43 08 40 b9 63 08 5c d2 f0 03 0c aa
0x0000000158547610:   6d a0 40 b9 6d 6c 2d 8b ad 01 07 91 a9 01 40 f9
0x0000000158547620:   1f 00 09 eb a0 00 00 54 c9 17 00 b4 a9 0d 41 f8
0x0000000158547630:   1f 00 09 eb a1 ff ff 54 ad 03 5e f8 2d 05 00 b4
0x0000000158547640:   b3 0d 40 f9 7f 00 13 eb c1 00 00 54 a8 11 40 f9
0x0000000158547650:   08 05 00 b1 42 00 00 54 a8 11 00 f9 1f 00 00 14
0x0000000158547660:   73 02 00 b4 b3 15 40 f9 7f 00 13 eb c1 00 00 54
0x0000000158547670:   a8 19 40 f9 08 05 00 b1 42 00 00 54 a8 19 00 f9
0x0000000158547680:   16 00 00 14 d3 00 00 b4 a8 05 40 f9 08 05 00 b1
0x0000000158547690:   42 00 00 54 a8 05 00 f9 10 00 00 14 a3 15 00 f9
0x00000001585476a0:   f3 03 40 b2 b3 19 00 f9 0c 00 00 14 a8 15 40 f9
0x00000001585476b0:   7f 00 08 eb c1 00 00 54 a8 19 40 f9 08 05 00 b1
0x00000001585476c0:   42 00 00 54 a8 19 00 f9 04 00 00 14 a3 0d 00 f9
0x00000001585476d0:   f3 03 40 b2 b3 11 00 f9 ad e1 00 91 ad 03 1e f8
0x00000001585476e0:   80 05 40 f9 00 04 40 f9 00 0c 40 f9 8c 2d 40 b9
0x00000001585476f0:   8c 29 00 11 ec 03 0c 4b f8 03 03 aa 0d a3 40 b9
0x0000000158547700:   0d 6f 2d 8b ad 01 07 91 18 6f 2c 8b ac 01 40 f9 


Stack slot to memory mapping:

stack at sp + 0 slots: 0x000000031ad019d0 is pointing into the stack for thread: 0x0000000146dff000
stack at sp + 1 slots: 0x000000015854b200 is at code_begin+0 in an Interpreter codelet
deoptimization entry points  [0x000000015854b200, 0x000000015854cb80]  6528 bytes
stack at sp + 2 slots: 0x0000000000000001 is an unknown value
stack at sp + 3 slots: 0x0 is null
stack at sp + 4 slots: 0x00000005c52a3fd8 is an oop: org.apache.logging.log4j.message.ReusableParameterizedMessage 
{0x00000005c52a3fd8} - klass: 'org/apache/logging/log4j/message/ReusableParameterizedMessage'
 - ---- fields (total size 5 words):
 - private 'argCount' 'I' @12  3 (0x00000003)
 - private 'messagePattern' 'Ljava/lang/String;' @16  "{}.{} : {}"{0x00000005c51c2cc8} (0xb8a38599)
 - private final 'patternAnalysis' 'Lorg/apache/logging/log4j/message/ParameterFormatter$MessagePatternAnalysis;' @20  a 'org/apache/logging/log4j/message/ParameterFormatter$MessagePatternAnalysis'{0x00000005c723c510} (0xb8e478a2)
 - private 'varargs' '[Ljava/lang/Object;' @24  a 'java/lang/Object'[3] {0x00000007ffba8fe8} (0xfff751fd)
 - private 'params' '[Ljava/lang/Object;' @28  a 'java/lang/Object'[10] {0x00000005c723c558} (0xb8e478ab)
 - private 'throwable' 'Ljava/lang/Throwable;' @32  null (0x00000000)
 - private final 'bufferRecycler' 'Lorg/apache/logging/log4j/spi/recycler/Recycler;' @36  a 'org/apache/logging/log4j/internal/recycler/ThreadLocalRecyclerFactoryProvider$ThreadLocalRecyclerFactory$ThreadLocalRecycler'{0x00000005c723c590} (0xb8e478b2)
stack at sp + 5 slots: 0x00000005c102c650 is an oop: org.apache.logging.log4j.Level 
{0x00000005c102c650} - klass: 'org/apache/logging/log4j/Level'
 - ---- fields (total size 3 words):
 - private final 'intLevel' 'I' @12  200 (0x000000c8)
 - private final 'name' 'Ljava/lang/String;' @16  "ERROR"{0x00000005c102c668} (0xb82058cd)
 - private final 'standardLevel' 'Lorg/apache/logging/log4j/spi/StandardLevel;' @20  a 'org/apache/logging/log4j/spi/StandardLevel'{0x00000005c102c698} (0xb82058d3)
stack at sp + 6 slots: 0x0 is null
stack at sp + 7 slots: 0x0 is null

invokeinterface  185 invokeinterface  [0x0000000158546f80, 0x00000001585479a0]  2592 bytes
[MachCode]
  0x0000000158546f80: 808e 1ff8 | 0900 0014 | 808e 1fbc | 0700 0014 | 800e 1ffc | 0500 0014 | 9f8e 1ff8 | 808e 1ff8 
  0x0000000158546fa0: 0200 0014 | 808e 1ff8 | b683 1bf8 | c412 4078 | 4917 048b | 33e1 0091 | 73fe df88 | 735e 50d3 
  0x0000000158546fc0: 7fe6 02f1 | a003 0054 | 3317 80d2 | e103 13aa | b683 1bf8 | e003 1caa | 2801 0010 | 88d3 01f9 
  0x0000000158546fe0: 94cf 01f9 | 9dd7 01f9 | e833 bfa9 | 880f 8fd2 | 08ad a0f2 | 2800 c0f2 | 0001 3fd6 | e833 c1a8 
  0x0000000158547000: feff ff10 | 9fcf 01f9 | 9fd7 01f9 | 9fd3 01f9 | 8807 40f9 | a800 00b4 | 0810 88d2 | 680a abf2 
  0x0000000158547020: 2800 c0f2 | 0001 1fd6 | b6e3 7ba9 | b86f 388b | c412 4078 | 4917 048b | 2031 44a9 | 2351 40b9 
  0x0000000158547040: 621c 0012 | 886e 228b | 0281 5ff8 | 697c 1c53 | 0836 96d2 | 08bb a0f2 | 2800 c0f2 | 1e79 69f8 
  0x0000000158547060: 631d b836 | 630c a036 | 5f00 40f9 | a003 5ef8 | e000 00b4 | 0804 40f9 | 0805 00b1 | 4200 0054 
  0x0000000158547080: 0804 00f9 | 00e0 0091 | a003 1ef8 | a003 5ef8 | 800a 00b4 | 0880 5c38 | 1f2d 00f1 | 210a 0054 
  0x00000001585470a0: 0400 40f9 | 8400 00d1 | 9f08 00f1 | 0820 0091 | 2b09 0054 | 8405 40f9 | 845c 4079 | 0804 40f9 
  0x00000001585470c0: 8400 08cb | 8404 00d1 | 886e 248b | 0401 40f9 | a400 00b5 | 0808 40f9 | 0801 40b2 | 0808 00f9 
  0x00000001585470e0: 1500 0014 | 8408 40b9 | 8408 5cd2 | 0808 40f9 | 8400 08ca | 9ff4 7ef2 | e001 0054 | c401 0837 
  0x0000000158547100: 8801 00b4 | 1f05 00f1 | 4001 0054 | 8400 08ca | 0808 40f9 | 8400 08ca | 9ff4 7ef2 | c000 0054 
  0x0000000158547120: 0808 40f9 | 0801 7fb2 | 0808 00f9 | 0200 0014 | 0408 00f9 | 0400 40f9 | 8408 00d1 | 9f08 00f1 
  0x0000000158547140: 0860 0091 | 8b04 0054 | 8405 40f9 | 845c 4079 | 080c 40f9 | 8400 08cb | 8404 00d1 | 886e 248b 
  0x0000000158547160: 0401 40f9 | a400 00b5 | 0810 40f9 | 0801 40b2 | 0810 00f9 | 1500 0014 | 8408 40b9 | 8408 5cd2 
  0x0000000158547180: 0810 40f9 | 8400 08ca | 9ff4 7ef2 | e001 0054 | c401 0837 | 8801 00b4 | 1f05 00f1 | 4001 0054 
  0x00000001585471a0: 8400 08ca | 0810 40f9 | 8400 08ca | 9ff4 7ef2 | c000 0054 | 0810 40f9 | 0801 7fb2 | 0810 00f9 
  0x00000001585471c0: 0200 0014 | 0410 00f9 | 0400 40f9 | 8410 00d1 | 08a0 0091 | e003 08aa | 000c 048b | a003 1ef8 
  0x00000001585471e0: f303 0091 | b403 1ff8 | 8829 40f9 | 0001 1fd6 | 4008 40b9 | 0008 5cd2 | b803 5ef8 | 3805 00b4 
  0x0000000158547200: 030f 40f9 | 1f00 03eb | c100 0054 | 0813 40f9 | 0805 00b1 | 4200 0054 | 0813 00f9 | 1f00 0014 
  0x0000000158547220: 6302 00b4 | 0317 40f9 | 1f00 03eb | c100 0054 | 081b 40f9 | 0805 00b1 | 4200 0054 | 081b 00f9 
  0x0000000158547240: 1600 0014 | c300 00b4 | 0807 40f9 | 0805 00b1 | 4200 0054 | 0807 00f9 | 1000 0014 | 0017 00f9 
  0x0000000158547260: e303 40b2 | 031b 00f9 | 0c00 0014 | 0817 40f9 | 1f00 08eb | c100 0054 | 081b 40f9 | 0805 00b1 
  0x0000000158547280: 4200 0054 | 081b 00f9 | 0400 0014 | 000f 00f9 | e303 40b2 | 0313 00f9 | 18e3 0091 | b803 1ef8 
  0x00000001585472a0: 0c6c 2c8b | 8ce1 40f9 | a303 5ef8 | 830a 00b4 | 6880 5c38 | 1f2d 00f1 | 210a 0054 | 6400 40f9 
  0x00000001585472c0: 8400 00d1 | 9f08 00f1 | 6820 0091 | 2b09 0054 | 8405 40f9 | 845c 4079 | 6804 40f9 | 8400 08cb 
  0x00000001585472e0: 8404 00d1 | 886e 248b | 0401 40f9 | a400 00b5 | 6808 40f9 | 0801 40b2 | 6808 00f9 | 1500 0014 
  0x0000000158547300: 8408 40b9 | 8408 5cd2 | 6808 40f9 | 8400 08ca | 9ff4 7ef2 | e001 0054 | c401 0837 | 8801 00b4 
  0x0000000158547320: 1f05 00f1 | 4001 0054 | 8400 08ca | 6808 40f9 | 8400 08ca | 9ff4 7ef2 | c000 0054 | 6808 40f9 
  0x0000000158547340: 0801 7fb2 | 6808 00f9 | 0200 0014 | 6408 00f9 | 6400 40f9 | 8408 00d1 | 9f08 00f1 | 6860 0091 
  0x0000000158547360: 8b04 0054 | 8405 40f9 | 845c 4079 | 680c 40f9 | 8400 08cb | 8404 00d1 | 886e 248b | 0401 40f9 
  0x0000000158547380: a400 00b5 | 6810 40f9 | 0801 40b2 | 6810 00f9 | 1500 0014 | 8408 40b9 | 8408 5cd2 | 6810 40f9 
  0x00000001585473a0: 8400 08ca | 9ff4 7ef2 | e001 0054 | c401 0837 | 8801 00b4 | 1f05 00f1 | 4001 0054 | 8400 08ca 
  0x00000001585473c0: 6810 40f9 | 8400 08ca | 9ff4 7ef2 | c000 0054 | 6810 40f9 | 0801 7fb2 | 6810 00f9 | 0200 0014 
  0x00000001585473e0: 6410 00f9 | 6400 40f9 | 8410 00d1 | 68a0 0091 | e303 08aa | 630c 048b | a303 1ef8 | f303 0091 
  0x0000000158547400: b403 1ff8 | 8829 40f9 | 0001 1fd6 | 830f a036 | 4308 40b9 | 6308 5cd2 | 7f00 00eb | e002 0054 
  0x0000000158547420: 0414 40b9 | 6868 64f8 | 1f00 08eb | 6002 0054 | 9f80 00f1 | 0102 0054 | e217 bfa9 | 6514 40f9 
  0x0000000158547440: a200 40b9 | a520 0091 | ff63 3feb | c200 00b4 | a884 40f8 | 1f00 08eb | 6000 0054 | 4204 00d1 
  0x0000000158547460: 82ff ffb5 | e217 c1a8 | 6100 0054 | 6010 00f9 | 0200 0014 | 2b01 0014 | a003 5ef8 | e000 00b4 
  0x0000000158547480: 0804 40f9 | 0805 00b1 | 4200 0054 | 0804 00f9 | 00e0 0091 | a003 1ef8 | a003 5ef8 | 800a 00b4 
  0x00000001585474a0: 0880 5c38 | 1f2d 00f1 | 210a 0054 | 0400 40f9 | 8400 00d1 | 9f08 00f1 | 0820 0091 | 2b09 0054 
  0x00000001585474c0: 8405 40f9 | 845c 4079 | 0804 40f9 | 8400 08cb | 8404 00d1 | 886e 248b | 0401 40f9 | a400 00b5 
  0x00000001585474e0: 0808 40f9 | 0801 40b2 | 0808 00f9 | 1500 0014 | 8408 40b9 | 8408 5cd2 | 0808 40f9 | 8400 08ca 
  0x0000000158547500: 9ff4 7ef2 | e001 0054 | c401 0837 | 8801 00b4 | 1f05 00f1 | 4001 0054 | 8400 08ca | 0808 40f9 
  0x0000000158547520: 8400 08ca | 9ff4 7ef2 | c000 0054 | 0808 40f9 | 0801 7fb2 | 0808 00f9 | 0200 0014 | 0408 00f9 
  0x0000000158547540: 0400 40f9 | 8408 00d1 | 9f08 00f1 | 0860 0091 | 8b04 0054 | 8405 40f9 | 845c 4079 | 080c 40f9 
  0x0000000158547560: 8400 08cb | 8404 00d1 | 886e 248b | 0401 40f9 | a400 00b5 | 0810 40f9 | 0801 40b2 | 0810 00f9 
  0x0000000158547580: 1500 0014 | 8408 40b9 | 8408 5cd2 | 0810 40f9 | 8400 08ca | 9ff4 7ef2 | e001 0054 | c401 0837 
  0x00000001585475a0: 8801 00b4 | 1f05 00f1 | 4001 0054 | 8400 08ca | 0810 40f9 | 8400 08ca | 9ff4 7ef2 | c000 0054 
  0x00000001585475c0: 0810 40f9 | 0801 7fb2 | 0810 00f9 | 0200 0014 | 0410 00f9 | 0400 40f9 | 8410 00d1 | 08a0 0091 
  0x00000001585475e0: e003 08aa | 000c 048b | a003 1ef8 | f303 0091 | b403 1ff8 | 8829 40f9 | 0001 1fd6 | b803 5cf8 
  0x0000000158547600: b86f 388b | 4308 40b9 | 6308 5cd2 | f003 0caa | 6da0 40b9 | 6d6c 2d8b | ad01 0791 | a901 40f9 
  0x0000000158547620: 1f00 09eb | a000 0054 | c917 00b4 | a90d 41f8 | 1f00 09eb | a1ff ff54 | ad03 5ef8 | 2d05 00b4 
  0x0000000158547640: b30d 40f9 | 7f00 13eb | c100 0054 | a811 40f9 | 0805 00b1 | 4200 0054 | a811 00f9 | 1f00 0014 
  0x0000000158547660: 7302 00b4 | b315 40f9 | 7f00 13eb | c100 0054 | a819 40f9 | 0805 00b1 | 4200 0054 | a819 00f9 
  0x0000000158547680: 1600 0014 | d300 00b4 | a805 40f9 | 0805 00b1 | 4200 0054 | a805 00f9 | 1000 0014 | a315 00f9 
  0x00000001585476a0: f303 40b2 | b319 00f9 | 0c00 0014 | a815 40f9 | 7f00 08eb | c100 0054 | a819 40f9 | 0805 00b1 
  0x00000001585476c0: 4200 0054 | a819 00f9 | 0400 0014 | a30d 00f9 | f303 40b2 | b311 00f9 | ade1 0091 | ad03 1ef8 
  0x00000001585476e0: 8005 40f9 | 0004 40f9 | 000c 40f9 | 8c2d 40b9 | 8c29 0011 | ec03 0c4b | f803 03aa | 0da3 40b9 
  0x0000000158547700: 0d6f 2d8b | ad01 0791 | 186f 2c8b | ac01 40f9 | 1f00 0ceb | a000 0054 | 4c10 00b4 | ac0d 41f8 
  0x0000000158547720: 1f00 0ceb | a1ff ff54 | ad09 40b9 | 0c4b 6df8 | ac0b 00b4 | a303 5ef8 | 830a 00b4 | 6880 5c38 
  0x0000000158547740: 1f2d 00f1 | 210a 0054 | 6d00 40f9 | ad01 00d1 | bf09 00f1 | 6820 0091 | 2b09 0054 | 8d05 40f9 
  0x0000000158547760: ad5d 4079 | 6804 40f9 | ad01 08cb | ad05 00d1 | 886e 2d8b | 0d01 40f9 | ad00 00b5 | 6808 40f9 
  0x0000000158547780: 0801 40b2 | 6808 00f9 | 1500 0014 | ad09 40b9 | ad09 5cd2 | 6808 40f9 | ad01 08ca | bff5 7ef2 
  0x00000001585477a0: e001 0054 | cd01 0837 | 8801 00b4 | 1f05 00f1 | 4001 0054 | ad01 08ca | 6808 40f9 | ad01 08ca 
  0x00000001585477c0: bff5 7ef2 | c000 0054 | 6808 40f9 | 0801 7fb2 | 6808 00f9 | 0200 0014 | 6d08 00f9 | 6d00 40f9 
  0x00000001585477e0: ad09 00d1 | bf09 00f1 | 6860 0091 | 8b04 0054 | 8d05 40f9 | ad5d 4079 | 680c 40f9 | ad01 08cb 
  0x0000000158547800: ad05 00d1 | 886e 2d8b | 0d01 40f9 | ad00 00b5 | 6810 40f9 | 0801 40b2 | 6810 00f9 | 1500 0014 
  0x0000000158547820: ad09 40b9 | ad09 5cd2 | 6810 40f9 | ad01 08ca | bff5 7ef2 | e001 0054 | cd01 0837 | 8801 00b4 
  0x0000000158547840: 1f05 00f1 | 4001 0054 | ad01 08ca | 6810 40f9 | ad01 08ca | bff5 7ef2 | c000 0054 | 6810 40f9 
  0x0000000158547860: 0801 7fb2 | 6810 00f9 | 0200 0014 | 6d10 00f9 | 6d00 40f9 | ad11 00d1 | 68a0 0091 | e303 08aa 
  0x0000000158547880: 630c 0d8b | a303 1ef8 | f303 0091 | b403 1ff8 | 8829 40f9 | 0001 1fd6 | c1d5 bbd4 | e15d bb05 
  0x00000001585478a0: 0100 0000 | b6e3 7ba9 | b86f 388b | e203 10aa | e103 03aa | b683 1bf8 | e003 1caa | 2801 0010 
  0x00000001585478c0: 88d3 01f9 | 94cf 01f9 | 9dd7 01f9 | e833 bfa9 | 885e 8cd2 | 08ad a0f2 | 2800 c0f2 | 0001 3fd6 
  0x00000001585478e0: e833 c1a8 | feff ff10 | 9fcf 01f9 | 9fd7 01f9 | 9fd3 01f9 | 8807 40f9 | a800 00b4 | 0810 88d2 
  0x0000000158547900: 680a abf2 | 2800 c0f2 | 0001 1fd6 | b6e3 7ba9 | b86f 388b | c1d5 bbd4 | e15d bb05 | 0100 0000 
  0x0000000158547920: b6e3 7ba9 | b86f 388b | e203 00aa | e103 03aa | b683 1bf8 | e003 1caa | 2801 0010 | 88d3 01f9 
  0x0000000158547940: 94cf 01f9 | 9dd7 01f9 | e833 bfa9 | 88a2 8cd2 | 08ad a0f2 | 2800 c0f2 | 0001 3fd6 | e833 c1a8 
  0x0000000158547960: feff ff10 | 9fcf 01f9 | 9fd7 01f9 | 9fd3 01f9 | 8807 40f9 | a800 00b4 | 0810 88d2 | 680a abf2 
  0x0000000158547980: 2800 c0f2 | 0001 1fd6 | b6e3 7ba9 | b86f 388b | c1d5 bbd4 | e15d bb05 | 0100 0000 | 1f20 03d5 
[/MachCode]

Compiled method (c1) 13101 5373       3       org.apache.logging.log4j.spi.AbstractLogger::logMessage (32 bytes)
 total in heap  [0x00000001519cb710,0x00000001519cbdd8] = 1736
 relocation     [0x00000001519cb860,0x00000001519cb8d0] = 112
 main code      [0x00000001519cb900,0x00000001519cbbf0] = 752
 stub code      [0x00000001519cbbf0,0x00000001519cbc98] = 168
 oops           [0x00000001519cbc98,0x00000001519cbca0] = 8
 metadata       [0x00000001519cbca0,0x00000001519cbcc8] = 40
 scopes data    [0x00000001519cbcc8,0x00000001519cbd38] = 112
 scopes pcs     [0x00000001519cbd38,0x00000001519cbdb8] = 128
 dependencies   [0x00000001519cbdb8,0x00000001519cbdc0] = 8
 nul chk table  [0x00000001519cbdc0,0x00000001519cbdd8] = 24

[Constant Pool (empty)]

[MachCode]
[Entry Point]
  # {method} {0x0000000140911c88} 'logMessage' '(Ljava/lang/String;Lorg/apache/logging/log4j/Level;Lorg/apache/logging/log4j/Marker;Ljava/lang/String;[Ljava/lang/Object;)V' in 'org/apache/logging/log4j/spi/AbstractLogger'
  # this:     c_rarg1:c_rarg1 
                        = 'org/apache/logging/log4j/spi/AbstractLogger'
  # parm0:    c_rarg2:c_rarg2 
                        = 'java/lang/String'
  # parm1:    c_rarg3:c_rarg3 
                        = 'org/apache/logging/log4j/Level'
  # parm2:    c_rarg4:c_rarg4 
                        = 'org/apache/logging/log4j/Marker'
  # parm3:    c_rarg5:c_rarg5 
                        = 'java/lang/String'
  # parm4:    c_rarg6:c_rarg6 
                        = '[Ljava/lang/Object;'
  #           [sp+0x80]  (sp of caller)
  0x00000001519cb900: 2808 40b9 | 3f01 086b | c001 0054 

  0x00000001519cb90c: ;   {runtime_call ic_miss_stub}
  0x00000001519cb90c: 5d91 ae15 | 1f20 03d5 | 1f20 03d5 | 1f20 03d5 | 1f20 03d5 | 1f20 03d5 | 1f20 03d5 | 1f20 03d5 
  0x00000001519cb92c: 1f20 03d5 | 1f20 03d5 | 1f20 03d5 | 1f20 03d5 | 1f20 03d5 
[Verified Entry Point]
  0x00000001519cb940: 1f20 03d5 | e953 40d1 | 3f01 00f9 | ff03 02d1 | fd7b 07a9 | 2801 0018 | 8923 40b9 | 1f01 09eb 
  0x00000001519cb960: e000 0054 | 0830 93d2 | e80a abf2 | 2800 c0f2 | 0001 3fd6 | 0200 0014 | 0b00 0000 

  0x00000001519cb97c: ;   {metadata(method data for {method} {0x0000000140911c88} 'logMessage' '(Ljava/lang/String;Lorg/apache/logging/log4j/Level;Lorg/apache/logging/log4j/Marker;Ljava/lang/String;[Ljava/lang/Object;)V' in 'org/apache/logging/log4j/spi/AbstractLogger')}
  0x00000001519cb97c: 0098 90d2 | a04a a8f2 | 2000 c0f2 | 07ac 40b9 | e708 0011 | 07ac 00b9 | e724 1f12 | ff00 0071 
  0x00000001519cb99c: 4010 0054 | e393 04a9 | e223 00f9 | 2010 40b9 | 00f0 7dd3 

  0x00000001519cb9b0: ; implicit exception: dispatches to 0x00000001519cbbc4
  0x00000001519cb9b0: 1f00 40f9 | e703 00aa 

  0x00000001519cb9b8: ;   {metadata(method data for {method} {0x0000000140911c88} 'logMessage' '(Ljava/lang/String;Lorg/apache/logging/log4j/Level;Lorg/apache/logging/log4j/Marker;Ljava/lang/String;[Ljava/lang/Object;)V' in 'org/apache/logging/log4j/spi/AbstractLogger')}
  0x00000001519cb9b8: 0a98 90d2 | aa4a a8f2 | 2a00 c0f2 | e708 40b9 | e708 5cd2 | 4901 0491 | 2801 40f9 | ff00 08eb 
  0x00000001519cb9d8: a100 0054 | 4885 40f9 | 0805 0091 | 4885 00f9 | 1c00 0014 | 4941 0491 | 2801 40f9 | ff00 08eb 
  0x00000001519cb9f8: a100 0054 | 488d 40f9 | 0805 0091 | 488d 00f9 | 1400 0014 | 4901 0491 | 2801 40f9 | c800 00b5 
  0x00000001519cba18: 2701 00f9 | e803 40b2 | 4921 0491 | 2801 00f9 | 0c00 0014 | 4941 0491 | 2801 40f9 | c800 00b5 
  0x00000001519cba38: 2701 00f9 | e803 40b2 | 4961 0491 | 2801 00f9 | 0400 0014 | 4879 40f9 | 0805 0091 | 4879 00f9 
  0x00000001519cba58: e203 05aa | e303 06aa | e11f 00f9 | e103 00aa | 0982 97d2 | a922 a0f2 | 090e c0f2 

  0x00000001519cba74: ; ImmutableOopMap {[56]=Oop [64]=Oop [72]=Oop [80]=Oop }
                      ;*invokeinterface newMessage {reexecute=0 rethrow=0 return_oop=0}
                      ; - org.apache.logging.log4j.spi.AbstractLogger::logMessage@8 (line 2547)
                      ;   {virtual_call}
  0x00000001519cba74: 9301 0094 

  0x00000001519cba78: ;   {other}
  0x00000001519cba78: 1f20 03d5 | 1f6d 80f2 | 1f00 80f2 

  0x00000001519cba84: ; implicit exception: dispatches to 0x00000001519cbbc8
  0x00000001519cba84: 1f00 40f9 | e103 00aa 

  0x00000001519cba8c: ;   {metadata(method data for {method} {0x0000000140911c88} 'logMessage' '(Ljava/lang/String;Lorg/apache/logging/log4j/Level;Lorg/apache/logging/log4j/Marker;Ljava/lang/String;[Ljava/lang/Object;)V' in 'org/apache/logging/log4j/spi/AbstractLogger')}
  0x00000001519cba8c: 0298 90d2 | a24a a8f2 | 2200 c0f2 | 2108 40b9 | 2108 5cd2 | 49e0 0491 | 2801 40f9 | 3f00 08eb 
  0x00000001519cbaac: a100 0054 | 48a0 40f9 | 0805 0091 | 48a0 00f9 | 1c00 0014 | 4920 0591 | 2801 40f9 | 3f00 08eb 
  0x00000001519cbacc: a100 0054 | 48a8 40f9 | 0805 0091 | 48a8 00f9 | 1400 0014 | 49e0 0491 | 2801 40f9 | c800 00b5 
  0x00000001519cbaec: 2101 00f9 | e803 40b2 | 4900 0591 | 2801 00f9 | 0c00 0014 | 4920 0591 | 2801 40f9 | c800 00b5 
  0x00000001519cbb0c: 2101 00f9 | e803 40b2 | 4940 0591 | 2801 00f9 | 0400 0014 | 4894 40f9 | 0805 0091 | 4894 00f9 
  0x00000001519cbb2c: e103 00aa | e02f 00f9 | 093e 9ad2 | a922 a0f2 | 090e c0f2 

  0x00000001519cbb40: ; ImmutableOopMap {[56]=Oop [64]=Oop [72]=Oop [80]=Oop [88]=Oop }
                      ;*invokeinterface getThrowable {reexecute=0 rethrow=0 return_oop=0}
                      ; - org.apache.logging.log4j.spi.AbstractLogger::logMessage@23 (line 2548)
                      ;   {virtual_call}
  0x00000001519cbb40: 50b4 c995 

  0x00000001519cbb44: ;   {other}
  0x00000001519cbb44: 1f20 03d5 | 9f86 80f2 | 1f20 80f2 | e11f 40f9 

  0x00000001519cbb54: ;   {metadata(method data for {method} {0x0000000140911c88} 'logMessage' '(Ljava/lang/String;Lorg/apache/logging/log4j/Level;Lorg/apache/logging/log4j/Marker;Ljava/lang/String;[Ljava/lang/Object;)V' in 'org/apache/logging/log4j/spi/AbstractLogger')}
  0x00000001519cbb54: 0298 90d2 | a24a a8f2 | 2200 c0f2 | 48b0 40f9 | 0805 0091 | 48b0 00f9 | e20f 44a9 | e417 45a9 
  0x00000001519cbb74: e603 00aa | e11f 40f9 

  0x00000001519cbb7c: ; ImmutableOopMap {}
                      ;*invokevirtual logMessageSafely {reexecute=0 rethrow=0 return_oop=0}
                      ; - org.apache.logging.log4j.spi.AbstractLogger::logMessage@28 (line 2548)
                      ;   {optimized virtual_call}
  0x00000001519cbb7c: 6527 d195 

  0x00000001519cbb80: ;   {other}
  0x00000001519cbb80: 1f20 03d5 | 1f8e 80f2 | 1f40 80f2 | fd7b 47a9 | ff03 0291 

  0x00000001519cbb94: ;   {poll_return}
  0x00000001519cbb94: 8827 42f9 | ff63 28eb | 8801 0054 | c003 5fd6 

  0x00000001519cbba4: ;   {metadata({method} {0x0000000140911c88} 'logMessage' '(Ljava/lang/String;Lorg/apache/logging/log4j/Level;Lorg/apache/logging/log4j/Marker;Ljava/lang/String;[Ljava/lang/Object;)V' in 'org/apache/logging/log4j/spi/AbstractLogger')}
  0x00000001519cbba4: 0891 83d2 | 2812 a8f2 | 2800 c0f2 | e807 00f9 | 0800 8092 | e803 00f9 

  0x00000001519cbbbc: ; ImmutableOopMap {c_rarg1=Oop c_rarg2=Oop c_rarg3=Oop c_rarg4=Oop c_rarg5=Oop c_rarg6=Oop }
                      ;*synchronization entry
                      ; - org.apache.logging.log4j.spi.AbstractLogger::logMessage@-1 (line 2547)
                      ;   {runtime_call counter_overflow Runtime1 stub}
  0x00000001519cbbbc: 7101 b295 | 78ff ff17 

  0x00000001519cbbc4: ; ImmutableOopMap {c_rarg1=Oop c_rarg5=Oop c_rarg6=Oop c_rarg0=Oop [64]=Oop [72]=Oop [80]=Oop }
                      ;*invokeinterface newMessage {reexecute=0 rethrow=0 return_oop=0}
                      ; - org.apache.logging.log4j.spi.AbstractLogger::logMessage@8 (line 2547)
                      ;   {runtime_call throw_null_pointer_exception Runtime1 stub}
  0x00000001519cbbc4: afee b195 

  0x00000001519cbbc8: ; ImmutableOopMap {c_rarg0=Oop [56]=Oop [64]=Oop [72]=Oop [80]=Oop }
                      ;*invokeinterface getThrowable {reexecute=0 rethrow=0 return_oop=0}
                      ; - org.apache.logging.log4j.spi.AbstractLogger::logMessage@23 (line 2548)
                      ;   {runtime_call throw_null_pointer_exception Runtime1 stub}
  0x00000001519cbbc8: aeee b195 

  0x00000001519cbbcc: ;   {internal_word}
  0x00000001519cbbcc: 48fe ff10 | 8833 02f9 

  0x00000001519cbbd4: ;   {runtime_call SafepointBlob}
  0x00000001519cbbd4: 4bab ae15 | 807f 42f9 | 9f7f 02f9 | 9f83 02f9 | fd7b 47a9 | ff03 0291 

  0x00000001519cbbec: ;   {runtime_call unwind_exception Runtime1 stub}
  0x00000001519cbbec: e5ea b115 
[Stub Code]
  0x00000001519cbbf0: ;   {no_reloc}
  0x00000001519cbbf0: df3f 03d5 

  0x00000001519cbbf4: ;   {metadata(nullptr)}
  0x00000001519cbbf4: 0c00 80d2 | 0c00 a0f2 | 0c00 c0f2 | 0800 80d2 | 0800 a0f2 | 0800 c0f2 | 0001 1fd6 

  0x00000001519cbc10: ;   {trampoline_stub}
  0x00000001519cbc10: 4800 0058 | 0001 1fd6 | c0c0 9c51 | 0100 0000 

  0x00000001519cbc20: ;   {static_stub}
  0x00000001519cbc20: df3f 03d5 

  0x00000001519cbc24: ;   {metadata(nullptr)}
  0x00000001519cbc24: 0c00 80d2 | 0c00 a0f2 | 0c00 c0f2 | 0800 80d2 | 0800 a0f2 | 0800 c0f2 | 0001 1fd6 

  0x00000001519cbc40: ;   {trampoline_stub}
  0x00000001519cbc40: 4800 0058 | 0001 1fd6 | 808c c358 | 0100 0000 

  0x00000001519cbc50: ;   {trampoline_stub}
  0x00000001519cbc50: 4800 0058 | 0001 1fd6 | 1059 e158 | 0100 0000 

  0x00000001519cbc60: ;   {static_stub}
  0x00000001519cbc60: df3f 03d5 

  0x00000001519cbc64: ;   {metadata(nullptr)}
  0x00000001519cbc64: 0c00 80d2 | 0c00 a0f2 | 0c00 c0f2 | 0800 80d2 | 0800 a0f2 | 0800 c0f2 | 0001 1fd6 
[Exception Handler]
  0x00000001519cbc80: ;   {runtime_call handle_exception_from_callee Runtime1 stub}
  0x00000001519cbc80: 00f6 b195 | c1d5 bbd4 | e15d bb05 | 0100 0000 
[Deopt Handler Code]
  0x00000001519cbc90: 1e00 0010 

  0x00000001519cbc94: ;   {runtime_call DeoptimizationBlob}
  0x00000001519cbc94: ebab ae15 
[/MachCode]


Compiled method (c1) 13108 5174       3       org.apache.logging.log4j.spi.AbstractLogger::logIfEnabled (25 bytes)
 total in heap  [0x000000015194a490,0x000000015194aa68] = 1496
 relocation     [0x000000015194a5e0,0x000000015194a638] = 88
 main code      [0x000000015194a640,0x000000015194a918] = 728
 stub code      [0x000000015194a918,0x000000015194a990] = 120
 oops           [0x000000015194a990,0x000000015194a998] = 8
 metadata       [0x000000015194a998,0x000000015194a9c8] = 48
 scopes data    [0x000000015194a9c8,0x000000015194aa10] = 72
 scopes pcs     [0x000000015194aa10,0x000000015194aa60] = 80
 dependencies   [0x000000015194aa60,0x000000015194aa68] = 8

[Constant Pool (empty)]

[MachCode]
[Entry Point]
  # {method} {0x0000000140910458} 'logIfEnabled' '(Ljava/lang/String;Lorg/apache/logging/log4j/Level;Lorg/apache/logging/log4j/Marker;Ljava/lang/String;[Ljava/lang/Object;)V' in 'org/apache/logging/log4j/spi/AbstractLogger'
  # this:     c_rarg1:c_rarg1 
                        = 'org/apache/logging/log4j/spi/AbstractLogger'
  # parm0:    c_rarg2:c_rarg2 
                        = 'java/lang/String'
  # parm1:    c_rarg3:c_rarg3 
                        = 'org/apache/logging/log4j/Level'
  # parm2:    c_rarg4:c_rarg4 
                        = 'org/apache/logging/log4j/Marker'
  # parm3:    c_rarg5:c_rarg5 
                        = 'java/lang/String'
  # parm4:    c_rarg6:c_rarg6 
                        = '[Ljava/lang/Object;'
  #           [sp+0x80]  (sp of caller)
  0x000000015194a640: 2808 40b9 | 3f01 086b | c001 0054 

  0x000000015194a64c: ;   {runtime_call ic_miss_stub}
  0x000000015194a64c: 0d96 b015 | 1f20 03d5 | 1f20 03d5 | 1f20 03d5 | 1f20 03d5 | 1f20 03d5 | 1f20 03d5 | 1f20 03d5 
  0x000000015194a66c: 1f20 03d5 | 1f20 03d5 | 1f20 03d5 | 1f20 03d5 | 1f20 03d5 
[Verified Entry Point]
  0x000000015194a680: 1f20 03d5 | e953 40d1 | 3f01 00f9 | ff03 02d1 | fd7b 07a9 | 2801 0018 | 8923 40b9 | 1f01 09eb 
  0x000000015194a6a0: e000 0054 | 0830 93d2 | e80a abf2 | 2800 c0f2 | 0001 3fd6 | 0200 0014 | 0b00 0000 

  0x000000015194a6bc: ;   {metadata(method data for {method} {0x0000000140910458} 'logIfEnabled' '(Ljava/lang/String;Lorg/apache/logging/log4j/Level;Lorg/apache/logging/log4j/Marker;Ljava/lang/String;[Ljava/lang/Object;)V' in 'org/apache/logging/log4j/spi/AbstractLogger')}
  0x000000015194a6bc: 005b 90d2 | a04a a8f2 | 2000 c0f2 | 07ac 40b9 | e708 0011 | 07ac 00b9 | e724 1f12 | ff00 0071 
  0x000000015194a6dc: c00f 0054 | e223 00f9 | e003 01aa 

  0x000000015194a6e8: ;   {metadata(method data for {method} {0x0000000140910458} 'logIfEnabled' '(Ljava/lang/String;Lorg/apache/logging/log4j/Level;Lorg/apache/logging/log4j/Marker;Ljava/lang/String;[Ljava/lang/Object;)V' in 'org/apache/logging/log4j/spi/AbstractLogger')}
  0x000000015194a6e8: 075b 90d2 | a74a a8f2 | 2700 c0f2 | 0008 40b9 | 0008 5cd2 | e900 0491 | 2801 40f9 | 1f00 08eb 
  0x000000015194a708: a100 0054 | e884 40f9 | 0805 0091 | e884 00f9 | 1c00 0014 | e940 0491 | 2801 40f9 | 1f00 08eb 
  0x000000015194a728: a100 0054 | e88c 40f9 | 0805 0091 | e88c 00f9 | 1400 0014 | e900 0491 | 2801 40f9 | c800 00b5 
  0x000000015194a748: 2001 00f9 | e803 40b2 | e920 0491 | 2801 00f9 | 0c00 0014 | e940 0491 | 2801 40f9 | c800 00b5 
  0x000000015194a768: 2001 00f9 | e803 40b2 | e960 0491 | 2801 00f9 | 0400 0014 | e878 40f9 | 0805 0091 | e878 00f9 
  0x000000015194a788: e203 03aa | e327 00f9 | e303 04aa | e42b 00f9 | e403 05aa | e52f 00f9 | e503 06aa | ec03 01aa 
  0x000000015194a7a8: e103 0caa | e633 00f9 | ec1f 00f9 | 0904 8ad2 | a924 a0f2 | 090e c0f2 

  0x000000015194a7c0: ; ImmutableOopMap {[56]=Oop [64]=Oop [72]=Oop [80]=Oop [88]=Oop [96]=Oop }
                      ;*invokevirtual isEnabled {reexecute=0 rethrow=0 return_oop=0}
                      ; - org.apache.logging.log4j.spi.AbstractLogger::logIfEnabled@7 (line 2310)
                      ;   {virtual_call}
  0x000000015194a7c0: 2001 0094 

  0x000000015194a7c4: ;   {other}
  0x000000015194a7c4: 1f20 03d5 | 9f66 80f2 | 1f00 80f2 | 1f00 0071 

  0x000000015194a7d4: ;   {metadata(method data for {method} {0x0000000140910458} 'logIfEnabled' '(Ljava/lang/String;Lorg/apache/logging/log4j/Level;Lorg/apache/logging/log4j/Marker;Ljava/lang/String;[Ljava/lang/Object;)V' in 'org/apache/logging/log4j/spi/AbstractLogger')}
  0x000000015194a7d4: 025b 90d2 | a24a a8f2 | 2200 c0f2 | 0825 80d2 | 0927 80d2 | 0301 899a | 4468 63f8 | 8404 0091 
  0x000000015194a7f4: 4468 23f8 | 2006 0054 | e59b 45a9 | e393 44a9 | e18b 43a9 | e003 01aa 

  0x000000015194a80c: ;   {metadata(method data for {method} {0x0000000140910458} 'logIfEnabled' '(Ljava/lang/String;Lorg/apache/logging/log4j/Level;Lorg/apache/logging/log4j/Marker;Ljava/lang/String;[Ljava/lang/Object;)V' in 'org/apache/logging/log4j/spi/AbstractLogger')}
  0x000000015194a80c: 075b 90d2 | a74a a8f2 | 2700 c0f2 | 0008 40b9 | 0008 5cd2 | e960 0591 | 2801 40f9 | 1f00 08eb 
  0x000000015194a82c: a100 0054 | e8b0 40f9 | 0805 0091 | e8b0 00f9 | 1c00 0014 | e9a0 0591 | 2801 40f9 | 1f00 08eb 
  0x000000015194a84c: a100 0054 | e8b8 40f9 | 0805 0091 | e8b8 00f9 | 1400 0014 | e960 0591 | 2801 40f9 | c800 00b5 
  0x000000015194a86c: 2001 00f9 | e803 40b2 | e980 0591 | 2801 00f9 | 0c00 0014 | e9a0 0591 | 2801 40f9 | c800 00b5 
  0x000000015194a88c: 2001 00f9 | e803 40b2 | e9c0 0591 | 2801 00f9 | 0400 0014 | e8a4 40f9 | 0805 0091 | e8a4 00f9 
  0x000000015194a8ac: ; ImmutableOopMap {}
                      ;*invokevirtual logMessage {reexecute=0 rethrow=0 return_oop=0}
                      ; - org.apache.logging.log4j.spi.AbstractLogger::logIfEnabled@21 (line 2311)
                      ;   {optimized virtual_call}
  0x000000015194a8ac: 2504 0294 

  0x000000015194a8b0: ;   {other}
  0x000000015194a8b0: 1f20 03d5 | 1f84 80f2 | 1f20 80f2 | fd7b 47a9 | ff03 0291 

  0x000000015194a8c4: ;   {poll_return}
  0x000000015194a8c4: 8827 42f9 | ff63 28eb | 4801 0054 | c003 5fd6 

  0x000000015194a8d4: ;   {metadata({method} {0x0000000140910458} 'logIfEnabled' '(Ljava/lang/String;Lorg/apache/logging/log4j/Level;Lorg/apache/logging/log4j/Marker;Ljava/lang/String;[Ljava/lang/Object;)V' in 'org/apache/logging/log4j/spi/AbstractLogger')}
  0x000000015194a8d4: 088b 80d2 | 2812 a8f2 | 2800 c0f2 | e807 00f9 | 0800 8092 | e803 00f9 

  0x000000015194a8ec: ; ImmutableOopMap {c_rarg1=Oop c_rarg2=Oop c_rarg3=Oop c_rarg4=Oop c_rarg5=Oop c_rarg6=Oop }
                      ;*synchronization entry
                      ; - org.apache.logging.log4j.spi.AbstractLogger::logIfEnabled@-1 (line 2310)
                      ;   {runtime_call counter_overflow Runtime1 stub}
  0x000000015194a8ec: 2506 b495 | 7cff ff17 

  0x000000015194a8f4: ;   {internal_word}
  0x000000015194a8f4: 88fe ff10 | 8833 02f9 

  0x000000015194a8fc: ;   {runtime_call SafepointBlob}
  0x000000015194a8fc: 01b0 b015 | 807f 42f9 | 9f7f 02f9 | 9f83 02f9 | fd7b 47a9 | ff03 0291 

  0x000000015194a914: ;   {runtime_call unwind_exception Runtime1 stub}
  0x000000015194a914: 9bef b315 
[Stub Code]
  0x000000015194a918: ;   {no_reloc}
  0x000000015194a918: df3f 03d5 

  0x000000015194a91c: ;   {metadata(nullptr)}
  0x000000015194a91c: 0c00 80d2 | 0c00 a0f2 | 0c00 c0f2 | 0800 80d2 | 0800 a0f2 | 0800 c0f2 | 0001 1fd6 

  0x000000015194a938: ;   {trampoline_stub}
  0x000000015194a938: 4800 0058 | 0001 1fd6 | 40ac 9451 | 0100 0000 

  0x000000015194a948: ;   {static_stub}
  0x000000015194a948: df3f 03d5 

  0x000000015194a94c: ;   {metadata({method} {0x0000000140911c88} 'logMessage' '(Ljava/lang/String;Lorg/apache/logging/log4j/Level;Lorg/apache/logging/log4j/Marker;Ljava/lang/String;[Ljava/lang/Object;)V' in 'org/apache/logging/log4j/spi/AbstractLogger')}
  0x000000015194a94c: 0c91 83d2 | 2c12 a8f2 | 2c00 c0f2 | 889b 99d2 | c80a abf2 | 2800 c0f2 | 0001 1fd6 

  0x000000015194a968: ;   {trampoline_stub}
  0x000000015194a968: 4800 0058 | 0001 1fd6 | 40b9 9c51 | 0100 0000 
[Exception Handler]
  0x000000015194a978: ;   {runtime_call handle_exception_from_callee Runtime1 stub}
  0x000000015194a978: c2fa b395 | c1d5 bbd4 | e15d bb05 | 0100 0000 
[Deopt Handler Code]
  0x000000015194a988: 1e00 0010 

  0x000000015194a98c: ;   {runtime_call DeoptimizationBlob}
  0x000000015194a98c: adb0 b015 
[/MachCode]


---------------  P R O C E S S  ---------------

Threads class SMR info:
_java_thread_list=0x00006000025599a0, length=30, elements={
0x000000014781fe00, 0x0000000126840000, 0x000000012580a400, 0x000000012400aa00,
0x000000012683de00, 0x000000012683e600, 0x0000000147017200, 0x000000012683ee00,
0x0000000150808200, 0x0000000104811600, 0x0000000127816a00, 0x000000014706f000,
0x0000000126d60e00, 0x0000000150e4d000, 0x0000000161035400, 0x0000000146ddd600,
0x0000000126b46e00, 0x0000000126b32e00, 0x00000001475b7000, 0x0000000146de4800,
0x0000000147997800, 0x0000000146de5000, 0x00000001475b8200, 0x0000000146de5800,
0x00000001475fca00, 0x00000001475fd200, 0x0000000160889400, 0x0000000146dff000,
0x0000000146dff800, 0x0000000147e2fa00
}

Java Threads: ( => current thread )
  0x000000014781fe00 JavaThread "main"                              [_thread_blocked, id=5891, stack(0x000000016bcc8000,0x000000016becb000) (2060K)]
  0x0000000126840000 JavaThread "Reference Handler"          daemon [_thread_blocked, id=29443, stack(0x0000000175e40000,0x0000000176043000) (2060K)]
  0x000000012580a400 JavaThread "Finalizer"                  daemon [_thread_blocked, id=24323, stack(0x000000017604c000,0x000000017624f000) (2060K)]
  0x000000012400aa00 JavaThread "Signal Dispatcher"          daemon [_thread_blocked, id=24579, stack(0x0000000176258000,0x000000017645b000) (2060K)]
  0x000000012683de00 JavaThread "Service Thread"             daemon [_thread_blocked, id=24835, stack(0x0000000176464000,0x0000000176667000) (2060K)]
  0x000000012683e600 JavaThread "Monitor Deflation Thread"   daemon [_thread_blocked, id=25091, stack(0x0000000176670000,0x0000000176873000) (2060K)]
  0x0000000147017200 JavaThread "C2 CompilerThread0"         daemon [_thread_blocked, id=28419, stack(0x000000017687c000,0x0000000176a7f000) (2060K)]
  0x000000012683ee00 JavaThread "C1 CompilerThread0"         daemon [_thread_blocked, id=27907, stack(0x0000000176a88000,0x0000000176c8b000) (2060K)]
  0x0000000150808200 JavaThread "Common-Cleaner"             daemon [_thread_blocked, id=27395, stack(0x0000000176c94000,0x0000000176e97000) (2060K)]
  0x0000000104811600 JavaThread "IntelliJ Suspend Helper"    daemon [_thread_blocked, id=25859, stack(0x0000000176ea0000,0x00000001770a3000) (2060K)]
  0x0000000127816a00 JavaThread "Monitor Ctrl-Break"         daemon [_thread_in_native, id=26883, stack(0x00000001770ac000,0x00000001772af000) (2060K)]
  0x000000014706f000 JavaThread "Notification Thread"        daemon [_thread_blocked, id=26627, stack(0x00000001772b8000,0x00000001774bb000) (2060K)]
  0x0000000126d60e00 JavaThread "process reaper"             daemon [_thread_blocked, id=36871, stack(0x0000000177f00000,0x0000000177f37000) (220K)]
  0x0000000150e4d000 JavaThread "testcontainers-ryuk"        daemon [_thread_blocked, id=40199, stack(0x0000000319064000,0x0000000319267000) (2060K)]
  0x0000000161035400 JavaThread "PostgreSQL-JDBC-Cleaner"    daemon [_thread_blocked, id=40711, stack(0x0000000319270000,0x0000000319473000) (2060K)]
  0x0000000146ddd600 JavaThread "C2 CompilerThread1"         daemon [_thread_blocked, id=23559, stack(0x0000000318834000,0x0000000318a37000) (2060K)]
  0x0000000126b46e00 JavaThread "HikariPool-1 housekeeper"   daemon [_thread_blocked, id=40975, stack(0x000000031947c000,0x000000031967f000) (2060K)]
  0x0000000126b32e00 JavaThread "HikariPool-2 housekeeper"   daemon [_thread_blocked, id=37639, stack(0x0000000319688000,0x000000031988b000) (2060K)]
  0x00000001475b7000 JavaThread "HikariPool-2 connection adder" daemon [_thread_blocked, id=38151, stack(0x0000000319894000,0x0000000319a97000) (2060K)]
  0x0000000146de4800 JavaThread "pool-2-thread-1"                   [_thread_blocked, id=38403, stack(0x0000000319aa0000,0x0000000319ca3000) (2060K)]
  0x0000000147997800 JavaThread "pool-2-thread-2"                   [_thread_blocked, id=39171, stack(0x0000000319cac000,0x0000000319eaf000) (2060K)]
  0x0000000146de5000 JavaThread "pool-2-thread-3"                   [_thread_blocked, id=38915, stack(0x0000000319eb8000,0x000000031a0bb000) (2060K)]
  0x00000001475b8200 JavaThread "pool-2-thread-4"                   [_thread_blocked, id=43779, stack(0x000000031a0c4000,0x000000031a2c7000) (2060K)]
  0x0000000146de5800 JavaThread "HikariPool-1 connection adder" daemon [_thread_blocked, id=65283, stack(0x000000031a2d0000,0x000000031a4d3000) (2060K)]
  0x00000001475fca00 JavaThread "pool-2-thread-5"                   [_thread_in_Java, id=65027, stack(0x000000031a4dc000,0x000000031a6df000) (2060K)]
  0x00000001475fd200 JavaThread "pool-2-thread-6"                   [_thread_blocked, id=64515, stack(0x000000031a6e8000,0x000000031a8eb000) (2060K)]
  0x0000000160889400 JavaThread "pool-2-thread-7"                   [_thread_in_Java, id=64003, stack(0x000000031a8f4000,0x000000031aaf7000) (2060K)]
=>0x0000000146dff000 JavaThread "pool-2-thread-8"                   [_thread_in_Java, id=63491, stack(0x000000031ab00000,0x000000031ad03000) (2060K)]
  0x0000000146dff800 JavaThread "pool-2-thread-9"                   [_thread_blocked, id=62979, stack(0x000000031ad0c000,0x000000031af0f000) (2060K)]
  0x0000000147e2fa00 JavaThread "pool-2-thread-10"                  [_thread_blocked, id=62723, stack(0x000000031af18000,0x000000031b11b000) (2060K)]
Total: 30

Other Threads:
  0x0000000146605290 VMThread "VM Thread"                           [id=19459, stack(0x0000000175b1c000,0x0000000175d1f000) (2060K)]
  0x0000000127009830 WatcherThread "VM Periodic Task Thread"        [id=16899, stack(0x0000000175910000,0x0000000175b13000) (2060K)]
  0x0000000127006300 WorkerThread "GC Thread#0"                     [id=14595, stack(0x0000000174ed4000,0x00000001750d7000) (2060K)]
  0x000000010460b000 WorkerThread "GC Thread#1"                     [id=32771, stack(0x00000001774c4000,0x00000001776c7000) (2060K)]
  0x000000010460b3a0 WorkerThread "GC Thread#2"                     [id=33027, stack(0x00000001776d0000,0x00000001778d3000) (2060K)]
  0x000000012670b480 WorkerThread "GC Thread#3"                     [id=33283, stack(0x00000001778dc000,0x0000000177adf000) (2060K)]
  0x000000010fc044d0 WorkerThread "GC Thread#4"                     [id=42499, stack(0x0000000177ae8000,0x0000000177ceb000) (2060K)]
  0x000000010fc05220 WorkerThread "GC Thread#5"                     [id=33795, stack(0x0000000177cf4000,0x0000000177ef7000) (2060K)]
  0x000000012702ffe0 WorkerThread "GC Thread#6"                     [id=34307, stack(0x0000000318004000,0x0000000318207000) (2060K)]
  0x000000010fc05b80 WorkerThread "GC Thread#7"                     [id=34563, stack(0x0000000318210000,0x0000000318413000) (2060K)]
  0x000000014660d810 WorkerThread "GC Thread#8"                     [id=34819, stack(0x000000031841c000,0x000000031861f000) (2060K)]
  0x000000014660e170 WorkerThread "GC Thread#9"                     [id=35075, stack(0x0000000318628000,0x000000031882b000) (2060K)]
  0x0000000127006aa0 ConcurrentGCThread "G1 Main Marker"            [id=14339, stack(0x00000001750e0000,0x00000001752e3000) (2060K)]
  0x0000000127007410 WorkerThread "G1 Conc#0"                       [id=13315, stack(0x00000001752ec000,0x00000001754ef000) (2060K)]
  0x00000001500652d0 WorkerThread "G1 Conc#1"                       [id=35843, stack(0x0000000318c4c000,0x0000000318e4f000) (2060K)]
  0x0000000150065670 WorkerThread "G1 Conc#2"                       [id=36355, stack(0x0000000318e58000,0x000000031905b000) (2060K)]
  0x000000014781e400 ConcurrentGCThread "G1 Refine#0"               [id=13571, stack(0x00000001754f8000,0x00000001756fb000) (2060K)]
  0x0000000127007d70 ConcurrentGCThread "G1 Service"                [id=16643, stack(0x0000000175704000,0x0000000175907000) (2060K)]
Total: 18

Threads with active compile tasks:
Total: 0

VM state: not at safepoint (normal execution)

VM Mutex/Monitor currently owned by a thread: None

Heap address: 0x00000005c0000000, size: 9216 MB, Compressed Oops mode: Zero based, Oop shift amount: 3

CDS archive(s) mapped at: [0x0000007000000000-0x0000007000c90000-0x0000007000c90000), size 13172736, SharedBaseAddress: 0x0000007000000000, ArchiveRelocationMode: 1.
Compressed class space mapped at: 0x0000007001000000-0x0000007041000000, reserved size: 1073741824
Narrow klass base: 0x0000007000000000, Narrow klass shift: 0, Narrow klass range: 0x100000000

GC Precious Log:
 CardTable entry size: 512
 Card Set container configuration: InlinePtr #cards 4 size 8 Array Of Cards #cards 64 size 144 Howl #buckets 8 coarsen threshold 14745 Howl Bitmap #cards 2048 size 272 coarsen threshold 1843 Card regions per heap region 1 cards per card region 16384
 CPUs: 12 total, 12 available
 Memory: 36864M
 Large Page Support: Disabled
 NUMA Support: Disabled
 Compressed Oops: Enabled (Zero based)
 Heap Region Size: 8M
 Heap Min Capacity: 8M
 Heap Initial Capacity: 576M
 Heap Max Capacity: 9G
 Pre-touch: Disabled
 Parallel Workers: 10
 Concurrent Workers: 3
 Concurrent Refinement Workers: 10
 Periodic GC: Disabled

Heap:
 garbage-first heap   total 360448K, used 155859K [0x00000005c0000000, 0x0000000800000000)
  region size 8192K, 2 young (16384K), 1 survivors (8192K)
 Metaspace       used 42624K, committed 43136K, reserved 1114112K
  class space    used 4881K, committed 5120K, reserved 1048576K

Heap Regions: E=young(eden), S=young(survivor), O=old, HS=humongous(starts), HC=humongous(continues), CS=collection set, F=free, TAMS=top-at-mark-start, PB=parsable bottom
|   0|0x00000005c0000000, 0x00000005c0800000, 0x00000005c0800000|100%| O|  |TAMS 0x00000005c0000000| PB 0x00000005c0000000| Untracked 
|   1|0x00000005c0800000, 0x00000005c1000000, 0x00000005c1000000|100%| O|  |TAMS 0x00000005c0800000| PB 0x00000005c0800000| Untracked 
|   2|0x00000005c1000000, 0x00000005c1530a58, 0x00000005c1800000| 64%| O|  |TAMS 0x00000005c1000000| PB 0x00000005c1000000| Untracked 
|   3|0x00000005c1800000, 0x00000005c2000000, 0x00000005c2000000|100%| O|  |TAMS 0x00000005c1800000| PB 0x00000005c1800000| Untracked 
|   4|0x00000005c2000000, 0x00000005c2800000, 0x00000005c2800000|100%| O|  |TAMS 0x00000005c2000000| PB 0x00000005c2000000| Untracked 
|   5|0x00000005c2800000, 0x00000005c3000000, 0x00000005c3000000|100%| O|  |TAMS 0x00000005c2800000| PB 0x00000005c2800000| Untracked 
|   6|0x00000005c3000000, 0x00000005c3800000, 0x00000005c3800000|100%| O|  |TAMS 0x00000005c3000000| PB 0x00000005c3000000| Untracked 
|   7|0x00000005c3800000, 0x00000005c4000000, 0x00000005c4000000|100%| O|  |TAMS 0x00000005c3800000| PB 0x00000005c3800000| Untracked 
|   8|0x00000005c4000000, 0x00000005c4800000, 0x00000005c4800000|100%| O|Cm|TAMS 0x00000005c4000000| PB 0x00000005c4000000| Complete 
|   9|0x00000005c4800000, 0x00000005c5000000, 0x00000005c5000000|100%| O|  |TAMS 0x00000005c4800000| PB 0x00000005c4800000| Untracked 
|  10|0x00000005c5000000, 0x00000005c5800000, 0x00000005c5800000|100%| O|  |TAMS 0x00000005c5000000| PB 0x00000005c5000000| Untracked 
|  11|0x00000005c5800000, 0x00000005c6000000, 0x00000005c6000000|100%| O|  |TAMS 0x00000005c5800000| PB 0x00000005c5800000| Untracked 
|  12|0x00000005c6000000, 0x00000005c6800000, 0x00000005c6800000|100%| O|  |TAMS 0x00000005c6000000| PB 0x00000005c6000000| Untracked 
|  13|0x00000005c6800000, 0x00000005c7000000, 0x00000005c7000000|100%| O|  |TAMS 0x00000005c6800000| PB 0x00000005c6800000| Untracked 
|  14|0x00000005c7000000, 0x00000005c7800000, 0x00000005c7800000|100%| O|  |TAMS 0x00000005c7000000| PB 0x00000005c7000000| Untracked 
|  15|0x00000005c7800000, 0x00000005c7800000, 0x00000005c8000000|  0%| F|  |TAMS 0x00000005c7800000| PB 0x00000005c7800000| Untracked 
|  16|0x00000005c8000000, 0x00000005c826b020, 0x00000005c8800000| 30%| O|  |TAMS 0x00000005c8000000| PB 0x00000005c8000000| Untracked 
|  17|0x00000005c8800000, 0x00000005c8800000, 0x00000005c9000000|  0%| F|  |TAMS 0x00000005c8800000| PB 0x00000005c8800000| Untracked 
|  18|0x00000005c9000000, 0x00000005c9000000, 0x00000005c9800000|  0%| F|  |TAMS 0x00000005c9000000| PB 0x00000005c9000000| Untracked 
|  19|0x00000005c9800000, 0x00000005c9899548, 0x00000005ca000000|  7%| S|CS|TAMS 0x00000005c9800000| PB 0x00000005c9800000| Complete 
|  20|0x00000005ca000000, 0x00000005ca000000, 0x00000005ca800000|  0%| F|  |TAMS 0x00000005ca000000| PB 0x00000005ca000000| Untracked 
|  21|0x00000005ca800000, 0x00000005ca800000, 0x00000005cb000000|  0%| F|  |TAMS 0x00000005ca800000| PB 0x00000005ca800000| Untracked 
|  22|0x00000005cb000000, 0x00000005cb000000, 0x00000005cb800000|  0%| F|  |TAMS 0x00000005cb000000| PB 0x00000005cb000000| Untracked 
|  23|0x00000005cb800000, 0x00000005cb800000, 0x00000005cc000000|  0%| F|  |TAMS 0x00000005cb800000| PB 0x00000005cb800000| Untracked 
|  24|0x00000005cc000000, 0x00000005cc000000, 0x00000005cc800000|  0%| F|  |TAMS 0x00000005cc000000| PB 0x00000005cc000000| Untracked 
|  25|0x00000005cc800000, 0x00000005cc800000, 0x00000005cd000000|  0%| F|  |TAMS 0x00000005cc800000| PB 0x00000005cc800000| Untracked 
|  26|0x00000005cd000000, 0x00000005cd000000, 0x00000005cd800000|  0%| F|  |TAMS 0x00000005cd000000| PB 0x00000005cd000000| Untracked 
|  27|0x00000005cd800000, 0x00000005cd800000, 0x00000005ce000000|  0%| F|  |TAMS 0x00000005cd800000| PB 0x00000005cd800000| Untracked 
|  28|0x00000005ce000000, 0x00000005ce000000, 0x00000005ce800000|  0%| F|  |TAMS 0x00000005ce000000| PB 0x00000005ce000000| Untracked 
|  29|0x00000005ce800000, 0x00000005ce800000, 0x00000005cf000000|  0%| F|  |TAMS 0x00000005ce800000| PB 0x00000005ce800000| Untracked 
|  30|0x00000005cf000000, 0x00000005cf000000, 0x00000005cf800000|  0%| F|  |TAMS 0x00000005cf000000| PB 0x00000005cf000000| Untracked 
|  31|0x00000005cf800000, 0x00000005cf800000, 0x00000005d0000000|  0%| F|  |TAMS 0x00000005cf800000| PB 0x00000005cf800000| Untracked 
|  32|0x00000005d0000000, 0x00000005d0000000, 0x00000005d0800000|  0%| F|  |TAMS 0x00000005d0000000| PB 0x00000005d0000000| Untracked 
|  33|0x00000005d0800000, 0x00000005d0800000, 0x00000005d1000000|  0%| F|  |TAMS 0x00000005d0800000| PB 0x00000005d0800000| Untracked 
|  34|0x00000005d1000000, 0x00000005d1000000, 0x00000005d1800000|  0%| F|  |TAMS 0x00000005d1000000| PB 0x00000005d1000000| Untracked 
|  35|0x00000005d1800000, 0x00000005d1800000, 0x00000005d2000000|  0%| F|  |TAMS 0x00000005d1800000| PB 0x00000005d1800000| Untracked 
|  36|0x00000005d2000000, 0x00000005d2000000, 0x00000005d2800000|  0%| F|  |TAMS 0x00000005d2000000| PB 0x00000005d2000000| Untracked 
|  71|0x00000005e3800000, 0x00000005e3800000, 0x00000005e4000000|  0%| F|  |TAMS 0x00000005e3800000| PB 0x00000005e3800000| Untracked 
|1146|0x00000007fd000000, 0x00000007fd000000, 0x00000007fd800000|  0%| F|  |TAMS 0x00000007fd000000| PB 0x00000007fd000000| Untracked 
|1147|0x00000007fd800000, 0x00000007fe000000, 0x00000007fe000000|100%| O|  |TAMS 0x00000007fd800000| PB 0x00000007fd800000| Untracked 
|1148|0x00000007fe000000, 0x00000007fe800000, 0x00000007fe800000|100%| O|  |TAMS 0x00000007fe000000| PB 0x00000007fe000000| Untracked 
|1149|0x00000007fe800000, 0x00000007ff000000, 0x00000007ff000000|100%| O|  |TAMS 0x00000007fe800000| PB 0x00000007fe800000| Untracked 
|1150|0x00000007ff000000, 0x00000007ff800000, 0x00000007ff800000|100%| O|  |TAMS 0x00000007ff000000| PB 0x00000007ff000000| Untracked 
|1151|0x00000007ff800000, 0x00000007ffca3b58, 0x0000000800000000| 57%| E|  |TAMS 0x00000007ff800000| PB 0x00000007ff800000| Complete 

Card table byte_map: [0x0000000120000000,0x0000000121200000] _byte_map_base: 0x000000011d200000

Marking Bits: (CMBitMap*) 0x0000000126823610
 Bits: [0x000000016bed0000, 0x0000000174ed0000)

Polling page: 0x000000010425c000

Metaspace:

Usage:
  Non-class:     36.86 MB used.
      Class:      4.77 MB used.
       Both:     41.63 MB used.

Virtual space:
  Non-class space:       64.00 MB reserved,      37.12 MB ( 58%) committed,  1 nodes.
      Class space:        1.00 GB reserved,       5.00 MB ( <1%) committed,  1 nodes.
             Both:        1.06 GB reserved,      42.12 MB (  4%) committed. 

Chunk freelists:
   Non-Class:  10.53 MB
       Class:  10.96 MB
        Both:  21.50 MB

MaxMetaspaceSize: unlimited
CompressedClassSpaceSize: 1.00 GB
Initial GC threshold: 21.00 MB
Current GC threshold: 70.12 MB
CDS: on
 - commit_granule_bytes: 65536.
 - commit_granule_words: 8192.
 - virtual_space_node_default_size: 8388608.
 - enlarge_chunks_in_place: 1.
 - use_allocation_guard: 0.


Internal statistics:

num_allocs_failed_limit: 9.
num_arena_births: 586.
num_arena_deaths: 0.
num_vsnodes_births: 2.
num_vsnodes_deaths: 0.
num_space_committed: 674.
num_space_uncommitted: 0.
num_chunks_returned_to_freelist: 9.
num_chunks_taken_from_freelist: 1858.
num_chunk_merges: 9.
num_chunk_splits: 1217.
num_chunks_enlarged: 884.
num_inconsistent_stats: 0.

CodeHeap 'non-profiled nmethods': size=120032Kb used=3435Kb max_used=3435Kb free=116596Kb
 bounds [0x0000000158ac8000, 0x0000000158e38000, 0x0000000160000000]
CodeHeap 'profiled nmethods': size=120016Kb used=9065Kb max_used=10678Kb free=110950Kb
 bounds [0x0000000151000000, 0x0000000151a70000, 0x0000000158534000]
CodeHeap 'non-nmethods': size=5712Kb used=1462Kb max_used=1562Kb free=4249Kb
 bounds [0x0000000158534000, 0x00000001587a4000, 0x0000000158ac8000]
 total_blobs=5375 nmethods=4740 adapters=542
 compilation: enabled
              stopped_count=0, restarted_count=0
 full_count=0

Compilation events (20 events):
Event: 12.792 Thread 0x0000000146ddd600 nmethod 5763 0x0000000158bb5d10 code [0x0000000158bb5e80, 0x0000000158bb5f70]
Event: 12.792 Thread 0x0000000146ddd600 5761   !   4       org.apache.logging.log4j.spi.AbstractLogger::tryLogMessage (28 bytes)
Event: 12.798 Thread 0x0000000147017200 nmethod 5759 0x0000000158e14f10 code [0x0000000158e15900, 0x0000000158e1c188]
Event: 12.801 Thread 0x0000000147017200 5764       4       java.lang.ThreadLocal$ThreadLocalMap::getEntry (42 bytes)
Event: 12.802 Thread 0x0000000147017200 nmethod 5764 0x0000000158c6a810 code [0x0000000158c6a9c0, 0x0000000158c6ab30]
Event: 12.805 Thread 0x0000000147017200 5765       4       jdk.internal.math.FDBigInteger::rightInplaceSub (351 bytes)
Event: 12.809 Thread 0x0000000147017200 nmethod 5765 0x0000000158b6fe10 code [0x0000000158b6ffc0, 0x0000000158b704d8]
Event: 12.871 Thread 0x0000000146ddd600 nmethod 5761 0x0000000158e20190 code [0x0000000158e20980, 0x0000000158e25ba0]
Event: 12.993 Thread 0x0000000146ddd600 5766       4       java.nio.CharBuffer::limit (6 bytes)
Event: 12.994 Thread 0x0000000146ddd600 nmethod 5766 0x0000000158bee590 code [0x0000000158bee700, 0x0000000158bee810]
Event: 13.015 Thread 0x000000012683ee00 5767       3       java.lang.StackTraceElement::equals (120 bytes)
Event: 13.015 Thread 0x0000000147017200 5768       4       java.util.Objects::equals (23 bytes)
Event: 13.015 Thread 0x000000012683ee00 nmethod 5767 0x0000000151161a90 code [0x0000000151161d80, 0x0000000151162a00]
Event: 13.015 Thread 0x0000000147017200 nmethod 5768 0x0000000158be4e10 code [0x0000000158be4f80, 0x0000000158be5048]
Event: 13.029 Thread 0x0000000146ddd600 5769       4       java.util.concurrent.locks.LockSupport::setBlocker (12 bytes)
Event: 13.030 Thread 0x0000000146ddd600 nmethod 5769 0x0000000158c5c010 code [0x0000000158c5c180, 0x0000000158c5c2f0]
Event: 13.048 Thread 0x0000000147017200 5770   !   4       org.apache.logging.log4j.core.config.AppenderControl::tryCallAppender (38 bytes)
Event: 13.049 Thread 0x0000000147017200 nmethod 5770 0x0000000158d03710 code [0x0000000158d03900, 0x0000000158d03bf0]
Event: 13.073 Thread 0x0000000147017200 5771       4       java.lang.ref.ReferenceQueue::poll0 (65 bytes)
Event: 13.075 Thread 0x0000000147017200 nmethod 5771 0x0000000158c40590 code [0x0000000158c40740, 0x0000000158c40ab0]

GC Heap History (20 events):
Event: 11.252 GC heap before
{Heap before GC invocations=9 (full 0):
 garbage-first heap   total 147456K, used 87759K [0x00000005c0000000, 0x0000000800000000)
  region size 8192K, 5 young (40960K), 2 survivors (16384K)
 Metaspace       used 42127K, committed 42624K, reserved 1114112K
  class space    used 4875K, committed 5120K, reserved 1048576K
}
Event: 11.256 GC heap after
{Heap after GC invocations=10 (full 0):
 garbage-first heap   total 278528K, used 83725K [0x00000005c0000000, 0x0000000800000000)
  region size 8192K, 1 young (8192K), 1 survivors (8192K)
 Metaspace       used 42127K, committed 42624K, reserved 1114112K
  class space    used 4875K, committed 5120K, reserved 1048576K
}
Event: 11.504 GC heap before
{Heap before GC invocations=10 (full 0):
 garbage-first heap   total 278528K, used 198413K [0x00000005c0000000, 0x0000000800000000)
  region size 8192K, 16 young (131072K), 1 survivors (8192K)
 Metaspace       used 42395K, committed 42944K, reserved 1114112K
  class space    used 4878K, committed 5120K, reserved 1048576K
}
Event: 11.512 GC heap after
{Heap after GC invocations=11 (full 0):
 garbage-first heap   total 286720K, used 149195K [0x00000005c0000000, 0x0000000800000000)
  region size 8192K, 2 young (16384K), 2 survivors (16384K)
 Metaspace       used 42395K, committed 42944K, reserved 1114112K
  class space    used 4878K, committed 5120K, reserved 1048576K
}
Event: 11.666 GC heap before
{Heap before GC invocations=11 (full 0):
 garbage-first heap   total 286720K, used 206539K [0x00000005c0000000, 0x0000000800000000)
  region size 8192K, 9 young (73728K), 2 survivors (16384K)
 Metaspace       used 42558K, committed 43072K, reserved 1114112K
  class space    used 4878K, committed 5120K, reserved 1048576K
}
Event: 11.668 GC heap after
{Heap after GC invocations=12 (full 0):
 garbage-first heap   total 286720K, used 159404K [0x00000005c0000000, 0x0000000800000000)
  region size 8192K, 1 young (8192K), 1 survivors (8192K)
 Metaspace       used 42558K, committed 43072K, reserved 1114112K
  class space    used 4878K, committed 5120K, reserved 1048576K
}
Event: 11.808 GC heap before
{Heap before GC invocations=13 (full 0):
 garbage-first heap   total 286720K, used 208556K [0x00000005c0000000, 0x0000000800000000)
  region size 8192K, 8 young (65536K), 1 survivors (8192K)
 Metaspace       used 42587K, committed 43072K, reserved 1114112K
  class space    used 4878K, committed 5120K, reserved 1048576K
}
Event: 11.810 GC heap after
{Heap after GC invocations=14 (full 0):
 garbage-first heap   total 286720K, used 161346K [0x00000005c0000000, 0x0000000800000000)
  region size 8192K, 1 young (8192K), 1 survivors (8192K)
 Metaspace       used 42587K, committed 43072K, reserved 1114112K
  class space    used 4878K, committed 5120K, reserved 1048576K
}
Event: 11.947 GC heap before
{Heap before GC invocations=14 (full 0):
 garbage-first heap   total 286720K, used 218690K [0x00000005c0000000, 0x0000000800000000)
  region size 8192K, 8 young (65536K), 1 survivors (8192K)
 Metaspace       used 42598K, committed 43136K, reserved 1114112K
  class space    used 4878K, committed 5120K, reserved 1048576K
}
Event: 11.949 GC heap after
{Heap after GC invocations=15 (full 0):
 garbage-first heap   total 360448K, used 158047K [0x00000005c0000000, 0x0000000800000000)
  region size 8192K, 1 young (8192K), 1 survivors (8192K)
 Metaspace       used 42598K, committed 43136K, reserved 1114112K
  class space    used 4878K, committed 5120K, reserved 1048576K
}
Event: 12.093 GC heap before
{Heap before GC invocations=15 (full 0):
 garbage-first heap   total 360448K, used 256351K [0x00000005c0000000, 0x0000000800000000)
  region size 8192K, 14 young (114688K), 1 survivors (8192K)
 Metaspace       used 42598K, committed 43136K, reserved 1114112K
  class space    used 4878K, committed 5120K, reserved 1048576K
}
Event: 12.094 GC heap after
{Heap after GC invocations=16 (full 0):
 garbage-first heap   total 360448K, used 158016K [0x00000005c0000000, 0x0000000800000000)
  region size 8192K, 1 young (8192K), 1 survivors (8192K)
 Metaspace       used 42598K, committed 43136K, reserved 1114112K
  class space    used 4878K, committed 5120K, reserved 1048576K
}
Event: 12.263 GC heap before
{Heap before GC invocations=17 (full 0):
 garbage-first heap   total 360448K, used 264512K [0x00000005c0000000, 0x0000000800000000)
  region size 8192K, 15 young (122880K), 1 survivors (8192K)
 Metaspace       used 42601K, committed 43136K, reserved 1114112K
  class space    used 4881K, committed 5120K, reserved 1048576K
}
Event: 12.263 GC heap after
{Heap after GC invocations=18 (full 0):
 garbage-first heap   total 360448K, used 158008K [0x00000005c0000000, 0x0000000800000000)
  region size 8192K, 1 young (8192K), 1 survivors (8192K)
 Metaspace       used 42601K, committed 43136K, reserved 1114112K
  class space    used 4881K, committed 5120K, reserved 1048576K
}
Event: 12.451 GC heap before
{Heap before GC invocations=18 (full 0):
 garbage-first heap   total 360448K, used 272696K [0x00000005c0000000, 0x0000000800000000)
  region size 8192K, 16 young (131072K), 1 survivors (8192K)
 Metaspace       used 42623K, committed 43136K, reserved 1114112K
  class space    used 4881K, committed 5120K, reserved 1048576K
}
Event: 12.452 GC heap after
{Heap after GC invocations=19 (full 0):
 garbage-first heap   total 360448K, used 155751K [0x00000005c0000000, 0x0000000800000000)
  region size 8192K, 1 young (8192K), 1 survivors (8192K)
 Metaspace       used 42623K, committed 43136K, reserved 1114112K
  class space    used 4881K, committed 5120K, reserved 1048576K
}
Event: 12.675 GC heap before
{Heap before GC invocations=19 (full 0):
 garbage-first heap   total 360448K, used 286823K [0x00000005c0000000, 0x0000000800000000)
  region size 8192K, 17 young (139264K), 1 survivors (8192K)
 Metaspace       used 42623K, committed 43136K, reserved 1114112K
  class space    used 4881K, committed 5120K, reserved 1048576K
}
Event: 12.676 GC heap after
{Heap after GC invocations=20 (full 0):
 garbage-first heap   total 360448K, used 155828K [0x00000005c0000000, 0x0000000800000000)
  region size 8192K, 1 young (8192K), 1 survivors (8192K)
 Metaspace       used 42623K, committed 43136K, reserved 1114112K
  class space    used 4881K, committed 5120K, reserved 1048576K
}
Event: 13.073 GC heap before
{Heap before GC invocations=21 (full 0):
 garbage-first heap   total 360448K, used 303284K [0x00000005c0000000, 0x0000000800000000)
  region size 8192K, 20 young (163840K), 1 survivors (8192K)
 Metaspace       used 42624K, committed 43136K, reserved 1114112K
  class space    used 4881K, committed 5120K, reserved 1048576K
}
Event: 13.073 GC heap after
{Heap after GC invocations=22 (full 0):
 garbage-first heap   total 360448K, used 155859K [0x00000005c0000000, 0x0000000800000000)
  region size 8192K, 1 young (8192K), 1 survivors (8192K)
 Metaspace       used 42624K, committed 43136K, reserved 1114112K
  class space    used 4881K, committed 5120K, reserved 1048576K
}

Dll operation events (11 events):
Event: 0.007 Loaded shared library /opt/homebrew/Cellar/openjdk@21/21.0.6/libexec/openjdk.jdk/Contents/Home/lib/libjava.dylib
Event: 0.008 Loaded shared library /opt/homebrew/Cellar/openjdk@21/21.0.6/libexec/openjdk.jdk/Contents/Home/lib/libzip.dylib
Event: 0.046 Loaded shared library /opt/homebrew/Cellar/openjdk@21/21.0.6/libexec/openjdk.jdk/Contents/Home/lib/libinstrument.dylib
Event: 0.065 Loaded shared library /opt/homebrew/Cellar/openjdk@21/21.0.6/libexec/openjdk.jdk/Contents/Home/lib/libnio.dylib
Event: 0.069 Loaded shared library /opt/homebrew/Cellar/openjdk@21/21.0.6/libexec/openjdk.jdk/Contents/Home/lib/libzip.dylib
Event: 0.075 Loaded shared library /opt/homebrew/Cellar/openjdk@21/21.0.6/libexec/openjdk.jdk/Contents/Home/lib/libnet.dylib
Event: 0.080 Loaded shared library /opt/homebrew/Cellar/openjdk@21/21.0.6/libexec/openjdk.jdk/Contents/Home/lib/libextnet.dylib
Event: 0.123 Loaded shared library /opt/homebrew/Cellar/openjdk@21/21.0.6/libexec/openjdk.jdk/Contents/Home/lib/libjimage.dylib
Event: 0.211 Loaded shared library /opt/homebrew/Cellar/openjdk@21/21.0.6/libexec/openjdk.jdk/Contents/Home/lib/libverify.dylib
Event: 3.271 Loaded shared library /opt/homebrew/Cellar/openjdk@21/21.0.6/libexec/openjdk.jdk/Contents/Home/lib/libmanagement.dylib
Event: 3.272 Loaded shared library /opt/homebrew/Cellar/openjdk@21/21.0.6/libexec/openjdk.jdk/Contents/Home/lib/libmanagement_ext.dylib

Deoptimization events (20 events):
Event: 12.441 Thread 0x0000000146dff000 DEOPT PACKING pc=0x0000000158da1b80 sp=0x000000031ad00ac0
Event: 12.441 Thread 0x0000000146dff000 DEOPT UNPACKING pc=0x000000015857701c sp=0x000000031ad00a80 mode 2
Event: 12.466 Thread 0x0000000146dff000 DEOPT PACKING pc=0x0000000151631238 sp=0x000000031ad01410
Event: 12.466 Thread 0x0000000146dff000 DEOPT UNPACKING pc=0x0000000158576e7c sp=0x000000031ad010e0 mode 3
Event: 12.467 Thread 0x0000000146dff000 Uncommon trap: trap_request=0xffffffc6 fr.pc=0x0000000158da1b80 relative=0x0000000000004280
Event: 12.467 Thread 0x0000000146dff000 Uncommon trap: reason=bimorphic_or_optimized_type_check action=maybe_recompile pc=0x0000000158da1b80 method=java.lang.Throwable.lockedPrintStackTrace(Ljava/lang/Throwable$PrintStreamOrWriter;)V @ 131 c2
Event: 12.467 Thread 0x0000000146dff000 DEOPT PACKING pc=0x0000000158da1b80 sp=0x000000031ad00ac0
Event: 12.467 Thread 0x0000000146dff000 DEOPT UNPACKING pc=0x000000015857701c sp=0x000000031ad00a80 mode 2
Event: 12.491 Thread 0x0000000147e2fa00 Uncommon trap: trap_request=0xffffffc6 fr.pc=0x0000000158da1b80 relative=0x0000000000004280
Event: 12.491 Thread 0x0000000147e2fa00 Uncommon trap: reason=bimorphic_or_optimized_type_check action=maybe_recompile pc=0x0000000158da1b80 method=java.lang.Throwable.lockedPrintStackTrace(Ljava/lang/Throwable$PrintStreamOrWriter;)V @ 131 c2
Event: 12.491 Thread 0x0000000147e2fa00 DEOPT PACKING pc=0x0000000158da1b80 sp=0x000000031b118ac0
Event: 12.491 Thread 0x0000000147e2fa00 DEOPT UNPACKING pc=0x000000015857701c sp=0x000000031b118a80 mode 2
Event: 13.077 Thread 0x0000000160889400 Uncommon trap: trap_request=0xffffffc6 fr.pc=0x0000000158da7ef4 relative=0x0000000000000c34
Event: 13.077 Thread 0x0000000160889400 Uncommon trap: reason=bimorphic_or_optimized_type_check action=maybe_recompile pc=0x0000000158da7ef4 method=org.apache.logging.log4j.core.appender.OutputStreamManager.flushDestination()V @ 19 c2
Event: 13.077 Thread 0x0000000160889400 DEOPT PACKING pc=0x0000000158da7ef4 sp=0x000000031aaf5dd0
Event: 13.077 Thread 0x0000000160889400 DEOPT UNPACKING pc=0x000000015857701c sp=0x000000031aaf5d60 mode 2
Event: 13.077 Thread 0x0000000146dff000 Uncommon trap: trap_request=0xffffffde fr.pc=0x0000000158e18a4c relative=0x000000000000314c
Event: 13.077 Thread 0x0000000146dff000 Uncommon trap: reason=class_check action=maybe_recompile pc=0x0000000158e18a4c method=org.apache.logging.log4j.core.Logger.log(Lorg/apache/logging/log4j/Level;Lorg/apache/logging/log4j/Marker;Ljava/lang/String;Ljava/lang/StackTraceElement;Lorg/apache/logg
Event: 13.077 Thread 0x0000000146dff000 DEOPT PACKING pc=0x0000000158e18a4c sp=0x000000031ad01b30
Event: 13.077 Thread 0x0000000146dff000 DEOPT UNPACKING pc=0x000000015857701c sp=0x000000031ad01920 mode 2

Classes loaded (20 events):
Event: 11.242 Loading class de/bytefish/pgbulkinsert/pgsql/utils/TimeStampUtils
Event: 11.242 Loading class de/bytefish/pgbulkinsert/pgsql/utils/TimeStampUtils done
Event: 11.364 Loading class org/apache/logging/log4j/status/StatusData
Event: 11.364 Loading class org/apache/logging/log4j/status/StatusData done
Event: 11.364 Loading class org/apache/logging/log4j/LogBuilder$1
Event: 11.364 Loading class org/apache/logging/log4j/LogBuilder$1 done
Event: 11.365 Loading class java/lang/Throwable$WrappedPrintStream
Event: 11.365 Loading class java/lang/Throwable$WrappedPrintStream done
Event: 12.112 Loading class java/nio/charset/CoderMalfunctionError
Event: 12.112 Loading class java/nio/charset/CoderMalfunctionError done
Event: 12.154 Loading class org/postgresql/util/PGbytea
Event: 12.154 Loading class org/postgresql/util/PGbytea done
Event: 12.154 Loading class org/postgresql/util/PGbytea$1
Event: 12.154 Loading class org/postgresql/util/PGbytea$1 done
Event: 12.154 Loading class org/postgresql/core/FixedLengthOutputStream
Event: 12.154 Loading class org/postgresql/core/FixedLengthOutputStream done
Event: 12.270 Loading class java/lang/foreign/MemorySegment
Event: 12.270 Loading class java/lang/foreign/MemorySegment done
Event: 12.441 Loading class java/nio/BufferOverflowException
Event: 12.441 Loading class java/nio/BufferOverflowException done

Classes unloaded (0 events):
No events

Classes redefined (1 events):
Event: 0.060 Thread 0x0000000146605290 redefined class name=java.lang.Throwable, count=1

Internal exceptions (20 events):
Event: 10.825 Thread 0x000000014781fe00 Exception <a 'java/lang/IncompatibleClassChangeError'{0x00000007ff883218}: Found class java.lang.Object, but interface was expected> (0x00000007ff883218) 
thrown [src/hotspot/share/interpreter/linkResolver.cpp, line 840]
Event: 10.854 Thread 0x000000014781fe00 Exception <a 'java/lang/NoSuchMethodError'{0x00000007ffc3e138}: 'void java.lang.invoke.DirectMethodHandle$Holder.invokeVirtual(java.lang.Object, java.lang.Object, int)'> (0x00000007ffc3e138) 
thrown [src/hotspot/share/interpreter/linkResolver.cpp, line 773]
Event: 10.855 Thread 0x000000014781fe00 Implicit null exception at 0x0000000158c6ab2c to 0x0000000158c6adb8
Event: 10.859 Thread 0x000000014781fe00 Exception <a 'java/lang/NoSuchMethodError'{0x00000007ffcc16d0}: method resolution failed> (0x00000007ffcc16d0) 
thrown [src/hotspot/share/prims/methodHandles.cpp, line 1144]
Event: 10.863 Thread 0x000000014781fe00 Exception <a 'java/lang/NoSuchMethodError'{0x00000007ffd3bd80}: 'java.lang.Object java.lang.invoke.DelegatingMethodHandle$Holder.reinvoke_L(java.lang.Object, java.lang.Object, java.lang.Object, java.lang.Object, java.lang.Object, java.lang.Object, java.lang.Object, java.lang.Object, java.lang.Object, java.lang.Object, java.lang.Object, java.lang.Object, java.lang.Object, java.lang.Object, java.lang.Object, java.lang.Object, java.lang.Object, java.lang.Object)'> (0x00000007ffd3bd80) 
thrown [src/hotspot/sha
Event: 10.869 Thread 0x000000014781fe00 Exception <a 'java/lang/ClassNotFoundException'{0x00000007ffdf2fc0}: sun/util/logging/resources/spi/loggingProvider> (0x00000007ffdf2fc0) 
thrown [src/hotspot/share/classfile/systemDictionary.cpp, line 312]
Event: 10.875 Thread 0x000000014781fe00 Exception <a 'java/lang/IncompatibleClassChangeError'{0x00000007ffeb7628}: Found class java.lang.Object, but interface was expected> (0x00000007ffeb7628) 
thrown [src/hotspot/share/interpreter/linkResolver.cpp, line 840]
Event: 10.917 Thread 0x000000014781fe00 Exception <a 'java/lang/NoClassDefFoundError'{0x00000005c5ddfa88}: oracle/security/pki/OraclePKIProvider> (0x00000005c5ddfa88) 
thrown [src/hotspot/share/classfile/systemDictionary.cpp, line 301]
Event: 10.936 Thread 0x000000014781fe00 Exception <a 'java/lang/NoSuchMethodError'{0x00000005c50929b8}: 'int java.lang.invoke.Invokers$Holder.invokeExact_MT(java.lang.Object, java.lang.Object)'> (0x00000005c50929b8) 
thrown [src/hotspot/share/interpreter/linkResolver.cpp, line 773]
Event: 10.936 Thread 0x000000014781fe00 Exception <a 'java/lang/NoSuchMethodError'{0x00000005c5096900}: 'void java.lang.invoke.DirectMethodHandle$Holder.invokeSpecial(java.lang.Object, java.lang.Object, int)'> (0x00000005c5096900) 
thrown [src/hotspot/share/interpreter/linkResolver.cpp, line 773]
Event: 10.936 Thread 0x000000014781fe00 Exception <a 'java/lang/NoSuchMethodError'{0x00000005c509a0e8}: 'void java.lang.invoke.Invokers$Holder.invokeExact_MT(java.lang.Object, int, java.lang.Object)'> (0x00000005c509a0e8) 
thrown [src/hotspot/share/interpreter/linkResolver.cpp, line 773]
Event: 10.937 Thread 0x000000014781fe00 Exception <a 'java/lang/NoSuchMethodError'{0x00000005c50ab9a0}: 'long java.lang.invoke.DelegatingMethodHandle$Holder.reinvoke_L(java.lang.Object, java.lang.Object)'> (0x00000005c50ab9a0) 
thrown [src/hotspot/share/interpreter/linkResolver.cpp, line 773]
Event: 10.937 Thread 0x000000014781fe00 Exception <a 'java/lang/NoSuchMethodError'{0x00000005c50b5c48}: 'void java.lang.invoke.DelegatingMethodHandle$Holder.reinvoke_L(java.lang.Object, java.lang.Object, long)'> (0x00000005c50b5c48) 
thrown [src/hotspot/share/interpreter/linkResolver.cpp, line 773]
Event: 10.937 Thread 0x000000014781fe00 Exception <a 'java/lang/NoSuchMethodError'{0x00000005c50bc970}: 'long java.lang.invoke.Invokers$Holder.invokeExact_MT(java.lang.Object, java.lang.Object, java.lang.Object)'> (0x00000005c50bc970) 
thrown [src/hotspot/share/interpreter/linkResolver.cpp, line 773]
Event: 10.937 Thread 0x000000014781fe00 Implicit null exception at 0x0000000158bb353c to 0x0000000158bb38e4
Event: 10.961 Thread 0x000000014781fe00 Implicit null exception at 0x0000000158cb7d04 to 0x0000000158cbd2c0
Event: 10.972 Thread 0x000000014781fe00 Exception <a 'java/lang/NoSuchMethodError'{0x00000005c539cd08}: 'java.lang.Object java.lang.invoke.DirectMethodHandle$Holder.invokeStaticInit(java.lang.Object, java.lang.Object, java.lang.Object, java.lang.Object)'> (0x00000005c539cd08) 
thrown [src/hotspot/share/interpreter/linkResolver.cpp, line 773]
Event: 11.049 Thread 0x000000014781fe00 Exception <a 'java/lang/NoSuchMethodError'{0x00000005c56610b8}: 'java.lang.Object java.lang.invoke.Invokers$Holder.linkToTargetMethod(java.lang.Object, java.lang.Object, java.lang.Object, java.lang.Object, java.lang.Object, java.lang.Object, java.lang.Object, java.lang.Object, java.lang.Object, java.lang.Object, java.lang.Object, java.lang.Object)'> (0x00000005c56610b8) 
thrown [src/hotspot/share/interpreter/linkResolver.cpp, line 773]
Event: 11.234 Thread 0x0000000146de4800 Exception <a 'java/lang/NoSuchMethodError'{0x00000005e3f57950}: 'java.lang.Object java.lang.invoke.DirectMethodHandle$Holder.invokeStatic(java.lang.Object, int, java.lang.Object)'> (0x00000005e3f57950) 
thrown [src/hotspot/share/interpreter/linkResolver.cpp, line 773]
Event: 11.237 Thread 0x0000000146de4800 Exception <a 'java/lang/NoSuchMethodError'{0x00000005e3fa24d8}: 'java.lang.Object java.lang.invoke.DirectMethodHandle$Holder.newInvokeSpecial(java.lang.Object, java.lang.Object, java.lang.Object, java.lang.Object, java.lang.Object, java.lang.Object, java.lang.Object, java.lang.Object)'> (0x00000005e3fa24d8) 
thrown [src/hotspot/share/interpreter/linkResolver.cpp, line 773]

ZGC Phase Switch (0 events):
No events

VM Operations (20 events):
Event: 11.947 Executing VM operation: G1CollectForAllocation (G1 Evacuation Pause)
Event: 11.949 Executing VM operation: G1CollectForAllocation (G1 Evacuation Pause) done
Event: 12.093 Executing VM operation: G1CollectForAllocation (G1 Evacuation Pause)
Event: 12.094 Executing VM operation: G1CollectForAllocation (G1 Evacuation Pause) done
Event: 12.111 Executing VM operation: G1PauseRemark
Event: 12.112 Executing VM operation: G1PauseRemark done
Event: 12.122 Executing VM operation: G1PauseCleanup
Event: 12.122 Executing VM operation: G1PauseCleanup done
Event: 12.263 Executing VM operation: G1CollectForAllocation (G1 Evacuation Pause)
Event: 12.263 Executing VM operation: G1CollectForAllocation (G1 Evacuation Pause) done
Event: 12.451 Executing VM operation: G1CollectForAllocation (G1 Evacuation Pause)
Event: 12.452 Executing VM operation: G1CollectForAllocation (G1 Evacuation Pause) done
Event: 12.675 Executing VM operation: G1CollectForAllocation (G1 Evacuation Pause)
Event: 12.676 Executing VM operation: G1CollectForAllocation (G1 Evacuation Pause) done
Event: 12.698 Executing VM operation: G1PauseRemark
Event: 12.699 Executing VM operation: G1PauseRemark done
Event: 12.709 Executing VM operation: G1PauseCleanup
Event: 12.709 Executing VM operation: G1PauseCleanup done
Event: 13.073 Executing VM operation: G1CollectForAllocation (G1 Evacuation Pause)
Event: 13.073 Executing VM operation: G1CollectForAllocation (G1 Evacuation Pause) done

Memory protections (20 events):
Event: 4.949 Protecting memory [0x0000000318834000,0x0000000318840000] with protection modes 3
Event: 10.897 Protecting memory [0x0000000318834000,0x0000000318840000] with protection modes 0
Event: 10.901 Protecting memory [0x0000000318a40000,0x0000000318a4c000] with protection modes 0
Event: 10.956 Protecting memory [0x000000031947c000,0x0000000319488000] with protection modes 0
Event: 10.969 Protecting memory [0x0000000319688000,0x0000000319694000] with protection modes 0
Event: 10.995 Protecting memory [0x0000000319894000,0x00000003198a0000] with protection modes 0
Event: 11.050 Protecting memory [0x0000000319aa0000,0x0000000319aac000] with protection modes 0
Event: 11.050 Protecting memory [0x0000000319cac000,0x0000000319cb8000] with protection modes 0
Event: 11.050 Protecting memory [0x0000000319eb8000,0x0000000319ec4000] with protection modes 0
Event: 11.050 Protecting memory [0x000000031a0c4000,0x000000031a0d0000] with protection modes 0
Event: 11.051 Protecting memory [0x000000031a2d0000,0x000000031a2dc000] with protection modes 0
Event: 11.051 Protecting memory [0x000000031a4dc000,0x000000031a4e8000] with protection modes 0
Event: 11.051 Protecting memory [0x000000031a6e8000,0x000000031a6f4000] with protection modes 0
Event: 11.051 Protecting memory [0x000000031a8f4000,0x000000031a900000] with protection modes 0
Event: 11.051 Protecting memory [0x000000031ab00000,0x000000031ab0c000] with protection modes 0
Event: 11.051 Protecting memory [0x000000031ad0c000,0x000000031ad18000] with protection modes 0
Event: 11.051 Protecting memory [0x000000031af18000,0x000000031af24000] with protection modes 0
Event: 11.198 Protecting memory [0x0000000318a40000,0x0000000318a4c000] with protection modes 3
Event: 11.371 Protecting memory [0x0000000318a40000,0x0000000318a4c000] with protection modes 0
Event: 11.868 Protecting memory [0x0000000318a40000,0x0000000318a4c000] with protection modes 3

Nmethod flushes (20 events):
Event: 12.699 Thread 0x0000000146605290 flushing  nmethod 0x00000001518f5e90
Event: 12.699 Thread 0x0000000146605290 flushing  nmethod 0x00000001518f9990
Event: 12.699 Thread 0x0000000146605290 flushing  nmethod 0x00000001515ebc90
Event: 12.699 Thread 0x0000000146605290 flushing  nmethod 0x00000001515ec110
Event: 12.699 Thread 0x0000000146605290 flushing  nmethod 0x0000000151633390
Event: 12.699 Thread 0x0000000146605290 flushing  nmethod 0x0000000151636490
Event: 12.699 Thread 0x0000000146605290 flushing  nmethod 0x0000000151639190
Event: 12.699 Thread 0x0000000146605290 flushing  nmethod 0x0000000151738210
Event: 12.699 Thread 0x0000000146605290 flushing  nmethod 0x0000000151739790
Event: 12.699 Thread 0x0000000146605290 flushing  nmethod 0x000000015173ed10
Event: 12.699 Thread 0x0000000146605290 flushing  nmethod 0x000000015173f710
Event: 12.699 Thread 0x0000000146605290 flushing  nmethod 0x00000001518e8f10
Event: 12.699 Thread 0x0000000146605290 flushing  nmethod 0x00000001518efa90
Event: 12.699 Thread 0x0000000146605290 flushing  nmethod 0x00000001518f2310
Event: 12.699 Thread 0x0000000146605290 flushing  nmethod 0x00000001519a7790
Event: 12.699 Thread 0x0000000146605290 flushing  nmethod 0x000000015160c510
Event: 12.699 Thread 0x0000000146605290 flushing  nmethod 0x000000015160dd90
Event: 12.699 Thread 0x0000000146605290 flushing  nmethod 0x0000000151610310
Event: 12.699 Thread 0x0000000146605290 flushing  nmethod 0x0000000151981790
Event: 12.699 Thread 0x0000000146605290 flushing  nmethod 0x0000000151965710

Events (20 events):
Event: 4.949 Thread 0x0000000146cf1000 Thread exited: 0x0000000146cf1000
Event: 10.897 Thread 0x000000012683ee00 Thread added: 0x0000000146ddd600
Event: 10.901 Thread 0x000000012683ee00 Thread added: 0x00000001475c6c00
Event: 10.956 Thread 0x000000014781fe00 Thread added: 0x0000000126b46e00
Event: 10.969 Thread 0x000000014781fe00 Thread added: 0x0000000126b32e00
Event: 10.995 Thread 0x000000014781fe00 Thread added: 0x00000001475b7000
Event: 11.050 Thread 0x000000014781fe00 Thread added: 0x0000000146de4800
Event: 11.050 Thread 0x000000014781fe00 Thread added: 0x0000000147997800
Event: 11.050 Thread 0x000000014781fe00 Thread added: 0x0000000146de5000
Event: 11.050 Thread 0x000000014781fe00 Thread added: 0x00000001475b8200
Event: 11.050 Thread 0x0000000147997800 Thread added: 0x0000000146de5800
Event: 11.051 Thread 0x000000014781fe00 Thread added: 0x00000001475fca00
Event: 11.051 Thread 0x000000014781fe00 Thread added: 0x00000001475fd200
Event: 11.051 Thread 0x000000014781fe00 Thread added: 0x0000000160889400
Event: 11.051 Thread 0x000000014781fe00 Thread added: 0x0000000146dff000
Event: 11.051 Thread 0x000000014781fe00 Thread added: 0x0000000146dff800
Event: 11.051 Thread 0x000000014781fe00 Thread added: 0x0000000147e2fa00
Event: 11.198 Thread 0x00000001475c6c00 Thread exited: 0x00000001475c6c00
Event: 11.371 Thread 0x000000012683ee00 Thread added: 0x0000000127fe8c00
Event: 11.868 Thread 0x0000000127fe8c00 Thread exited: 0x0000000127fe8c00


Dynamic libraries:
0x00000001041fc000 	/opt/homebrew/Cellar/openjdk@21/21.0.6/libexec/openjdk.jdk/Contents/Home/lib/libjli.dylib
0x000000019fd32000 	/usr/lib/libz.1.dylib
0x000000019fde8000 	/usr/lib/libSystem.B.dylib
0x000000019fde2000 	/usr/lib/system/libcache.dylib
0x000000019fd9d000 	/usr/lib/system/libcommonCrypto.dylib
0x000000019fdc8000 	/usr/lib/system/libcompiler_rt.dylib
0x000000019fdbd000 	/usr/lib/system/libcopyfile.dylib
0x00000001918eb000 	/usr/lib/system/libcorecrypto.dylib
0x00000001919d2000 	/usr/lib/system/libdispatch.dylib
0x0000000191b92000 	/usr/lib/system/libdyld.dylib
0x000000019fdd8000 	/usr/lib/system/libkeymgr.dylib
0x000000019fd80000 	/usr/lib/system/libmacho.dylib
0x000000019f1ac000 	/usr/lib/system/libquarantine.dylib
0x000000019fdd5000 	/usr/lib/system/libremovefile.dylib
0x0000000197b8c000 	/usr/lib/system/libsystem_asl.dylib
0x0000000191880000 	/usr/lib/system/libsystem_blocks.dylib
0x0000000191a1c000 	/usr/lib/system/libsystem_c.dylib
0x000000019fdcc000 	/usr/lib/system/libsystem_collections.dylib
0x000000019e19c000 	/usr/lib/system/libsystem_configuration.dylib
0x000000019cf36000 	/usr/lib/system/libsystem_containermanager.dylib
0x000000019f8c2000 	/usr/lib/system/libsystem_coreservices.dylib
0x0000000195690000 	/usr/lib/system/libsystem_darwin.dylib
0x000000027a5cd000 	/usr/lib/system/libsystem_darwindirectory.dylib
0x000000019fdd9000 	/usr/lib/system/libsystem_dnssd.dylib
0x000000027a5d1000 	/usr/lib/system/libsystem_eligibility.dylib
0x0000000191a19000 	/usr/lib/system/libsystem_featureflags.dylib
0x0000000191bca000 	/usr/lib/system/libsystem_info.dylib
0x000000019fd41000 	/usr/lib/system/libsystem_m.dylib
0x000000019198a000 	/usr/lib/system/libsystem_malloc.dylib
0x0000000197af5000 	/usr/lib/system/libsystem_networkextension.dylib
0x0000000195af2000 	/usr/lib/system/libsystem_notify.dylib
0x000000019e1a1000 	/usr/lib/system/libsystem_sandbox.dylib
0x000000027a5d9000 	/usr/lib/system/libsystem_sanitizers.dylib
0x000000019fdd1000 	/usr/lib/system/libsystem_secinit.dylib
0x0000000191b49000 	/usr/lib/system/libsystem_kernel.dylib
0x0000000191bc2000 	/usr/lib/system/libsystem_platform.dylib
0x0000000191b85000 	/usr/lib/system/libsystem_pthread.dylib
0x00000001996e9000 	/usr/lib/system/libsystem_symptoms.dylib
0x00000001918cf000 	/usr/lib/system/libsystem_trace.dylib
0x000000019fdab000 	/usr/lib/system/libunwind.dylib
0x0000000191884000 	/usr/lib/system/libxpc.dylib
0x0000000191790000 	/usr/lib/libobjc.A.dylib
0x0000000191bfa000 	/System/Library/Frameworks/CoreFoundation.framework/Versions/A/CoreFoundation
0x00000001a3329000 	/usr/lib/swift/libswiftCore.dylib
0x0000000191b2b000 	/usr/lib/libc++abi.dylib
0x00000002791a2000 	/usr/lib/libRosetta.dylib
0x0000000191a9e000 	/usr/lib/libc++.1.dylib
0x00000001931eb000 	/System/Library/Frameworks/Foundation.framework/Versions/C/Foundation
0x00000001abf5a000 	/usr/lib/swift/libswiftObjectiveC.dylib
0x000000019598e000 	/System/Library/PrivateFrameworks/CoreServicesInternal.framework/Versions/A/CoreServicesInternal
0x000000019fdb5000 	/usr/lib/liboah.dylib
0x000000019fdea000 	/usr/lib/libfakelink.dylib
0x00000001953c4000 	/usr/lib/libicucore.A.dylib
0x000000019fded000 	/System/Library/PrivateFrameworks/SoftLinking.framework/Versions/A/SoftLinking
0x00000001a77df000 	/System/Library/Frameworks/CoreServices.framework/Versions/A/CoreServices
0x0000000194fba000 	/System/Library/Frameworks/Security.framework/Versions/A/Security
0x0000000195a0f000 	/System/Library/Frameworks/IOKit.framework/Versions/A/IOKit
0x00000001ab453000 	/System/Library/PrivateFrameworks/DiskImages.framework/Versions/A/DiskImages
0x00000001b795c000 	/System/Library/Frameworks/NetFS.framework/Versions/A/NetFS
0x000000019772b000 	/System/Library/Frameworks/CFNetwork.framework/Versions/A/CFNetwork
0x000000019b3ba000 	/System/Library/Frameworks/CoreServices.framework/Versions/A/Frameworks/FSEvents.framework/Versions/A/FSEvents
0x000000019569b000 	/System/Library/Frameworks/CoreServices.framework/Versions/A/Frameworks/CarbonCore.framework/Versions/A/CarbonCore
0x000000019a82f000 	/System/Library/Frameworks/CoreServices.framework/Versions/A/Frameworks/Metadata.framework/Versions/A/Metadata
0x000000019f8ca000 	/System/Library/Frameworks/CoreServices.framework/Versions/A/Frameworks/OSServices.framework/Versions/A/OSServices
0x000000019ff37000 	/System/Library/Frameworks/CoreServices.framework/Versions/A/Frameworks/SearchKit.framework/Versions/A/SearchKit
0x0000000199664000 	/System/Library/Frameworks/CoreServices.framework/Versions/A/Frameworks/AE.framework/Versions/A/AE
0x0000000192139000 	/System/Library/Frameworks/CoreServices.framework/Versions/A/Frameworks/LaunchServices.framework/Versions/A/LaunchServices
0x00000001a134e000 	/System/Library/Frameworks/CoreServices.framework/Versions/A/Frameworks/DictionaryServices.framework/Versions/A/DictionaryServices
0x000000019b3c8000 	/System/Library/Frameworks/CoreServices.framework/Versions/A/Frameworks/SharedFileList.framework/Versions/A/SharedFileList
0x0000000192e4e000 	/System/Library/Frameworks/SystemConfiguration.framework/Versions/A/SystemConfiguration
0x000000019ffcd000 	/usr/lib/libapple_nghttp2.dylib
0x00000001a0016000 	/usr/lib/libcompression.dylib
0x00000001992c5000 	/usr/lib/libsqlite3.dylib
0x000000019a79b000 	/System/Library/PrivateFrameworks/CoreAnalytics.framework/Versions/A/CoreAnalytics
0x00000001980ee000 	/System/Library/Frameworks/CoreGraphics.framework/Versions/A/CoreGraphics
0x00000001a3fd7000 	/System/Library/Frameworks/GSS.framework/Versions/A/GSS
0x00000001a25b4000 	/System/Library/PrivateFrameworks/InternationalSupport.framework/Versions/A/InternationalSupport
0x00000001995fb000 	/System/Library/PrivateFrameworks/RunningBoardServices.framework/Versions/A/RunningBoardServices
0x0000000197b10000 	/usr/lib/libenergytrace.dylib
0x00000001996f2000 	/System/Library/Frameworks/Network.framework/Versions/A/Network
0x000000019a7cc000 	/usr/lib/libDiagnosticMessagesClient.dylib
0x000000019f1d3000 	/usr/lib/libbsm.0.dylib
0x000000019fd84000 	/usr/lib/system/libkxld.dylib
0x000000023b9e9000 	/System/Library/PrivateFrameworks/AppleKeyStore.framework/Versions/A/AppleKeyStore
0x0000000278ffa000 	/usr/lib/libCoreEntitlements.dylib
0x00000002569d5000 	/System/Library/PrivateFrameworks/MessageSecurity.framework/Versions/A/MessageSecurity
0x00000001992aa000 	/System/Library/PrivateFrameworks/ProtocolBuffer.framework/Versions/A/ProtocolBuffer
0x0000000197b12000 	/usr/lib/libMobileGestalt.dylib
0x000000019f8a9000 	/System/Library/PrivateFrameworks/AppleFSCompression.framework/Versions/A/AppleFSCompression
0x000000019f1bb000 	/usr/lib/libcoretls.dylib
0x00000001a13c4000 	/usr/lib/libcoretls_cfhelpers.dylib
0x00000001a0010000 	/usr/lib/libpam.2.dylib
0x00000001a1438000 	/usr/lib/libxar.1.dylib
0x000000019b3f6000 	/System/Library/PrivateFrameworks/CoreAutoLayout.framework/Versions/A/CoreAutoLayout
0x000000019a8ba000 	/System/Library/Frameworks/DiskArbitration.framework/Versions/A/DiskArbitration
0x000000019fe3f000 	/usr/lib/libarchive.2.dylib
0x000000019b440000 	/usr/lib/libxml2.2.dylib
0x000000019e1af000 	/usr/lib/liblangid.dylib
0x00000001a56da000 	/System/Library/Frameworks/Combine.framework/Versions/A/Combine
0x000000023fb82000 	/System/Library/PrivateFrameworks/CollectionsInternal.framework/Versions/A/CollectionsInternal
0x000000025fa2e000 	/System/Library/PrivateFrameworks/ReflectionInternal.framework/Versions/A/ReflectionInternal
0x0000000260705000 	/System/Library/PrivateFrameworks/RuntimeInternal.framework/Versions/A/RuntimeInternal
0x00000001baaca000 	/usr/lib/swift/libswiftCoreFoundation.dylib
0x00000001b7e33000 	/usr/lib/swift/libswiftDarwin.dylib
0x00000001a92d8000 	/usr/lib/swift/libswiftDispatch.dylib
0x00000001bab25000 	/usr/lib/swift/libswiftIOKit.dylib
0x000000027a229000 	/usr/lib/swift/libswiftSystem.dylib
0x00000001baadc000 	/usr/lib/swift/libswiftXPC.dylib
0x000000027a298000 	/usr/lib/swift/libswift_Builtin_float.dylib
0x000000027a29b000 	/usr/lib/swift/libswift_Concurrency.dylib
0x000000027a3fa000 	/usr/lib/swift/libswift_StringProcessing.dylib
0x000000027a48d000 	/usr/lib/swift/libswift_errno.dylib
0x000000027a48f000 	/usr/lib/swift/libswift_math.dylib
0x000000027a492000 	/usr/lib/swift/libswift_signal.dylib
0x000000027a493000 	/usr/lib/swift/libswift_stdio.dylib
0x000000027a494000 	/usr/lib/swift/libswift_time.dylib
0x00000001abf5e000 	/usr/lib/swift/libswiftos.dylib
0x000000027a495000 	/usr/lib/swift/libswiftsys_time.dylib
0x000000027a496000 	/usr/lib/swift/libswiftunistd.dylib
0x000000019e1aa000 	/System/Library/PrivateFrameworks/AppleSystemInfo.framework/Versions/A/AppleSystemInfo
0x00000001ba9b5000 	/System/Library/PrivateFrameworks/LoggingSupport.framework/Versions/A/LoggingSupport
0x00000001a8799000 	/System/Library/PrivateFrameworks/PowerLog.framework/Versions/A/PowerLog
0x00000001f8535000 	/System/Library/Frameworks/SwiftData.framework/Versions/A/SwiftData
0x00000001971a2000 	/System/Library/Frameworks/UniformTypeIdentifiers.framework/Versions/A/UniformTypeIdentifiers
0x000000019b5cb000 	/System/Library/PrivateFrameworks/UserManagement.framework/Versions/A/UserManagement
0x0000000197659000 	/usr/lib/libboringssl.dylib
0x00000001996d8000 	/usr/lib/libdns_services.dylib
0x00000001b9b64000 	/usr/lib/libquic.dylib
0x00000001a32b8000 	/usr/lib/libusrtcp.dylib
0x00000001de4a8000 	/System/Library/PrivateFrameworks/InternalSwiftProtobuf.framework/Versions/A/InternalSwiftProtobuf
0x000000027a186000 	/usr/lib/swift/libswiftDistributed.dylib
0x000000027a1b2000 	/usr/lib/swift/libswiftObservation.dylib
0x000000027a21f000 	/usr/lib/swift/libswiftSynchronization.dylib
0x000000019772a000 	/usr/lib/libnetwork.dylib
0x00000001cb666000 	/System/Library/PrivateFrameworks/OSAnalytics.framework/Versions/A/OSAnalytics
0x000000019ffa8000 	/System/Library/PrivateFrameworks/AppleSauce.framework/Versions/A/AppleSauce
0x00000001a9a6e000 	/System/Library/PrivateFrameworks/CoreSymbolication.framework/Versions/A/CoreSymbolication
0x00000001da171000 	/System/Library/PrivateFrameworks/Symbolication.framework/Versions/A/Symbolication
0x00000001a9a4a000 	/System/Library/PrivateFrameworks/DebugSymbols.framework/Versions/A/DebugSymbols
0x0000000278ec5000 	/usr/lib/libAppleArchive.dylib
0x000000019f8b5000 	/usr/lib/libbz2.1.0.dylib
0x00000001a13a5000 	/usr/lib/liblzma.5.dylib
0x000000019eea7000 	/System/Library/PrivateFrameworks/IOMobileFramebuffer.framework/Versions/A/IOMobileFramebuffer
0x000000019cf67000 	/System/Library/Frameworks/IOSurface.framework/Versions/A/IOSurface
0x00000001baa3e000 	/System/Library/PrivateFrameworks/MallocStackLogging.framework/Versions/A/MallocStackLogging
0x00000001a1593000 	/System/Library/PrivateFrameworks/CrashReporterSupport.framework/Versions/A/CrashReporterSupport
0x0000000192c45000 	/System/Library/PrivateFrameworks/Lexicon.framework/Versions/A/Lexicon
0x000000024ed14000 	/System/Library/PrivateFrameworks/IO80211.framework/Versions/A/IO80211
0x00000001a9570000 	/System/Library/PrivateFrameworks/FrontBoardServices.framework/Versions/A/FrontBoardServices
0x000000019f0e3000 	/System/Library/Frameworks/SecurityFoundation.framework/Versions/A/SecurityFoundation
0x000000019f245000 	/usr/lib/libgermantok.dylib
0x000000019e2ce000 	/System/Library/PrivateFrameworks/LinguisticData.framework/Versions/A/LinguisticData
0x0000000199516000 	/System/Library/PrivateFrameworks/BaseBoard.framework/Versions/A/BaseBoard
0x00000001a963d000 	/System/Library/PrivateFrameworks/BoardServices.framework/Versions/A/BoardServices
0x000000019f0d4000 	/System/Library/PrivateFrameworks/AssertionServices.framework/Versions/A/AssertionServices
0x00000001ab28d000 	/System/Library/PrivateFrameworks/BackBoardServices.framework/Versions/A/BackBoardServices
0x000000019d9b1000 	/System/Library/Frameworks/ImageIO.framework/Versions/A/ImageIO
0x0000000197bc7000 	/System/Library/PrivateFrameworks/SkyLight.framework/Versions/A/SkyLight
0x000000019d381000 	/System/Library/PrivateFrameworks/FontServices.framework/libFontParser.dylib
0x00000001a7a8b000 	/System/Library/Frameworks/Accelerate.framework/Versions/A/Accelerate
0x0000000197ba4000 	/System/Library/PrivateFrameworks/TCC.framework/Versions/A/TCC
0x00000001aec85000 	/System/Library/PrivateFrameworks/IOSurfaceAccelerator.framework/Versions/A/IOSurfaceAccelerator
0x00000001a1e7e000 	/System/Library/PrivateFrameworks/WatchdogClient.framework/Versions/A/WatchdogClient
0x0000000194190000 	/System/Library/Frameworks/CoreDisplay.framework/Versions/A/CoreDisplay
0x000000019d225000 	/System/Library/Frameworks/CoreMedia.framework/Versions/A/CoreMedia
0x000000019cf80000 	/System/Library/PrivateFrameworks/IOAccelerator.framework/Versions/A/IOAccelerator
0x000000019cf8a000 	/System/Library/Frameworks/Metal.framework/Versions/A/Metal
0x000000019b52a000 	/System/Library/Frameworks/CoreVideo.framework/Versions/A/CoreVideo
0x00000001a000e000 	/System/Library/Frameworks/MetalPerformanceShaders.framework/Versions/A/MetalPerformanceShaders
0x00000001a1e80000 	/System/Library/PrivateFrameworks/MultitouchSupport.framework/Versions/A/MultitouchSupport
0x000000019acd3000 	/System/Library/Frameworks/QuartzCore.framework/Versions/A/QuartzCore
0x000000025ed6c000 	/System/Library/PrivateFrameworks/ProDisplayLibrary.framework/Versions/A/ProDisplayLibrary
0x00000001a1ec6000 	/System/Library/Frameworks/VideoToolbox.framework/Versions/A/VideoToolbox
0x00000001c768f000 	/usr/lib/swift/libswiftMetal.dylib
0x00000001d6633000 	/usr/lib/swift/libswiftOSLog.dylib
0x00000001cca31000 	/usr/lib/swift/libswiftQuartzCore.dylib
0x00000001d108c000 	/usr/lib/swift/libswiftUniformTypeIdentifiers.dylib
0x00000001be37e000 	/usr/lib/swift/libswiftsimd.dylib
0x000000019f0b7000 	/System/Library/PrivateFrameworks/MobileKeyBag.framework/Versions/A/MobileKeyBag
0x000000019e1a8000 	/System/Library/PrivateFrameworks/AggregateDictionary.framework/Versions/A/AggregateDictionary
0x00000001a13c6000 	/System/Library/PrivateFrameworks/APFS.framework/Versions/A/APFS
0x00000001a1447000 	/usr/lib/libutil.dylib
0x0000000269c91000 	/System/Library/PrivateFrameworks/SwiftASN1Internal.framework/Versions/A/SwiftASN1Internal
0x000000019a8c3000 	/System/Library/Frameworks/Accelerate.framework/Versions/A/Frameworks/vImage.framework/Versions/A/vImage
0x00000001a77ba000 	/System/Library/Frameworks/Accelerate.framework/Versions/A/Frameworks/vecLib.framework/Versions/A/vecLib
0x00000001a147f000 	/System/Library/Frameworks/Accelerate.framework/Versions/A/Frameworks/vecLib.framework/Versions/A/libvMisc.dylib
0x00000001925b1000 	/System/Library/Frameworks/Accelerate.framework/Versions/A/Frameworks/vecLib.framework/Versions/A/libBLAS.dylib
0x00000001ab9a0000 	/System/Library/Frameworks/ApplicationServices.framework/Versions/A/ApplicationServices
0x000000019881f000 	/System/Library/Frameworks/ColorSync.framework/Versions/A/ColorSync
0x0000000194669000 	/System/Library/Frameworks/CoreText.framework/Versions/A/CoreText
0x00000001a3be4000 	/System/Library/Frameworks/ApplicationServices.framework/Versions/A/Frameworks/ATS.framework/Versions/A/ATS
0x00000001989d5000 	/System/Library/Frameworks/ApplicationServices.framework/Versions/A/Frameworks/HIServices.framework/Versions/A/HIServices
0x00000001a249d000 	/System/Library/Frameworks/ApplicationServices.framework/Versions/A/Frameworks/PrintCore.framework/Versions/A/PrintCore
0x00000001a3fa1000 	/System/Library/Frameworks/ApplicationServices.framework/Versions/A/Frameworks/QD.framework/Versions/A/QD
0x00000001a3f98000 	/System/Library/Frameworks/ApplicationServices.framework/Versions/A/Frameworks/ColorSyncLegacy.framework/Versions/A/ColorSyncLegacy
0x00000001a3bb6000 	/System/Library/Frameworks/ApplicationServices.framework/Versions/A/Frameworks/SpeechSynthesis.framework/Versions/A/SpeechSynthesis
0x000000019ee74000 	/System/Library/PrivateFrameworks/CoreEmoji.framework/Versions/A/CoreEmoji
0x0000000245dd9000 	/System/Library/PrivateFrameworks/FontServices.framework/Versions/A/FontServices
0x00000001a19cc000 	/System/Library/PrivateFrameworks/OTSVG.framework/Versions/A/OTSVG
0x000000019b0a7000 	/System/Library/Frameworks/ApplicationServices.framework/Versions/A/Frameworks/ATS.framework/Versions/A/Resources/libFontRegistry.dylib
0x0000000279587000 	/usr/lib/libhvf.dylib
0x000000025ac72000 	/System/Library/PrivateFrameworks/ParsingInternal.framework/Versions/A/ParsingInternal
0x000000027a1cf000 	/usr/lib/swift/libswiftRegexBuilder.dylib
0x000000027a357000 	/usr/lib/swift/libswift_RegexParser.dylib
0x00000001a1d47000 	/System/Library/PrivateFrameworks/AppleJPEG.framework/Versions/A/AppleJPEG
0x00000001a17e8000 	/usr/lib/libexpat.1.dylib
0x00000001a2373000 	/System/Library/Frameworks/ImageIO.framework/Versions/A/Resources/libPng.dylib
0x00000001a239e000 	/System/Library/Frameworks/ImageIO.framework/Versions/A/Resources/libTIFF.dylib
0x00000001a2488000 	/System/Library/Frameworks/ImageIO.framework/Versions/A/Resources/libGIF.dylib
0x00000001a1d8d000 	/System/Library/Frameworks/ImageIO.framework/Versions/A/Resources/libJP2.dylib
0x00000001a14f9000 	/usr/lib/libate.dylib
0x00000001a242f000 	/System/Library/Frameworks/ImageIO.framework/Versions/A/Resources/libJPEG.dylib
0x00000001a2426000 	/System/Library/Frameworks/ImageIO.framework/Versions/A/Resources/libRadiance.dylib
0x000000024aaa8000 	/System/Library/PrivateFrameworks/GPUCompiler.framework/Versions/32023/Libraries/libllvm-flatbuffers.dylib
0x0000000245ea4000 	/System/Library/PrivateFrameworks/FramePacing.framework/Versions/A/FramePacing
0x00000001f2023000 	/System/Library/Frameworks/OpenGL.framework/Versions/A/Libraries/libCoreFSCache.dylib
0x0000000246a19000 	/System/Library/PrivateFrameworks/GPUCompiler.framework/Versions/32023/Libraries/libGPUCompilerUtils.dylib
0x0000000245dda000 	/System/Library/PrivateFrameworks/FontServices.framework/libXTFontStaticRegistryData.dylib
0x000000019dd31000 	/System/Library/Frameworks/CoreImage.framework/Versions/A/CoreImage
0x00000001ad09d000 	/System/Library/PrivateFrameworks/ASEProcessing.framework/Versions/A/ASEProcessing
0x000000025ded9000 	/System/Library/PrivateFrameworks/PhotosensitivityProcessing.framework/Versions/A/PhotosensitivityProcessing
0x00000001f2031000 	/System/Library/Frameworks/OpenGL.framework/Versions/A/OpenGL
0x00000001a19c0000 	/System/Library/PrivateFrameworks/GraphVisualizer.framework/Versions/A/GraphVisualizer
0x00000001f2081000 	/System/Library/Frameworks/OpenGL.framework/Versions/A/Libraries/libGLU.dylib
0x00000001f2045000 	/System/Library/Frameworks/OpenGL.framework/Versions/A/Libraries/libGFXShared.dylib
0x00000001f220d000 	/System/Library/Frameworks/OpenGL.framework/Versions/A/Libraries/libGL.dylib
0x00000001f204e000 	/System/Library/Frameworks/OpenGL.framework/Versions/A/Libraries/libGLImage.dylib
0x00000001f2042000 	/System/Library/Frameworks/OpenGL.framework/Versions/A/Libraries/libCVMSPluginSupport.dylib
0x00000001f202b000 	/System/Library/Frameworks/OpenGL.framework/Versions/A/Libraries/libCoreVMClient.dylib
0x000000019e0ec000 	/System/Library/Frameworks/MetalPerformanceShaders.framework/Versions/A/Frameworks/MPSCore.framework/Versions/A/MPSCore
0x000000019f814000 	/System/Library/Frameworks/MetalPerformanceShaders.framework/Versions/A/Frameworks/MPSImage.framework/Versions/A/MPSImage
0x000000019f25d000 	/System/Library/Frameworks/MetalPerformanceShaders.framework/Versions/A/Frameworks/MPSNeuralNetwork.framework/Versions/A/MPSNeuralNetwork
0x000000019f694000 	/System/Library/Frameworks/MetalPerformanceShaders.framework/Versions/A/Frameworks/MPSMatrix.framework/Versions/A/MPSMatrix
0x000000019f4a9000 	/System/Library/Frameworks/MetalPerformanceShaders.framework/Versions/A/Frameworks/MPSRayIntersector.framework/Versions/A/MPSRayIntersector
0x000000019f6c6000 	/System/Library/Frameworks/MetalPerformanceShaders.framework/Versions/A/Frameworks/MPSNDArray.framework/Versions/A/MPSNDArray
0x00000001f5923000 	/System/Library/Frameworks/MetalPerformanceShaders.framework/Versions/A/Frameworks/MPSFunctions.framework/Versions/A/MPSFunctions
0x00000001f5905000 	/System/Library/Frameworks/MetalPerformanceShaders.framework/Versions/A/Frameworks/MPSBenchmarkLoop.framework/Versions/A/MPSBenchmarkLoop
0x000000019242c000 	/System/Library/PrivateFrameworks/MetalTools.framework/Versions/A/MetalTools
0x00000001bf727000 	/System/Library/PrivateFrameworks/IOAccelMemoryInfo.framework/Versions/A/IOAccelMemoryInfo
0x00000001cce26000 	/System/Library/PrivateFrameworks/kperf.framework/Versions/A/kperf
0x00000001baaa5000 	/System/Library/PrivateFrameworks/GPURawCounter.framework/Versions/A/GPURawCounter
0x00000001a245a000 	/System/Library/Frameworks/ApplicationServices.framework/Versions/A/Frameworks/ATSUI.framework/Versions/A/ATSUI
0x00000001a3f2c000 	/usr/lib/libcups.2.dylib
0x00000001a3fc6000 	/System/Library/Frameworks/Kerberos.framework/Versions/A/Kerberos
0x00000001a3c2c000 	/usr/lib/libresolv.9.dylib
0x000000019fe24000 	/usr/lib/libiconv.2.dylib
0x00000001a1a1e000 	/System/Library/PrivateFrameworks/Heimdal.framework/Versions/A/Heimdal
0x00000001abeb1000 	/System/Library/Frameworks/Kerberos.framework/Versions/A/Libraries/libHeimdalProxy.dylib
0x00000001a1803000 	/usr/lib/libheimdal-asn1.dylib
0x000000019b38d000 	/System/Library/Frameworks/OpenDirectory.framework/Versions/A/OpenDirectory
0x00000001a4029000 	/System/Library/PrivateFrameworks/CommonAuth.framework/Versions/A/CommonAuth
0x000000019b39b000 	/System/Library/Frameworks/OpenDirectory.framework/Versions/A/Frameworks/CFOpenDirectory.framework/Versions/A/CFOpenDirectory
0x000000019fd7f000 	/usr/lib/libcharset.1.dylib
0x00000001f25a9000 	/System/Library/Frameworks/AVFAudio.framework/Versions/A/AVFAudio
0x00000001b4391000 	/System/Library/PrivateFrameworks/AXCoreUtilities.framework/Versions/A/AXCoreUtilities
0x00000001a3994000 	/System/Library/Frameworks/AudioToolbox.framework/Versions/A/AudioToolbox
0x0000000194888000 	/System/Library/Frameworks/CoreAudio.framework/Versions/A/CoreAudio
0x000000025264d000 	/System/Library/PrivateFrameworks/IsolatedCoreAudioClient.framework/Versions/A/IsolatedCoreAudioClient
0x00000001a3b9d000 	/usr/lib/libAudioStatistics.dylib
0x000000019d1fd000 	/System/Library/PrivateFrameworks/caulk.framework/Versions/A/caulk
0x00000001942b1000 	/System/Library/PrivateFrameworks/AudioToolboxCore.framework/Versions/A/AudioToolboxCore
0x00000001ae1a7000 	/System/Library/Frameworks/CoreMIDI.framework/Versions/A/CoreMIDI
0x00000001a3b3f000 	/System/Library/PrivateFrameworks/AudioSession.framework/Versions/A/AudioSession
0x00000001a5442000 	/System/Library/Frameworks/IOBluetooth.framework/Versions/A/IOBluetooth
0x00000001a18ed000 	/System/Library/PrivateFrameworks/MediaExperience.framework/Versions/A/MediaExperience
0x000000026c755000 	/System/Library/PrivateFrameworks/Tightbeam.framework/Versions/A/Tightbeam
0x000000024063f000 	/System/Library/PrivateFrameworks/CoreAudioOrchestration.framework/Versions/A/CoreAudioOrchestration
0x00000001d175e000 	/System/Library/PrivateFrameworks/AFKUser.framework/Versions/A/AFKUser
0x00000001e57de000 	/System/Library/PrivateFrameworks/FeatureFlags.framework/Versions/A/FeatureFlags
0x00000001baaa9000 	/usr/lib/swift/libswiftCoreAudio.dylib
0x00000001a1a0d000 	/System/Library/PrivateFrameworks/AppServerSupport.framework/Versions/A/AppServerSupport
0x00000001a3faa000 	/System/Library/PrivateFrameworks/perfdata.framework/Versions/A/perfdata
0x00000001b9c5d000 	/System/Library/PrivateFrameworks/SystemPolicy.framework/Versions/A/SystemPolicy
0x00000001a3e4b000 	/usr/lib/libSMC.dylib
0x00000001a233d000 	/usr/lib/libAudioToolboxUtility.dylib
0x00000001a3fb8000 	/usr/lib/libperfcheck.dylib
0x000000023c567000 	/System/Library/PrivateFrameworks/AudioAnalytics.framework/Versions/A/AudioAnalytics
0x00000001de26f000 	/System/Library/Frameworks/OSLog.framework/Versions/A/OSLog
0x00000001baa70000 	/usr/lib/libmis.dylib
0x00000001a394d000 	/System/Library/PrivateFrameworks/AudioSession.framework/libSessionUtility.dylib
0x00000001a248e000 	/System/Library/PrivateFrameworks/CMCaptureCore.framework/Versions/A/CMCaptureCore
0x00000001a1a17000 	/usr/lib/libspindump.dylib
0x00000001f3c52000 	/System/Library/Frameworks/ExtensionFoundation.framework/Versions/A/ExtensionFoundation
0x00000001a9b7b000 	/System/Library/PrivateFrameworks/CoreTime.framework/Versions/A/CoreTime
0x00000001a16e7000 	/System/Library/PrivateFrameworks/PlugInKit.framework/Versions/A/PlugInKit
0x00000001a86a2000 	/System/Library/Frameworks/CoreBluetooth.framework/Versions/A/CoreBluetooth
0x00000001abeb2000 	/System/Library/Frameworks/AudioUnit.framework/Versions/A/AudioUnit
0x000000019ef38000 	/System/Library/PrivateFrameworks/CoreUtils.framework/Versions/A/CoreUtils
0x00000002435f2000 	/System/Library/PrivateFrameworks/CoreUtilsExtras.framework/Versions/A/CoreUtilsExtras
0x00000001a7adb000 	/System/Library/Frameworks/MediaAccessibility.framework/Versions/A/MediaAccessibility
0x00000001c30c7000 	/System/Library/PrivateFrameworks/AttributeGraph.framework/Versions/A/AttributeGraph
0x0000000278e43000 	/usr/lib/libAXSafeCategoryBundle.dylib
0x00000001b444d000 	/usr/lib/libAccessibility.dylib
0x000000019ed82000 	/System/Library/Frameworks/Accelerate.framework/Versions/A/Frameworks/vecLib.framework/Versions/A/libvDSP.dylib
0x00000001a00ec000 	/System/Library/Frameworks/Accelerate.framework/Versions/A/Frameworks/vecLib.framework/Versions/A/libLAPACK.dylib
0x000000019f248000 	/System/Library/Frameworks/Accelerate.framework/Versions/A/Frameworks/vecLib.framework/Versions/A/libLinearAlgebra.dylib
0x000000019ffe7000 	/System/Library/Frameworks/Accelerate.framework/Versions/A/Frameworks/vecLib.framework/Versions/A/libSparseBLAS.dylib
0x00000001a00e7000 	/System/Library/Frameworks/Accelerate.framework/Versions/A/Frameworks/vecLib.framework/Versions/A/libQuadrature.dylib
0x000000019e2d5000 	/System/Library/Frameworks/Accelerate.framework/Versions/A/Frameworks/vecLib.framework/Versions/A/libBNNS.dylib
0x0000000192d52000 	/System/Library/Frameworks/Accelerate.framework/Versions/A/Frameworks/vecLib.framework/Versions/A/libSparse.dylib
0x0000000253dc4000 	/System/Library/PrivateFrameworks/MIL.framework/Versions/A/MIL
0x00000001a2421000 	/System/Library/PrivateFrameworks/GPUWrangler.framework/Versions/A/GPUWrangler
0x00000001a2401000 	/System/Library/PrivateFrameworks/IOPresentment.framework/Versions/A/IOPresentment
0x00000001a2429000 	/System/Library/PrivateFrameworks/DSExternalDisplay.framework/Versions/A/DSExternalDisplay
0x00000001de676000 	/System/Library/PrivateFrameworks/HIDDisplay.framework/Versions/A/HIDDisplay
0x00000001b366b000 	/System/Library/PrivateFrameworks/HID.framework/Versions/A/HID
0x000000026ff97000 	/System/Library/PrivateFrameworks/VideoToolboxParavirtualizationSupport.framework/Versions/A/VideoToolboxParavirtualizationSupport
0x00000001a179f000 	/System/Library/PrivateFrameworks/AppleVA.framework/Versions/A/AppleVA
0x00000001a96ea000 	/System/Library/PrivateFrameworks/GraphicsServices.framework/Versions/A/GraphicsServices
0x0000000198e4f000 	/System/Library/Frameworks/CoreData.framework/Versions/A/CoreData
0x00000001a419c000 	/System/Library/PrivateFrameworks/CorePhoneNumbers.framework/Versions/A/CorePhoneNumbers
0x00000001a888a000 	/System/Library/PrivateFrameworks/MediaKit.framework/Versions/A/MediaKit
0x00000001a87d5000 	/System/Library/Frameworks/DiscRecording.framework/Versions/A/DiscRecording
0x00000001f357d000 	/System/Library/Frameworks/CoreTransferable.framework/Versions/A/CoreTransferable
0x00000001a3f8b000 	/System/Library/PrivateFrameworks/NetAuth.framework/Versions/A/NetAuth
0x00000001a185a000 	/System/Library/PrivateFrameworks/IconServices.framework/Versions/A/IconServices
0x000000019b58b000 	/System/Library/PrivateFrameworks/login.framework/Versions/A/Frameworks/loginsupport.framework/Versions/A/loginsupport
0x00000001bab24000 	/usr/lib/swift/libswiftCoreImage.dylib
0x00000001a180d000 	/System/Library/PrivateFrameworks/IconFoundation.framework/Versions/A/IconFoundation
0x000000019b0f9000 	/System/Library/PrivateFrameworks/CoreUI.framework/Versions/A/CoreUI
0x00000001a2514000 	/System/Library/PrivateFrameworks/TextureIO.framework/Versions/A/TextureIO
0x000000019d976000 	/System/Library/PrivateFrameworks/CoreSVG.framework/Versions/A/CoreSVG
0x00000001d109b000 	/usr/lib/swift/libswiftAccelerate.dylib
0x00000001a158a000 	/usr/lib/libIOReport.dylib
0x000000023c177000 	/System/Library/PrivateFrameworks/AppleMobileFileIntegrity.framework/Versions/A/AppleMobileFileIntegrity
0x0000000279205000 	/usr/lib/libTLE.dylib
0x00000001ef07f000 	/System/Library/PrivateFrameworks/ConfigProfileHelper.framework/Versions/A/ConfigProfileHelper
0x000000019f1e5000 	/usr/lib/libmecab.dylib
0x0000000192ee2000 	/usr/lib/libCRFSuite.dylib
0x000000019e1b1000 	/System/Library/PrivateFrameworks/CoreNLP.framework/Versions/A/CoreNLP
0x000000019ff9f000 	/usr/lib/libThaiTokenizer.dylib
0x00000001a28bc000 	/System/Library/PrivateFrameworks/DataDetectorsCore.framework/Versions/A/DataDetectorsCore
0x00000001be427000 	/System/Library/PrivateFrameworks/TextInput.framework/Versions/A/TextInput
0x0000000196ff0000 	/System/Library/PrivateFrameworks/UIFoundation.framework/Versions/A/UIFoundation
0x000000019f1af000 	/usr/lib/libCheckFix.dylib
0x000000019a7ce000 	/System/Library/PrivateFrameworks/MetadataUtilities.framework/Versions/A/MetadataUtilities
0x000000024f5f8000 	/System/Library/PrivateFrameworks/InstalledContentLibrary.framework/Versions/A/InstalledContentLibrary
0x00000001959ce000 	/System/Library/PrivateFrameworks/CoreServicesStore.framework/Versions/A/CoreServicesStore
0x000000019b3f2000 	/usr/lib/libapp_launch_measurement.dylib
0x00000001ccf30000 	/System/Library/PrivateFrameworks/MobileSystemServices.framework/Versions/A/MobileSystemServices
0x00000001a144b000 	/usr/lib/libxslt.1.dylib
0x000000019f172000 	/System/Library/PrivateFrameworks/BackgroundTaskManagement.framework/Versions/A/BackgroundTaskManagement
0x00000001ab611000 	/usr/lib/libcurl.4.dylib
0x0000000279439000 	/usr/lib/libcrypto.46.dylib
0x0000000279f63000 	/usr/lib/libssl.48.dylib
0x00000001ab2e9000 	/System/Library/Frameworks/LDAP.framework/Versions/A/LDAP
0x00000001ab325000 	/System/Library/PrivateFrameworks/TrustEvaluationAgent.framework/Versions/A/TrustEvaluationAgent
0x00000001a3c49000 	/usr/lib/libsasl2.2.dylib
0x00000001ae37a000 	/System/Library/Frameworks/Cocoa.framework/Versions/A/Cocoa
0x0000000195b5f000 	/System/Library/Frameworks/AppKit.framework/Versions/C/AppKit
0x000000023fb5e000 	/System/Library/PrivateFrameworks/CollectionViewCore.framework/Versions/A/CollectionViewCore
0x000000019d970000 	/System/Library/PrivateFrameworks/XCTTargetBootstrap.framework/Versions/A/XCTTargetBootstrap
0x00000001a290b000 	/System/Library/PrivateFrameworks/UserActivity.framework/Versions/A/UserActivity
0x000000026e4e2000 	/System/Library/PrivateFrameworks/UIIntelligenceSupport.framework/Versions/A/UIIntelligenceSupport
0x00000001f8670000 	/System/Library/Frameworks/SwiftUICore.framework/Versions/A/SwiftUICore
0x0000000273568000 	/System/Library/PrivateFrameworks/WritingTools.framework/Versions/A/WritingTools
0x00000002725ac000 	/System/Library/PrivateFrameworks/WindowManagement.framework/Versions/A/WindowManagement
0x000000019d95b000 	/System/Library/PrivateFrameworks/DFRFoundation.framework/Versions/A/DFRFoundation
0x000000019d654000 	/System/Library/Frameworks/Carbon.framework/Versions/A/Frameworks/HIToolbox.framework/Versions/A/HIToolbox
0x00000001a73e8000 	/System/Library/Frameworks/Carbon.framework/Versions/A/Frameworks/SpeechRecognition.framework/Versions/A/SpeechRecognition
0x00000001b29cb000 	/System/Library/PrivateFrameworks/RenderBox.framework/Versions/A/RenderBox
0x000000019b383000 	/System/Library/PrivateFrameworks/PerformanceAnalysis.framework/Versions/A/PerformanceAnalysis
0x00000001a7760000 	/System/Library/Frameworks/Accessibility.framework/Versions/A/Accessibility
0x00000001f3b02000 	/System/Library/Frameworks/DataDetection.framework/Versions/A/DataDetection
0x00000001f3b05000 	/System/Library/Frameworks/DeveloperToolsSupport.framework/Versions/A/DeveloperToolsSupport
0x00000001f9233000 	/System/Library/Frameworks/Symbols.framework/Versions/A/Symbols
0x000000027a185000 	/usr/lib/swift/libswiftDataDetection.dylib
0x00000001b7e32000 	/usr/lib/swift/libswiftCoreGraphics.dylib
0x00000001a810a000 	/usr/lib/swift/libswiftFoundation.dylib
0x00000001eeb09000 	/usr/lib/swift/libswiftSwiftOnoneSupport.dylib
0x00000001da922000 	/System/Library/PrivateFrameworks/CoreMaterial.framework/Versions/A/CoreMaterial
0x00000002607fc000 	/System/Library/PrivateFrameworks/SFSymbols.framework/Versions/A/SFSymbols
0x00000001a73d5000 	/System/Library/PrivateFrameworks/SpeechRecognitionCore.framework/Versions/A/SpeechRecognitionCore
0x00000001052f0000 	/opt/homebrew/Cellar/openjdk@21/21.0.6/libexec/openjdk.jdk/Contents/Home/lib/server/libjvm.dylib
0x0000000104270000 	/opt/homebrew/Cellar/openjdk@21/21.0.6/libexec/openjdk.jdk/Contents/Home/lib/libjimage.dylib
0x00000001042a0000 	/opt/homebrew/Cellar/openjdk@21/21.0.6/libexec/openjdk.jdk/Contents/Home/lib/libinstrument.dylib
0x00000001042ec000 	/opt/homebrew/Cellar/openjdk@21/21.0.6/libexec/openjdk.jdk/Contents/Home/lib/libjava.dylib
0x00000001042bc000 	/opt/homebrew/Cellar/openjdk@21/21.0.6/libexec/openjdk.jdk/Contents/Home/lib/libzip.dylib
0x0000000105000000 	/opt/homebrew/Cellar/openjdk@21/21.0.6/libexec/openjdk.jdk/Contents/Home/lib/libnio.dylib
0x0000000105020000 	/opt/homebrew/Cellar/openjdk@21/21.0.6/libexec/openjdk.jdk/Contents/Home/lib/libnet.dylib
0x000000010503c000 	/opt/homebrew/Cellar/openjdk@21/21.0.6/libexec/openjdk.jdk/Contents/Home/lib/libextnet.dylib
0x0000000105050000 	/opt/homebrew/Cellar/openjdk@21/21.0.6/libexec/openjdk.jdk/Contents/Home/lib/libverify.dylib
0x0000000105068000 	/opt/homebrew/Cellar/openjdk@21/21.0.6/libexec/openjdk.jdk/Contents/Home/lib/libmanagement.dylib
0x000000010507c000 	/opt/homebrew/Cellar/openjdk@21/21.0.6/libexec/openjdk.jdk/Contents/Home/lib/libmanagement_ext.dylib


VM Arguments:
jvm_args: -javaagent:/Users/d.rudik/Library/Caches/JetBrains/IdeaIC2025.2/captureAgent/debugger-agent.jar=file:///var/folders/xr/ndmt7g6s26b75pmz4l8pmbv80000gq/T/capture1488916385471981006.props -ea -Didea.test.cyclic.buffer.size=1048576 -javaagent:/Users/d.rudik/Applications/IntelliJ IDEA Community Edition.app/Contents/lib/idea_rt.jar=54731 -Dkotlinx.coroutines.debug.enable.creation.stack.trace=false -Ddebugger.agent.enable.coroutines=true -Dkotlinx.coroutines.debug.enable.flows.stack.trace=true -Dkotlinx.coroutines.debug.enable.mutable.state.flows.stack.trace=true -Dfile.encoding=UTF-8 -Dsun.stdout.encoding=UTF-8 -Dsun.stderr.encoding=UTF-8 
java_command: com.intellij.rt.junit.JUnitStarter -ideVersion5 -junit5 org.bublik.cli.postgresql.postgresql.PostgresToPostgresTest,allTypes
java_class_path (initial): /Users/d.rudik/.m2/repository/org/junit/platform/junit-platform-launcher/1.13.4/junit-platform-launcher-1.13.4.jar:/Users/d.rudik/.m2/repository/org/junit/vintage/junit-vintage-engine/5.13.4/junit-vintage-engine-5.13.4.jar:/Users/d.rudik/Applications/IntelliJ IDEA Community Edition.app/Contents/lib/idea_rt.jar:/Users/d.rudik/Applications/IntelliJ IDEA Community Edition.app/Contents/plugins/junit/lib/junit5-rt.jar:/Users/d.rudik/Applications/IntelliJ IDEA Community Edition.app/Contents/plugins/junit/lib/junit-rt.jar:/Users/d.rudik/IdeaProjects/bublik/bublik-cli/target/test-classes:/Users/d.rudik/IdeaProjects/bublik/bublik-cli/target/classes:/Users/d.rudik/.m2/repository/commons-cli/commons-cli/1.6.0/commons-cli-1.6.0.jar:/Users/d.rudik/.m2/repository/com/fasterxml/jackson/dataformat/jackson-dataformat-yaml/2.20.0/jackson-dataformat-yaml-2.20.0.jar:/Users/d.rudik/.m2/repository/com/fasterxml/jackson/core/jackson-databind/2.20.0/jackson-databind-2.20.0.jar:/Users/d.rudik/.m2/repository/org/yaml/snakeyaml/2.4/snakeyaml-2.4.jar:/Users/d.rudik/.m2/repository/com/fasterxml/jackson/core/jackson-core/2.20.0/jackson-core-2.20.0.jar:/Users/d.rudik/.m2/repository/com/fasterxml/jackson/datatype/jackson-datatype-jsr310/2.20.0/jackson-datatype-jsr310-2.20.0.jar:/Users/d.rudik/.m2/repository/com/fasterxml/jackson/core/jackson-annotations/2.20/jackson-annotations-2.20.jar:/Users/d.rudik/.m2/repository/org/apache/logging/log4j/log4j-slf4j-impl/3.0.0-beta2/log4j-slf4j-impl-3.0.0-beta2.jar:/Users/d.rudik/.m2/repository/org/apache/logging/log4j/log4j-api/3.0.0-beta2/log4j-api-3.0.0-beta2.jar:/Users/d.rudik/.m2/repository/org/slf4j/slf4j-api/1.7.36/slf4j-api-1.7.36.jar:/Users/d.rudik/.m2/repository/org/apache/logging/log4j/log4j-core/3.0.0-beta2/log4j-core-3.0.0-beta2.jar:/Users/d.rudik/.m2/repository/org/apache/logging/log4j/log4j-plugins/3.0.0-beta2/log4j-plugins-3.0.0-beta2.jar:/Users/d.rudik/.m2/repository/org/projectlombok/lombok/1.18.38/lombok-1.18.38.jar:/Users/d.rudik/IdeaProjects/bublik/bublik-core/target/classes:/Users/d.rudik/.m2/repository/com/zaxxer/HikariCP/5.1.0/HikariCP-5.1.0.jar:/Users/d.rudik/.m2/repository/org/junit/jupiter/junit-jupiter/5.13.4/junit-jupiter-5.13.4.jar:/Users/d.rudik/.m2/repository/org/junit/jupiter/junit-jupiter-api/5.13.4/junit-jupiter-api-5.13.4.jar:/Users/d.rudik/.m2/repository/org/opentest4j/opentest4j/1.3.0/opentest4j-1.3.0.jar:/Users/d.rudik/.m2/repository/org/junit/platform/junit-platform-commons/1.13.4/junit-platform-commons-1.13.4.jar:/Users/d.rudik/.m2/repository/org/apiguardian/apiguardian-api/1.1.2/apiguardian-api-1.1.2.jar:/Users/d.rudik/.m2/repository/org/junit/jupiter/junit-jupiter-params/5.13.4/junit-jupiter-params-5.13.4.jar:/Users/d.rudik/.m2/repository/org/junit/jupiter/junit-jupiter-engine/5.13.4/junit-jupiter-engine-5.13.4.jar:/Users/d.rudik/.m2/repository/org/junit/platform/junit-platform-engine/1.13.4/junit-platform-engine-1.13.4.jar:/Users/d.rudik/.m2/repository/org/testcontainers/postgresql/1.21.3/postgresql-1.21.3.jar:/Users/d.rudik/.m2/repository/org/testcontainers/jdbc/1.21.3/jdbc-1.21.3.jar:/Users/d.rudik/.m2/repository/org/testcontainers/oracle-free/1.21.3/oracle-free-1.21.3.jar:/Users/d.rudik/.m2/repository/org/testcontainers/cassandra/1.21.3/cassandra-1.21.3.jar:/Users/d.rudik/.m2/repository/org/testcontainers/database-commons/1.21.3/database-commons-1.21.3.jar:/Users/d.rudik/.m2/repository/org/testcontainers/testcontainers/1.21.3/testcontainers-1.21.3.jar:/Users/d.rudik/.m2/repository/junit/junit/4.13.2/junit-4.13.2.jar:/Users/d.rudik/.m2/repository/org/hamcrest/hamcrest-core/1.3/hamcrest-core-1.3.jar:/Users/d.rudik/.m2/repository/org/apache/commons/commons-compress/1.24.0/commons-compress-1.24.0.jar:/Users/d.rudik/.m2/repository/org/rnorth/duct-tape/duct-tape/1.0.8/duct-tape-1.0.8.jar:/Users/d.rudik/.m2/repository/org/jetbrains/annotations/17.0.0/annotations-17.0.0.jar:/Users/d.rudik/.m2/repository/com/github/docker-java/docker-java-api/3.4.2/docker-java-api-3.4.2.jar:/Users/d.rudik/.m2/repository/com/github/docker-java/docker-java-transport-zerodep/3.4.2/docker-java-transport-zerodep-3.4.2.jar:/Users/d.rudik/.m2/repository/com/github/docker-java/docker-java-transport/3.4.2/docker-java-transport-3.4.2.jar:/Users/d.rudik/.m2/repository/net/java/dev/jna/jna/5.13.0/jna-5.13.0.jar:/Users/d.rudik/.m2/repository/com/datastax/cassandra/cassandra-driver-core/3.10.0/cassandra-driver-core-3.10.0.jar:/Users/d.rudik/.m2/repository/io/netty/netty-handler/4.0.56.Final/netty-handler-4.0.56.Final.jar:/Users/d.rudik/.m2/repository/io/dropwizard/metrics/metrics-core/3.2.2/metrics-core-3.2.2.jar:/Users/d.rudik/.m2/repository/com/github/jnr/jnr-ffi/2.1.7/jnr-ffi-2.1.7.jar:/Users/d.rudik/.m2/repository/com/github/jnr/jffi/1.2.16/jffi-1.2.16.jar:/Users/d.rudik/.m2/repository/com/github/jnr/jffi/1.2.16/jffi-1.2.16-native.jar:/Users/d.rudik/.m2/repository/org/ow2/asm/asm/5.0.3/asm-5.0.3.jar:/Users/d.rudik/.m2/repository/org/ow2/asm/asm-commons/5.0.3/asm-commons-5.0.3.jar:/Users/d.rudik/.m2/repository/org/ow2/asm/asm-analysis/5.0.3/asm-analysis-5.0.3.jar:/Users/d.rudik/.m2/repository/org/ow2/asm/asm-tree/5.0.3/asm-tree-5.0.3.jar:/Users/d.rudik/.m2/repository/org/ow2/asm/asm-util/5.0.3/asm-util-5.0.3.jar:/Users/d.rudik/.m2/repository/com/github/jnr/jnr-x86asm/1.0.2/jnr-x86asm-1.0.2.jar:/Users/d.rudik/.m2/repository/com/github/jnr/jnr-posix/3.0.44/jnr-posix-3.0.44.jar:/Users/d.rudik/.m2/repository/com/github/jnr/jnr-constants/0.9.9/jnr-constants-0.9.9.jar:/Users/d.rudik/.m2/repository/io/rest-assured/rest-assured/5.5.6/rest-assured-5.5.6.jar:/Users/d.rudik/.m2/repository/org/apache/groovy/groovy/4.0.22/groovy-4.0.22.jar:/Users/d.rudik/.m2/repository/org/apache/groovy/groovy-xml/4.0.22/groovy-xml-4.0.22.jar:/Users/d.rudik/.m2/repository/org/apache/httpcomponents/httpclient/4.5.13/httpclient-4.5.13.jar:/Users/d.rudik/.m2/repository/org/apache/httpcomponents/httpcore/4.4.13/httpcore-4.4.13.jar:/Users/d.rudik/.m2/repository/commons-logging/commons-logging/1.2/commons-logging-1.2.jar:/Users/d.rudik/.m2/repository/commons-codec/commons-codec/1.11/commons-codec-1.11.jar:/Users/d.rudik/.m2/repository/org/apache/httpcomponents/httpmime/4.5.13/httpmime-4.5.13.jar:/Users/d.rudik/.m2/repository/org/hamcrest/hamcrest/2.2/hamcrest-2.2.jar:/Users/d.rudik/.m2/repository/org/ccil/cowan/tagsoup/tagsoup/1.2.1/tagsoup-1.2.1.jar:/Users/d.rudik/.m2/repository/io/rest-assured/json-path/5.5.6/json-path-5.5.6.jar:/Users/d.rudik/.m2/repository/org/apache/groovy/groovy-json/4.0.22/groovy-json-4.0.22.jar:/Users/d.rudik/.m2/repository/io/rest-assured/rest-assured-common/5.5.6/rest-assured-common-5.5.6.jar:/Users/d.rudik/.m2/repository/io/rest-assured/xml-path/5.5.6/xml-path-5.5.6.jar:/Users/d.rudik/.m2/repository/org/apache/commons/commons-lang3/3.18.0/commons-lang3-3.18.0.jar:/Users/d.rudik/IdeaProjects/bublik/bublik-cassandra/target/classes:/Users/d.rudik/.m2/repository/io/netty/netty-all/4.2.6.Final/netty-all-4.2.6.Final.jar:/Users/d.rudik/.m2/repository/io/netty/netty-buffer/4.2.6.Final/netty-buffer-4.2.6.Final.jar:/Users/d.rudik/.m2/repository/io/netty/netty-codec-base/4.2.6.Final/netty-codec-base-4.2.6.Final.jar:/Users/d.rudik/.m2/repository/io/netty/netty-codec/4.2.6.Final/netty-codec-4.2.6.Final.jar:/Users/d.rudik/.m2/repository/io/netty/netty-codec-dns/4.2.6.Final/netty-codec-dns-4.2.6.Final.jar:/Users/d.rudik/.m2/repository/io/netty/netty-codec-haproxy/4.2.6.Final/netty-codec-haproxy-4.2.6.Final.jar:/Users/d.rudik/.m2/repository/io/netty/netty-codec-compression/4.2.6.Final/netty-codec-compression-4.2.6.Final.jar:/Users/d.rudik/.m2/repository/io/netty/netty-codec-http/4.2.6.Final/netty-codec-http-4.2.6.Final.jar:/Users/d.rudik/.m2/repository/io/netty/netty-codec-http2/4.2.6.Final/netty-codec-http2-4.2.6.Final.jar:/Users/d.rudik/.m2/repository/io/netty/netty-codec-http3/4.2.6.Final/netty-codec-http3-4.2.6.Final.jar:/Users/d.rudik/.m2/repository/org/jctools/jctools-core/4.0.5/jctools-core-4.0.5.jar:/Users/d.rudik/.m2/repository/io/netty/netty-transport-native-unix-common/4.2.6.Final/netty-transport-native-unix-common-4.2.6.Final.jar:/Users/d.rudik/.m2/repository/org/bouncycastle/bcprov-jdk18on/1.80/bcprov-jdk18on-1.80.jar:/Users/d.rudik/.m2/repository/io/netty/netty-codec-memcache/4.2.6.Final/netty-codec-memcache-4.2.6.Final.jar:/Users/d.rudik/.m2/repository/io/netty/netty-codec-mqtt/4.2.6.Final/netty-codec-mqtt-4.2.6.Final.jar:/Users/d.rudik/.m2/repository/io/netty/netty-codec-redis/4.2.6.Final/netty-codec-redis-4.2.6.Final.jar:/Users/d.rudik/.m2/repository/io/netty/netty-codec-smtp/4.2.6.Final/netty-codec-smtp-4.2.6.Final.jar:/Users/d.rudik/.m2/repository/io/netty/netty-codec-socks/4.2.6.Final/netty-codec-socks-4.2.6.Final.jar:/Users/d.rudik/.m2/repository/io/netty/netty-codec-stomp/4.2.6.Final/netty-codec-stomp-4.2.6.Final.jar:/Users/d.rudik/.m2/repository/io/netty/netty-codec-xml/4.2.6.Final/netty-codec-xml-4.2.6.Final.jar:/Users/d.rudik/.m2/repository/io/netty/netty-codec-protobuf/4.2.6.Final/netty-codec-protobuf-4.2.6.Final.jar:/Users/d.rudik/.m2/repository/io/netty/netty-codec-marshalling/4.2.6.Final/netty-codec-marshalling-4.2.6.Final.jar:/Users/d.rudik/.m2/repository/io/netty/netty-common/4.2.6.Final/netty-common-4.2.6.Final.jar:/Users/d.rudik/.m2/repository/io/netty/netty-handler-proxy/4.2.6.Final/netty-handler-proxy-4.2.6.Final.jar:/Users/d.rudik/.m2/repository/io/netty/netty-handler-ssl-ocsp/4.2.6.Final/netty-handler-ssl-ocsp-4.2.6.Final.jar:/Users/d.rudik/.m2/repository/io/netty/netty-resolver/4.2.6.Final/netty-resolver-4.2.6.Final.jar:/Users/d.rudik/.m2/repository/io/netty/netty-resolver-dns/4.2.6.Final/netty-resolver-dns-4.2.6.Final.jar:/Users/d.rudik/.m2/repository/io/netty/netty-transport/4.2.6.Final/netty-transport-4.2.6.Final.jar:/Users/d.rudik/.m2/repository/io/netty/netty-transport-rxtx/4.2.6.Final/netty-transport-rxtx-4.2.6.Final.jar:/Users/d.rudik/.m2/repository/io/netty/netty-transport-sctp/4.2.6.Final/netty-transport-sctp-4.2.6.Final.jar:/Users/d.rudik/.m2/repository/io/netty/netty-transport-udt/4.2.6.Final/netty-transport-udt-4.2.6.Final.jar:/Users/d.rudik/.m2/repository/io/netty/netty-transport-classes-epoll/4.2.6.Final/netty-transport-classes-epoll-4.2.6.Final.jar:/Users/d.rudik/.m2/repository/io/netty/netty-transport-classes-kqueue/4.2.6.Final/netty-transport-classes-kqueue-4.2.6.Final.jar:/Users/d.rudik/.m2/repository/io/netty/netty-resolver-dns-classes-macos/4.2.6.Final/netty-resolver-dns-classes-macos-4.2.6.Final.jar:/Users/d.rudik/.m2/repository/io/netty/netty-transport-classes-io_uring/4.2.6.Final/netty-transport-classes-io_uring-4.2.6.Final.jar:/Users/d.rudik/.m2/repository/io/netty/netty-codec-classes-quic/4.2.6.Final/netty-codec-classes-quic-4.2.6.Final.jar:/Users/d.rudik/.m2/repository/io/netty/netty-transport-native-epoll/4.2.6.Final/netty-transport-native-epoll-4.2.6.Final-linux-x86_64.jar:/Users/d.rudik/.m2/repository/io/netty/netty-transport-native-epoll/4.2.6.Final/netty-transport-native-epoll-4.2.6.Final-linux-aarch_64.jar:/Users/d.rudik/.m2/repository/io/netty/netty-transport-native-epoll/4.2.6.Final/netty-transport-native-epoll-4.2.6.Final-linux-riscv64.jar:/Users/d.rudik/.m2/repository/io/netty/netty-transport-native-io_uring/4.2.6.Final/netty-transport-native-io_uring-4.2.6.Final-linux-x86_64.jar:/Users/d.rudik/.m2/repository/io/netty/netty-transport-native-io_uring/4.2.6.Final/netty-transport-native-io_uring-4.2.6.Final-linux-aarch_64.jar:/Users/d.rudik/.m2/repository/io/netty/netty-transport-native-io_uring/4.2.6.Final/netty-transport-native-io_uring-4.2.6.Final-linux-riscv64.jar:/Users/d.rudik/.m2/repository/io/netty/netty-transport-native-kqueue/4.2.6.Final/netty-transport-native-kqueue-4.2.6.Final-osx-x86_64.jar:/Users/d.rudik/.m2/repository/io/netty/netty-transport-native-kqueue/4.2.6.Final/netty-transport-native-kqueue-4.2.6.Final-osx-aarch_64.jar:/Users/d.rudik/.m2/repository/io/netty/netty-resolver-dns-native-macos/4.2.6.Final/netty-resolver-dns-native-macos-4.2.6.Final-osx-x86_64.jar:/Users/d.rudik/.m2/repository/io/netty/netty-resolver-dns-native-macos/4.2.6.Final/netty-resolver-dns-native-macos-4.2.6.Final-osx-aarch_64.jar:/Users/d.rudik/.m2/repository/io/netty/netty-codec-native-quic/4.2.6.Final/netty-codec-native-quic-4.2.6.Final-linux-x86_64.jar:/Users/d.rudik/.m2/repository/io/netty/netty-codec-native-quic/4.2.6.Final/netty-codec-native-quic-4.2.6.Final-linux-aarch_64.jar:/Users/d.rudik/.m2/repository/io/netty/netty-codec-native-quic/4.2.6.Final/netty-codec-native-quic-4.2.6.Final-osx-x86_64.jar:/Users/d.rudik/.m2/repository/io/netty/netty-codec-native-quic/4.2.6.Final/netty-codec-native-quic-4.2.6.Final-osx-aarch_64.jar:/Users/d.rudik/.m2/repository/io/netty/netty-codec-native-quic/4.2.6.Final/netty-codec-native-quic-4.2.6.Final-windows-x86_64.jar:/Users/d.rudik/.m2/repository/org/apache/cassandra/java-driver-core/4.19.0/java-driver-core-4.19.0.jar:/Users/d.rudik/.m2/repository/com/datastax/oss/native-protocol/1.5.1/native-protocol-1.5.1.jar:/Users/d.rudik/.m2/repository/org/apache/cassandra/java-driver-guava-shaded/4.19.0/java-driver-guava-shaded-4.19.0.jar:/Users/d.rudik/.m2/repository/com/typesafe/config/1.4.1/config-1.4.1.jar:/Users/d.rudik/.m2/repository/org/hdrhistogram/HdrHistogram/2.1.12/HdrHistogram-2.1.12.jar:/Users/d.rudik/.m2/repository/org/reactivestreams/reactive-streams/1.0.3/reactive-streams-1.0.3.jar:/Users/d.rudik/IdeaProjects/bublik/bublik-postgres/target/classes:/Users/d.rudik/.m2/repository/de/bytefish/pgbulkinsert/8.1.6/pgbulkinsert-8.1.6.jar:/Users/d.rudik/.m2/repository/org/postgresql/postgresql/42.7.7/postgresql-42.7.7.jar:/Users/d.rudik/.m2/repository/org/checkerframework/checker-qual/3.49.3/checker-qual-3.49.3.jar:/Users/d.rudik/IdeaProjects/bublik/bublik-ydb/target/classes:/Users/d.rudik/.m2/repository/tech/ydb/jdbc/ydb-jdbc-driver/2.3.17/ydb-jdbc-driver-2.3.17.jar:/Users/d.rudik/.m2/repository/tech/ydb/ydb-sdk-query/2.3.20/ydb-sdk-query-2.3.20.jar:/Users/d.rudik/.m2/repository/tech/ydb/ydb-sdk-core/2.3.20/ydb-sdk-core-2.3.20.jar:/Users/d.rudik/.m2/repository/tech/ydb/ydb-proto-api/1.7.1/ydb-proto-api-1.7.1.jar:/Users/d.rudik/.m2/repository/io/grpc/grpc-stub/1.59.1/grpc-stub-1.59.1.jar:/Users/d.rudik/.m2/repository/io/grpc/grpc-api/1.59.1/grpc-api-1.59.1.jar:/Users/d.rudik/.m2/repository/com/google/guava/guava/32.0.1-android/guava-32.0.1-android.jar:/Users/d.rudik/.m2/repository/com/google/guava/failureaccess/1.0.1/failureaccess-1.0.1.jar:/Users/d.rudik/.m2/repository/com/google/guava/listenablefuture/9999.0-empty-to-avoid-conflict-with-guava/listenablefuture-9999.0-empty-to-avoid-conflict-with-guava.jar:/Users/d.rudik/.m2/repository/com/google/j2objc/j2objc-annotations/2.8/j2objc-annotations-2.8.jar:/Users/d.rudik/.m2/repository/com/google/errorprone/error_prone_annotations/2.20.0/error_prone_annotations-2.20.0.jar:/Users/d.rudik/.m2/repository/io/grpc/grpc-protobuf/1.59.1/grpc-protobuf-1.59.1.jar:/Users/d.rudik/.m2/repository/com/google/code/findbugs/jsr305/3.0.2/jsr305-3.0.2.jar:/Users/d.rudik/.m2/repository/com/google/protobuf/protobuf-java/3.24.0/protobuf-java-3.24.0.jar:/Users/d.rudik/.m2/repository/com/google/api/grpc/proto-google-common-protos/2.22.0/proto-google-common-protos-2.22.0.jar:/Users/d.rudik/.m2/repository/io/grpc/grpc-protobuf-lite/1.59.1/grpc-protobuf-lite-1.59.1.jar:/Users/d.rudik/.m2/repository/io/grpc/grpc-netty-shaded/1.59.1/grpc-netty-shaded-1.59.1.jar:/Users/d.rudik/.m2/repository/io/perfmark/perfmark-api/0.26.0/perfmark-api-0.26.0.jar:/Users/d.rudik/.m2/repository/io/grpc/grpc-core/1.59.1/grpc-core-1.59.1.jar:/Users/d.rudik/.m2/repository/com/google/android/annotations/4.1.1.4/annotations-4.1.1.4.jar:/Users/d.rudik/.m2/repository/org/codehaus/mojo/animal-sniffer-annotations/1.23/animal-sniffer-annotations-1.23.jar:/Users/d.rudik/.m2/repository/io/grpc/grpc-context/1.59.1/grpc-context-1.59.1.jar:/Users/d.rudik/.m2/repository/io/grpc/grpc-util/1.59.1/grpc-util-1.59.1.jar:/Users/d.rudik/.m2/repository/javax/annotation/javax.annotation-api/1.3.2/javax.annotation-api-1.3.2.jar:/Users/d.rudik/.m2/repository/com/google/code/gson/gson/2.8.9/gson-2.8.9.jar:/Users/d.rudik/.m2/repository/tech/ydb/ydb-sdk-table/2.3.20/ydb-sdk-table-2.3.20.jar:/Users/d.rudik/.m2/repository/tech/ydb/ydb-sdk-common/2.3.20/ydb-sdk-common-2.3.20.jar:/Users/d.rudik/.m2/repository/tech/ydb/ydb-sdk-scheme/2.3.20/ydb-sdk-scheme-2.3.20.jar:/Users/d.rudik/.m2/repository/tech/ydb/auth/yc-auth-provider/2.2.0/yc-auth-provider-2.2.0.jar:/Users/d.rudik/.m2/repository/tech/ydb/ydb-auth-api/1.0.0/ydb-auth-api-1.0.0.jar:/Users/d.rudik/.m2/repository/com/yandex/cloud/java-sdk-auth/2.6.4/java-sdk-auth-2.6.4.jar:/Users/d.rudik/.m2/repository/com/yandex/cloud/java-genproto/2.6.4/java-genproto-2.6.4.jar:/Users/d.rudik/.m2/repository/org/bouncycastle/bcprov-jdk15on/1.61/bcprov-jdk15on-1.61.jar:/Users/d.rudik/.m2/repository/io/jsonwebtoken/jjwt-api/0.10.8/jjwt-api-0.10.8.jar:/Users/d.rudik/.m2/repository/io/jsonwebtoken/jjwt-impl/0.10.8/jjwt-impl-0.10.8.jar:/Users/d.rudik/.m2/repository/io/jsonwebtoken/jjwt-jackson/0.10.8/jjwt-jackson-0.10.8.jar:/Users/d.rudik/IdeaProjects/bublik/bublik-oracle/target/classes:/Users/d.rudik/.m2/repository/com/oracle/database/jdbc/ojdbc11/23.9.0.25.07/ojdbc11-23.9.0.25.07.jar:/Users/d.rudik/.m2/repository/com/oracle/database/nls/orai18n/23.9.0.25.07/orai18n-23.9.0.25.07.jar
Launcher Type: SUN_STANDARD

[Global flags]
     intx CICompilerCount                          = 4                                         {product} {ergonomic}
     uint ConcGCThreads                            = 3                                         {product} {ergonomic}
     uint G1ConcRefinementThreads                  = 10                                        {product} {ergonomic}
   size_t G1HeapRegionSize                         = 8388608                                   {product} {ergonomic}
    uintx GCDrainStackTargetSize                   = 64                                        {product} {ergonomic}
   size_t InitialHeapSize                          = 603979776                                 {product} {ergonomic}
   size_t MarkStackSize                            = 4194304                                   {product} {ergonomic}
   size_t MaxHeapSize                              = 9663676416                                {product} {ergonomic}
   size_t MaxNewSize                               = 5796528128                                {product} {ergonomic}
   size_t MinHeapDeltaBytes                        = 8388608                                   {product} {ergonomic}
   size_t MinHeapSize                              = 8388608                                   {product} {ergonomic}
    uintx NonNMethodCodeHeapSize                   = 5839564                                {pd product} {ergonomic}
    uintx NonProfiledCodeHeapSize                  = 122909338                              {pd product} {ergonomic}
    uintx ProfiledCodeHeapSize                     = 122909338                              {pd product} {ergonomic}
    uintx ReservedCodeCacheSize                    = 251658240                              {pd product} {ergonomic}
     bool SegmentedCodeCache                       = true                                      {product} {ergonomic}
   size_t SoftMaxHeapSize                          = 9663676416                             {manageable} {ergonomic}
     bool UseCompressedOops                        = true                           {product lp64_product} {ergonomic}
     bool UseG1GC                                  = true                                      {product} {ergonomic}
     bool UseNUMA                                  = false                                     {product} {ergonomic}
     bool UseNUMAInterleaving                      = false                                     {product} {ergonomic}

Logging:
Log output configuration:
 #0: stdout all=warning uptime,level,tags foldmultilines=false
 #1: stderr all=off uptime,level,tags foldmultilines=false

Environment Variables:
PATH=/Users/d.rudik/ydb/bin:/opt/homebrew/opt/postgresql@17/bin:/Users/d.rudik/.pyenv/shims:/opt/homebrew/bin:/opt/homebrew/sbin:/usr/local/bin:/System/Cryptexes/App/usr/bin:/usr/bin:/bin:/usr/sbin:/sbin:/var/run/com.apple.security.cryptexd/codex.system/bootstrap/usr/local/bin:/var/run/com.apple.security.cryptexd/codex.system/bootstrap/usr/bin:/var/run/com.apple.security.cryptexd/codex.system/bootstrap/usr/appleinternal/bin:/usr/local/bin:/Users/d.rudik/instantclient_23_3:/Users/d.rudik/cqlsh-astra/bin
SHELL=/bin/zsh
LC_CTYPE=en_US.UTF-8
TMPDIR=/var/folders/xr/ndmt7g6s26b75pmz4l8pmbv80000gq/T/

Active Locale:
LC_ALL=C/en_US.UTF-8/C/C/C/C
LC_COLLATE=C
LC_CTYPE=en_US.UTF-8
LC_MESSAGES=C
LC_MONETARY=C
LC_NUMERIC=C
LC_TIME=C

Signal Handlers:
   SIGSEGV: crash_handler in libjvm.dylib, mask=11100110000111110111111111111111, flags=SA_ONSTACK|SA_RESTART|SA_SIGINFO, unblocked
    SIGBUS: crash_handler in libjvm.dylib, mask=11100110000111110111111111111111, flags=SA_RESTART|SA_SIGINFO, unblocked
    SIGFPE: crash_handler in libjvm.dylib, mask=11100110000111110111111111111111, flags=SA_RESTART|SA_SIGINFO, unblocked
   SIGPIPE: javaSignalHandler in libjvm.dylib, mask=11100110000111110111111111111111, flags=SA_RESTART|SA_SIGINFO, blocked
   SIGXFSZ: javaSignalHandler in libjvm.dylib, mask=11100110000111110111111111111111, flags=SA_RESTART|SA_SIGINFO, blocked
    SIGILL: crash_handler in libjvm.dylib, mask=11100110000111110111111111111111, flags=SA_RESTART|SA_SIGINFO, unblocked
   SIGUSR2: SR_handler in libjvm.dylib, mask=00000000000000000000000000000000, flags=SA_RESTART|SA_SIGINFO, blocked
    SIGHUP: UserHandler in libjvm.dylib, mask=11100110000111110111111111111111, flags=SA_RESTART|SA_SIGINFO, blocked
    SIGINT: UserHandler in libjvm.dylib, mask=11100110000111110111111111111111, flags=SA_RESTART|SA_SIGINFO, blocked
   SIGTERM: UserHandler in libjvm.dylib, mask=11100110000111110111111111111111, flags=SA_RESTART|SA_SIGINFO, blocked
   SIGQUIT: UserHandler in libjvm.dylib, mask=11100110000111110111111111111111, flags=SA_RESTART|SA_SIGINFO, blocked
   SIGTRAP: crash_handler in libjvm.dylib, mask=11100110000111110111111111111111, flags=SA_RESTART|SA_SIGINFO, unblocked


Periodic native trim disabled

---------------  S Y S T E M  ---------------

OS:
uname: Darwin 24.6.0 Darwin Kernel Version 24.6.0: Mon Aug 11 21:16:31 PDT 2025; root:xnu-11417.140.69.701.11~1/RELEASE_ARM64_T6030 arm64
OS uptime: 0 days 7:26 hours
rlimit (soft/hard): STACK 8176k/65520k , CORE 0k/infinity , NPROC 6000/9000 , NOFILE 1048576/infinity , AS infinity/infinity , CPU infinity/infinity , DATA infinity/infinity , FSIZE infinity/infinity , MEMLOCK infinity/infinity , RSS infinity/infinity
load average: 4.73 3.83 3.46

CPU: total 12 (initial active 12) 0x61:0x0:0x5f4dea93:0, fp, asimd, aes, pmull, sha1, sha256, crc32, lse, sha3, sha512
machdep.cpu.brand_string:Apple M3 Pro
hw.cachelinesize:128
hw.l1icachesize:131072
hw.l1dcachesize:65536
hw.l2cachesize:4194304

Memory: 16k page, physical 37748736k(4505648k free), swap 0k(0k free)

vm_info: OpenJDK 64-Bit Server VM (21.0.6) for bsd-aarch64 JRE (21.0.6), built on 2025-01-04T20:22:12Z by "brew" with clang Apple LLVM 16.0.0 (clang-1600.0.26.6)

END.
