2026-07-21 16:23:12.524 [main] DEBUG org.testcontainers.utility.TestcontainersConfiguration - Testcontainers configuration overrides will be loaded from file:/Users/d.rudik/.testcontainers.properties
2026-07-21 16:23:12.527 [main] INFO  org.testcontainers.images.PullPolicy - Image pull policy will be performed by: DefaultPullPolicy()
2026-07-21 16:23:12.529 [main] INFO  org.testcontainers.utility.ImageNameSubstitutor - Image name substitution will be performed by: DefaultImageNameSubstitutor (composite of 'ConfigurationFileImageNameSubstitutor' and 'PrefixingImageNameSubstitutor')
2026-07-21 16:23:12.552 [main] INFO  org.testcontainers.DockerClientFactory - Testcontainers version: 2.0.5
2026-07-21 16:23:12.678 [main] INFO  org.testcontainers.dockerclient.DockerClientProviderStrategy - Loaded org.testcontainers.dockerclient.UnixSocketClientProviderStrategy from ~/.testcontainers.properties, will try it first
2026-07-21 16:23:12.689 [main] DEBUG org.testcontainers.dockerclient.DockerClientProviderStrategy - Trying out strategy: UnixSocketClientProviderStrategy
2026-07-21 16:23:12.828 [main] DEBUG org.testcontainers.dockerclient.DockerClientProviderStrategy - Pinging Docker API version 1.44.
2026-07-21 16:23:12.841 [main] DEBUG org.testcontainers.shaded.com.github.dockerjava.core.command.AbstrDockerCmd - Cmd: 
2026-07-21 16:23:12.842 [main] TRACE org.testcontainers.shaded.com.github.dockerjava.core.exec.PingCmdExec - GET: DefaultWebTarget{path=[/_ping], queryParams={}}
2026-07-21 16:23:12.848 [main] DEBUG com.github.dockerjava.zerodep.shaded.org.apache.hc.client5.http.impl.classic.InternalHttpClient - ex-0000000001 preparing request execution
2026-07-21 16:23:12.851 [main] DEBUG com.github.dockerjava.zerodep.shaded.org.apache.hc.client5.http.impl.classic.ProtocolExec - ex-0000000001 target auth state: UNCHALLENGED
2026-07-21 16:23:12.852 [main] DEBUG com.github.dockerjava.zerodep.shaded.org.apache.hc.client5.http.impl.classic.ProtocolExec - ex-0000000001 proxy auth state: UNCHALLENGED
2026-07-21 16:23:12.852 [main] DEBUG com.github.dockerjava.zerodep.shaded.org.apache.hc.client5.http.impl.classic.ConnectExec - ex-0000000001 acquiring connection with route {}->[unix://localhost:2375]
2026-07-21 16:23:12.852 [main] DEBUG com.github.dockerjava.zerodep.shaded.org.apache.hc.client5.http.impl.classic.InternalHttpClient - ex-0000000001 acquiring endpoint (3 MINUTES)
2026-07-21 16:23:12.853 [main] DEBUG com.github.dockerjava.zerodep.shaded.org.apache.hc.client5.http.impl.io.PoolingHttpClientConnectionManager - ex-0000000001 endpoint lease request (3 MINUTES) [route: {}->[unix://localhost:2375]][total available: 0; route allocated: 0 of 2147483647; total allocated: 0 of 2147483647]
2026-07-21 16:23:12.855 [main] DEBUG com.github.dockerjava.zerodep.shaded.org.apache.hc.client5.http.impl.io.PoolingHttpClientConnectionManager - ex-0000000001 endpoint leased [route: {}->[unix://localhost:2375]][total available: 0; route allocated: 1 of 2147483647; total allocated: 1 of 2147483647]
2026-07-21 16:23:12.858 [main] DEBUG com.github.dockerjava.zerodep.shaded.org.apache.hc.client5.http.impl.io.PoolingHttpClientConnectionManager - ex-0000000001 acquired ep-0000000001
2026-07-21 16:23:12.859 [main] DEBUG com.github.dockerjava.zerodep.shaded.org.apache.hc.client5.http.impl.classic.InternalHttpClient - ex-0000000001 acquired endpoint ep-0000000001
2026-07-21 16:23:12.859 [main] DEBUG com.github.dockerjava.zerodep.shaded.org.apache.hc.client5.http.impl.classic.ConnectExec - ex-0000000001 opening connection {}->[unix://localhost:2375]
2026-07-21 16:23:12.859 [main] DEBUG com.github.dockerjava.zerodep.shaded.org.apache.hc.client5.http.impl.classic.InternalHttpClient - ep-0000000001 connecting endpoint (null)
2026-07-21 16:23:12.859 [main] DEBUG com.github.dockerjava.zerodep.shaded.org.apache.hc.client5.http.impl.io.PoolingHttpClientConnectionManager - ep-0000000001 connecting endpoint to unix://localhost:2375 (3 MINUTES)
2026-07-21 16:23:12.860 [main] DEBUG com.github.dockerjava.zerodep.shaded.org.apache.hc.client5.http.impl.io.DefaultHttpClientConnectionOperator - unix://localhost:2375 connecting null->localhost/127.0.0.1:2375 (3 MINUTES)
2026-07-21 16:23:12.861 [main] DEBUG com.github.dockerjava.zerodep.shaded.org.apache.hc.client5.http.impl.io.DefaultHttpClientConnectionOperator - http-outgoing-0 unix://localhost:2375 connected /var/run/docker.sock->/var/run/docker.sock
2026-07-21 16:23:12.862 [main] DEBUG com.github.dockerjava.zerodep.shaded.org.apache.hc.client5.http.impl.io.PoolingHttpClientConnectionManager - ep-0000000001 connected http-outgoing-0
2026-07-21 16:23:12.862 [main] DEBUG com.github.dockerjava.zerodep.shaded.org.apache.hc.client5.http.impl.classic.InternalHttpClient - ep-0000000001 endpoint connected
2026-07-21 16:23:12.862 [main] DEBUG com.github.dockerjava.zerodep.shaded.org.apache.hc.client5.http.impl.classic.MainClientExec - ex-0000000001 executing GET /v1.44/_ping
2026-07-21 16:23:12.862 [main] DEBUG com.github.dockerjava.zerodep.shaded.org.apache.hc.client5.http.protocol.RequestAddCookies - ex-0000000001 Cookie spec selected: strict
2026-07-21 16:23:12.865 [main] DEBUG com.github.dockerjava.zerodep.shaded.org.apache.hc.client5.http.impl.classic.InternalHttpClient - ep-0000000001 start execution ex-0000000001
2026-07-21 16:23:12.866 [main] DEBUG com.github.dockerjava.zerodep.shaded.org.apache.hc.client5.http.impl.io.PoolingHttpClientConnectionManager - ep-0000000001 executing exchange ex-0000000001 over http-outgoing-0
2026-07-21 16:23:12.866 [main] DEBUG com.github.dockerjava.zerodep.shaded.org.apache.hc.client5.http.headers - http-outgoing-0 >> GET /v1.44/_ping HTTP/1.1
2026-07-21 16:23:12.866 [main] DEBUG com.github.dockerjava.zerodep.shaded.org.apache.hc.client5.http.headers - http-outgoing-0 >> x-tc-sid: c2815888-2ad9-4d1b-b81d-ff10c2a3009c
2026-07-21 16:23:12.866 [main] DEBUG com.github.dockerjava.zerodep.shaded.org.apache.hc.client5.http.headers - http-outgoing-0 >> User-Agent: tc-java/2.0.5
2026-07-21 16:23:12.866 [main] DEBUG com.github.dockerjava.zerodep.shaded.org.apache.hc.client5.http.headers - http-outgoing-0 >> Accept-Encoding: gzip, x-gzip, deflate
2026-07-21 16:23:12.866 [main] DEBUG com.github.dockerjava.zerodep.shaded.org.apache.hc.client5.http.headers - http-outgoing-0 >> Host: localhost:2375
2026-07-21 16:23:12.866 [main] DEBUG com.github.dockerjava.zerodep.shaded.org.apache.hc.client5.http.headers - http-outgoing-0 >> Connection: keep-alive
2026-07-21 16:23:12.867 [main] DEBUG com.github.dockerjava.zerodep.shaded.org.apache.hc.client5.http.wire - http-outgoing-0 >> "GET /v1.44/_ping HTTP/1.1[\r][\n]"
2026-07-21 16:23:12.867 [main] DEBUG com.github.dockerjava.zerodep.shaded.org.apache.hc.client5.http.wire - http-outgoing-0 >> "x-tc-sid: c2815888-2ad9-4d1b-b81d-ff10c2a3009c[\r][\n]"
2026-07-21 16:23:12.867 [main] DEBUG com.github.dockerjava.zerodep.shaded.org.apache.hc.client5.http.wire - http-outgoing-0 >> "User-Agent: tc-java/2.0.5[\r][\n]"
2026-07-21 16:23:12.867 [main] DEBUG com.github.dockerjava.zerodep.shaded.org.apache.hc.client5.http.wire - http-outgoing-0 >> "Accept-Encoding: gzip, x-gzip, deflate[\r][\n]"
2026-07-21 16:23:12.867 [main] DEBUG com.github.dockerjava.zerodep.shaded.org.apache.hc.client5.http.wire - http-outgoing-0 >> "Host: localhost:2375[\r][\n]"
2026-07-21 16:23:12.867 [main] DEBUG com.github.dockerjava.zerodep.shaded.org.apache.hc.client5.http.wire - http-outgoing-0 >> "Connection: keep-alive[\r][\n]"
2026-07-21 16:23:12.867 [main] DEBUG com.github.dockerjava.zerodep.shaded.org.apache.hc.client5.http.wire - http-outgoing-0 >> "[\r][\n]"
2026-07-21 16:23:12.871 [main] DEBUG com.github.dockerjava.zerodep.shaded.org.apache.hc.client5.http.wire - http-outgoing-0 << "HTTP/1.1 200 OK[\r][\n]"
2026-07-21 16:23:12.871 [main] DEBUG com.github.dockerjava.zerodep.shaded.org.apache.hc.client5.http.wire - http-outgoing-0 << "Api-Version: 1.54[\r][\n]"
2026-07-21 16:23:12.871 [main] DEBUG com.github.dockerjava.zerodep.shaded.org.apache.hc.client5.http.wire - http-outgoing-0 << "Builder-Version: 2[\r][\n]"
2026-07-21 16:23:12.871 [main] DEBUG com.github.dockerjava.zerodep.shaded.org.apache.hc.client5.http.wire - http-outgoing-0 << "Cache-Control: no-cache, no-store, must-revalidate[\r][\n]"
2026-07-21 16:23:12.871 [main] DEBUG com.github.dockerjava.zerodep.shaded.org.apache.hc.client5.http.wire - http-outgoing-0 << "Content-Type: text/plain; charset=utf-8[\r][\n]"
2026-07-21 16:23:12.871 [main] DEBUG com.github.dockerjava.zerodep.shaded.org.apache.hc.client5.http.wire - http-outgoing-0 << "Date: Tue, 21 Jul 2026 13:23:12 GMT[\r][\n]"
2026-07-21 16:23:12.872 [main] DEBUG com.github.dockerjava.zerodep.shaded.org.apache.hc.client5.http.wire - http-outgoing-0 << "Docker-Experimental: false[\r][\n]"
2026-07-21 16:23:12.872 [main] DEBUG com.github.dockerjava.zerodep.shaded.org.apache.hc.client5.http.wire - http-outgoing-0 << "Ostype: linux[\r][\n]"
2026-07-21 16:23:12.872 [main] DEBUG com.github.dockerjava.zerodep.shaded.org.apache.hc.client5.http.wire - http-outgoing-0 << "Pragma: no-cache[\r][\n]"
2026-07-21 16:23:12.872 [main] DEBUG com.github.dockerjava.zerodep.shaded.org.apache.hc.client5.http.wire - http-outgoing-0 << "Server: Docker/29.5.3 (linux)[\r][\n]"
2026-07-21 16:23:12.872 [main] DEBUG com.github.dockerjava.zerodep.shaded.org.apache.hc.client5.http.wire - http-outgoing-0 << "Swarm: inactive[\r][\n]"
2026-07-21 16:23:12.872 [main] DEBUG com.github.dockerjava.zerodep.shaded.org.apache.hc.client5.http.wire - http-outgoing-0 << "Transfer-Encoding: chunked[\r][\n]"
2026-07-21 16:23:12.872 [main] DEBUG com.github.dockerjava.zerodep.shaded.org.apache.hc.client5.http.wire - http-outgoing-0 << "[\r][\n]"
2026-07-21 16:23:12.873 [main] DEBUG com.github.dockerjava.zerodep.shaded.org.apache.hc.client5.http.headers - http-outgoing-0 << HTTP/1.1 200 OK
2026-07-21 16:23:12.873 [main] DEBUG com.github.dockerjava.zerodep.shaded.org.apache.hc.client5.http.headers - http-outgoing-0 << Api-Version: 1.54
2026-07-21 16:23:12.873 [main] DEBUG com.github.dockerjava.zerodep.shaded.org.apache.hc.client5.http.headers - http-outgoing-0 << Builder-Version: 2
2026-07-21 16:23:12.873 [main] DEBUG com.github.dockerjava.zerodep.shaded.org.apache.hc.client5.http.headers - http-outgoing-0 << Cache-Control: no-cache, no-store, must-revalidate
2026-07-21 16:23:12.873 [main] DEBUG com.github.dockerjava.zerodep.shaded.org.apache.hc.client5.http.headers - http-outgoing-0 << Content-Type: text/plain; charset=utf-8
2026-07-21 16:23:12.873 [main] DEBUG com.github.dockerjava.zerodep.shaded.org.apache.hc.client5.http.headers - http-outgoing-0 << Date: Tue, 21 Jul 2026 13:23:12 GMT
2026-07-21 16:23:12.873 [main] DEBUG com.github.dockerjava.zerodep.shaded.org.apache.hc.client5.http.headers - http-outgoing-0 << Docker-Experimental: false
2026-07-21 16:23:12.873 [main] DEBUG com.github.dockerjava.zerodep.shaded.org.apache.hc.client5.http.headers - http-outgoing-0 << Ostype: linux
2026-07-21 16:23:12.873 [main] DEBUG com.github.dockerjava.zerodep.shaded.org.apache.hc.client5.http.headers - http-outgoing-0 << Pragma: no-cache
2026-07-21 16:23:12.874 [main] DEBUG com.github.dockerjava.zerodep.shaded.org.apache.hc.client5.http.headers - http-outgoing-0 << Server: Docker/29.5.3 (linux)
2026-07-21 16:23:12.874 [main] DEBUG com.github.dockerjava.zerodep.shaded.org.apache.hc.client5.http.headers - http-outgoing-0 << Swarm: inactive
2026-07-21 16:23:12.874 [main] DEBUG com.github.dockerjava.zerodep.shaded.org.apache.hc.client5.http.headers - http-outgoing-0 << Transfer-Encoding: chunked
2026-07-21 16:23:12.876 [main] DEBUG com.github.dockerjava.zerodep.shaded.org.apache.hc.client5.http.impl.classic.MainClientExec - ex-0000000001 connection can be kept alive for 3 MINUTES
2026-07-21 16:23:12.877 [main] DEBUG com.github.dockerjava.zerodep.shaded.org.apache.hc.client5.http.wire - http-outgoing-0 << "2[\r][\n]"
2026-07-21 16:23:12.877 [main] DEBUG com.github.dockerjava.zerodep.shaded.org.apache.hc.client5.http.wire - http-outgoing-0 << "OK[\r][\n]"
2026-07-21 16:23:12.877 [main] DEBUG com.github.dockerjava.zerodep.shaded.org.apache.hc.client5.http.wire - http-outgoing-0 << "0[\r][\n]"
2026-07-21 16:23:12.878 [main] DEBUG com.github.dockerjava.zerodep.shaded.org.apache.hc.client5.http.wire - http-outgoing-0 << "[\r][\n]"
2026-07-21 16:23:12.878 [main] DEBUG com.github.dockerjava.zerodep.shaded.org.apache.hc.client5.http.impl.classic.InternalHttpClient - ep-0000000001 releasing valid endpoint
2026-07-21 16:23:12.878 [main] DEBUG com.github.dockerjava.zerodep.shaded.org.apache.hc.client5.http.impl.io.PoolingHttpClientConnectionManager - ep-0000000001 releasing endpoint
2026-07-21 16:23:12.878 [main] DEBUG com.github.dockerjava.zerodep.shaded.org.apache.hc.client5.http.impl.io.PoolingHttpClientConnectionManager - ep-0000000001 connection http-outgoing-0 can be kept alive for 3 MINUTES
2026-07-21 16:23:12.878 [main] DEBUG com.github.dockerjava.zerodep.shaded.org.apache.hc.client5.http.impl.io.PoolingHttpClientConnectionManager - ep-0000000001 connection released [route: {}->[unix://localhost:2375]][total available: 1; route allocated: 1 of 2147483647; total allocated: 1 of 2147483647]
2026-07-21 16:23:12.879 [main] DEBUG org.testcontainers.shaded.com.github.dockerjava.core.command.AbstrDockerCmd - Cmd: 
2026-07-21 16:23:12.880 [main] DEBUG com.github.dockerjava.zerodep.shaded.org.apache.hc.client5.http.impl.classic.InternalHttpClient - ex-0000000002 preparing request execution
2026-07-21 16:23:12.880 [main] DEBUG com.github.dockerjava.zerodep.shaded.org.apache.hc.client5.http.impl.classic.ProtocolExec - ex-0000000002 target auth state: UNCHALLENGED
2026-07-21 16:23:12.880 [main] DEBUG com.github.dockerjava.zerodep.shaded.org.apache.hc.client5.http.impl.classic.ProtocolExec - ex-0000000002 proxy auth state: UNCHALLENGED
2026-07-21 16:23:12.880 [main] DEBUG com.github.dockerjava.zerodep.shaded.org.apache.hc.client5.http.impl.classic.ConnectExec - ex-0000000002 acquiring connection with route {}->[unix://localhost:2375]
2026-07-21 16:23:12.880 [main] DEBUG com.github.dockerjava.zerodep.shaded.org.apache.hc.client5.http.impl.classic.InternalHttpClient - ex-0000000002 acquiring endpoint (3 MINUTES)
2026-07-21 16:23:12.880 [main] DEBUG com.github.dockerjava.zerodep.shaded.org.apache.hc.client5.http.impl.io.PoolingHttpClientConnectionManager - ex-0000000002 endpoint lease request (3 MINUTES) [route: {}->[unix://localhost:2375]][total available: 1; route allocated: 1 of 2147483647; total allocated: 1 of 2147483647]
2026-07-21 16:23:12.880 [main] DEBUG com.github.dockerjava.zerodep.shaded.org.apache.hc.client5.http.impl.io.PoolingHttpClientConnectionManager - ex-0000000002 endpoint leased [route: {}->[unix://localhost:2375]][total available: 0; route allocated: 1 of 2147483647; total allocated: 1 of 2147483647]
2026-07-21 16:23:12.880 [main] DEBUG com.github.dockerjava.zerodep.shaded.org.apache.hc.client5.http.impl.io.PoolingHttpClientConnectionManager - ex-0000000002 acquired ep-0000000002
2026-07-21 16:23:12.880 [main] DEBUG com.github.dockerjava.zerodep.shaded.org.apache.hc.client5.http.impl.classic.InternalHttpClient - ex-0000000002 acquired endpoint ep-0000000002
2026-07-21 16:23:12.880 [main] DEBUG com.github.dockerjava.zerodep.shaded.org.apache.hc.client5.http.impl.classic.MainClientExec - ex-0000000002 executing GET /v1.44/info
2026-07-21 16:23:12.880 [main] DEBUG com.github.dockerjava.zerodep.shaded.org.apache.hc.client5.http.protocol.RequestAddCookies - ex-0000000002 Cookie spec selected: strict
2026-07-21 16:23:12.881 [main] DEBUG com.github.dockerjava.zerodep.shaded.org.apache.hc.client5.http.impl.classic.InternalHttpClient - ep-0000000002 start execution ex-0000000002
2026-07-21 16:23:12.881 [main] DEBUG com.github.dockerjava.zerodep.shaded.org.apache.hc.client5.http.impl.io.PoolingHttpClientConnectionManager - ep-0000000002 executing exchange ex-0000000002 over http-outgoing-0
2026-07-21 16:23:12.881 [main] DEBUG com.github.dockerjava.zerodep.shaded.org.apache.hc.client5.http.headers - http-outgoing-0 >> GET /v1.44/info HTTP/1.1
2026-07-21 16:23:12.881 [main] DEBUG com.github.dockerjava.zerodep.shaded.org.apache.hc.client5.http.headers - http-outgoing-0 >> x-tc-sid: c2815888-2ad9-4d1b-b81d-ff10c2a3009c
2026-07-21 16:23:12.881 [main] DEBUG com.github.dockerjava.zerodep.shaded.org.apache.hc.client5.http.headers - http-outgoing-0 >> User-Agent: tc-java/2.0.5
2026-07-21 16:23:12.881 [main] DEBUG com.github.dockerjava.zerodep.shaded.org.apache.hc.client5.http.headers - http-outgoing-0 >> Accept-Encoding: gzip, x-gzip, deflate
2026-07-21 16:23:12.881 [main] DEBUG com.github.dockerjava.zerodep.shaded.org.apache.hc.client5.http.headers - http-outgoing-0 >> Host: localhost:2375
2026-07-21 16:23:12.881 [main] DEBUG com.github.dockerjava.zerodep.shaded.org.apache.hc.client5.http.headers - http-outgoing-0 >> Connection: keep-alive
2026-07-21 16:23:12.881 [main] DEBUG com.github.dockerjava.zerodep.shaded.org.apache.hc.client5.http.wire - http-outgoing-0 >> "GET /v1.44/info HTTP/1.1[\r][\n]"
2026-07-21 16:23:12.881 [main] DEBUG com.github.dockerjava.zerodep.shaded.org.apache.hc.client5.http.wire - http-outgoing-0 >> "x-tc-sid: c2815888-2ad9-4d1b-b81d-ff10c2a3009c[\r][\n]"
2026-07-21 16:23:12.881 [main] DEBUG com.github.dockerjava.zerodep.shaded.org.apache.hc.client5.http.wire - http-outgoing-0 >> "User-Agent: tc-java/2.0.5[\r][\n]"
2026-07-21 16:23:12.881 [main] DEBUG com.github.dockerjava.zerodep.shaded.org.apache.hc.client5.http.wire - http-outgoing-0 >> "Accept-Encoding: gzip, x-gzip, deflate[\r][\n]"
2026-07-21 16:23:12.881 [main] DEBUG com.github.dockerjava.zerodep.shaded.org.apache.hc.client5.http.wire - http-outgoing-0 >> "Host: localhost:2375[\r][\n]"
2026-07-21 16:23:12.881 [main] DEBUG com.github.dockerjava.zerodep.shaded.org.apache.hc.client5.http.wire - http-outgoing-0 >> "Connection: keep-alive[\r][\n]"
2026-07-21 16:23:12.881 [main] DEBUG com.github.dockerjava.zerodep.shaded.org.apache.hc.client5.http.wire - http-outgoing-0 >> "[\r][\n]"
2026-07-21 16:23:12.896 [main] DEBUG com.github.dockerjava.zerodep.shaded.org.apache.hc.client5.http.wire - http-outgoing-0 << "HTTP/1.1 200 OK[\r][\n]"
2026-07-21 16:23:12.896 [main] DEBUG com.github.dockerjava.zerodep.shaded.org.apache.hc.client5.http.wire - http-outgoing-0 << "Api-Version: 1.54[\r][\n]"
2026-07-21 16:23:12.896 [main] DEBUG com.github.dockerjava.zerodep.shaded.org.apache.hc.client5.http.wire - http-outgoing-0 << "Content-Type: application/json[\r][\n]"
2026-07-21 16:23:12.896 [main] DEBUG com.github.dockerjava.zerodep.shaded.org.apache.hc.client5.http.wire - http-outgoing-0 << "Date: Tue, 21 Jul 2026 13:23:12 GMT[\r][\n]"
2026-07-21 16:23:12.896 [main] DEBUG com.github.dockerjava.zerodep.shaded.org.apache.hc.client5.http.wire - http-outgoing-0 << "Docker-Experimental: false[\r][\n]"
2026-07-21 16:23:12.896 [main] DEBUG com.github.dockerjava.zerodep.shaded.org.apache.hc.client5.http.wire - http-outgoing-0 << "Ostype: linux[\r][\n]"
2026-07-21 16:23:12.896 [main] DEBUG com.github.dockerjava.zerodep.shaded.org.apache.hc.client5.http.wire - http-outgoing-0 << "Server: Docker/29.5.3 (linux)[\r][\n]"
2026-07-21 16:23:12.896 [main] DEBUG com.github.dockerjava.zerodep.shaded.org.apache.hc.client5.http.wire - http-outgoing-0 << "Transfer-Encoding: chunked[\r][\n]"
2026-07-21 16:23:12.896 [main] DEBUG com.github.dockerjava.zerodep.shaded.org.apache.hc.client5.http.wire - http-outgoing-0 << "[\r][\n]"
2026-07-21 16:23:12.896 [main] DEBUG com.github.dockerjava.zerodep.shaded.org.apache.hc.client5.http.headers - http-outgoing-0 << HTTP/1.1 200 OK
2026-07-21 16:23:12.897 [main] DEBUG com.github.dockerjava.zerodep.shaded.org.apache.hc.client5.http.headers - http-outgoing-0 << Api-Version: 1.54
2026-07-21 16:23:12.897 [main] DEBUG com.github.dockerjava.zerodep.shaded.org.apache.hc.client5.http.headers - http-outgoing-0 << Content-Type: application/json
2026-07-21 16:23:12.897 [main] DEBUG com.github.dockerjava.zerodep.shaded.org.apache.hc.client5.http.headers - http-outgoing-0 << Date: Tue, 21 Jul 2026 13:23:12 GMT
2026-07-21 16:23:12.897 [main] DEBUG com.github.dockerjava.zerodep.shaded.org.apache.hc.client5.http.headers - http-outgoing-0 << Docker-Experimental: false
2026-07-21 16:23:12.897 [main] DEBUG com.github.dockerjava.zerodep.shaded.org.apache.hc.client5.http.headers - http-outgoing-0 << Ostype: linux
2026-07-21 16:23:12.897 [main] DEBUG com.github.dockerjava.zerodep.shaded.org.apache.hc.client5.http.headers - http-outgoing-0 << Server: Docker/29.5.3 (linux)
2026-07-21 16:23:12.897 [main] DEBUG com.github.dockerjava.zerodep.shaded.org.apache.hc.client5.http.headers - http-outgoing-0 << Transfer-Encoding: chunked
2026-07-21 16:23:12.897 [main] DEBUG com.github.dockerjava.zerodep.shaded.org.apache.hc.client5.http.impl.classic.MainClientExec - ex-0000000002 connection can be kept alive for 3 MINUTES
2026-07-21 16:23:12.897 [main] DEBUG com.github.dockerjava.zerodep.shaded.org.apache.hc.client5.http.wire - http-outgoing-0 << "233d[\r][\n]"
2026-07-21 16:23:12.897 [main] DEBUG com.github.dockerjava.zerodep.shaded.org.apache.hc.client5.http.wire - http-outgoing-0 << "{"ID":"7e090a97-74d1-416d-9d58-47e93d86c215","Containers":2,"ContainersRunning":1,"ContainersPaused":0,"ContainersStopped":1,"Images":77,"Driver":"overlay2","DriverStatus":[["Backing Filesystem","extfs"],["Supports d_type","true"],["Using metacopy","false"],["Native Overlay Diff","true"],["userxattr","false"]],"Plugins":{"Volume":["local"],"Network":["bridge","host","ipvlan","macvlan","null","overlay"],"Authorization":null,"Log":["awslogs","fluentd","gcplogs","gelf","journald","json-file","local","splunk","syslog"]},"MemoryLimit":true,"SwapLimit":true,"CpuCfsPeriod":true,"CpuCfsQuota":true,"CPUShares":true,"CPUSet":true,"PidsLimit":true,"IPv4Forwarding":true,"Debug":false,"NFd":65,"OomKillDisable":false,"NGoroutines":108,"SystemTime":"2026-07-21T13:23:12.884420209Z","LoggingDriver":"json-file","CgroupDriver":"cgroupfs","CgroupVersion":"2","NEventsListener":15,"KernelVersion":"6.12.76-linuxkit","OperatingSystem":"Docker Desktop","OSVersion":"","OSType":"linux","Architecture":"aarch64","IndexServerAddress":"https://index.docker.io/v1/","RegistryConfig":{"InsecureRegistryCIDRs":["::1/128","127.0.0.0/8"],"IndexConfigs":{"docker.io":{"Name":"docker.io","Mirrors":[],"Secure":true,"Official":true},"hubproxy.docker.internal:5555":{"Name":"hubproxy.docker.internal:5555","Mirrors":[],"Secure":false,"Official":false}},"Mirrors":[]},"NCPU":12,"MemTotal":20941840384,"GenericResources":null,"DockerRootDir":"/var/lib/docker","HttpProxy":"http.docker.internal:3128","HttpsProxy":"http.docker.internal:3128","NoProxy":"hubproxy.docker.internal","Name":"docker-desktop","Labels":["com.docker.desktop.address=unix:///Users/d.rudik/Library/Containers/com.docker.docker/Data/docker-cli.sock"],"ExperimentalBuild":false,"ServerVersion":"29.5.3","Runtimes":{"io.containerd.runc.v2":{"path":"runc","status":{"org.opencontainers.runtime-spec.features":"{\"ociVersionMin\":\"1.0.0\",\"ociVersionMax\":\"1.2.1\",\"hooks\":[\"prestart\",\"createRuntime\",\"createContainer\",\"startContainer\",\"poststart\",\"poststop\"],\"mountOptions\":[\"async\",\"atime\",\"bind\",\"defaults\",\"dev\",\"diratime\",\"dirsync\",\"exec\",\"iversion\",\"lazytime\",\"loud\",\"mand\",\"noatime\",\"nodev\",\"nodiratime\",\"noexec\",\"noiversion\",\"nolazytime\",\"nomand\",\"norelatime\",\"nostrictatime\",\"nosuid\",\"nosymfollow\",\"private\",\"ratime\",\"rbind\",\"rdev\",\"rdiratime\",\"relatime\",\"remount\",\"rexec\",\"rnoatime\",\"rnodev\",\"rnodiratime\",\"rnoexec\",\"rnorelatime\",\"rnostrictatime\",\"rnosuid\",\"rnosymfollow\",\"ro\",\"rprivate\",\"rrelatime\",\"rro\",\"rrw\",\"rshared\",\"rslave\",\"rstrictatime\",\"rsuid\",\"rsymfollow\",\"runbindable\",\"rw\",\"shared\",\"silent\",\"slave\",\"strictatime\",\"suid\",\"symfollow\",\"sync\",\"tmpcopyup\",\"unbindable\"],\"linux\":{\"namespaces\":[\"cgroup\",\"ipc\",\"mount\",\"network\",\"pid\",\"time\",\"user\",\"uts\"],\"capabilities\":[\"CAP_CHOWN\",\"CAP_DAC_OVERRIDE\",\"CAP_DAC_READ_SEARCH\",\"CAP_FOWNER\",\"CAP_FSETID\",\"CAP_KILL\",\"CAP_SETGID\",\"CAP_SETUID\",\"CAP_SETPCAP\",\"CAP_LINUX_IMMUTABLE\",\"CAP_NET_BIND_SERVICE\",\"CAP_NET_BROADCAST\",\"CAP_NET_ADMIN\",\"CAP_NET_RAW\",\"CAP_IPC_LOCK\",\"CAP_IPC_OWNER\",\"CAP_SYS_MODULE\",\"CAP_SYS_RAWIO\",\"CAP_SYS_CHROOT\",\"CAP_SYS_PTRACE\",\"CAP_SYS_PACCT\",\"CAP_SYS_ADMIN\",\"CAP_SYS_BOOT\",\"CAP_SYS_NICE\",\"CAP_SYS_RESOURCE\",\"CAP_SYS_TIME\",\"CAP_SYS_TTY_CONFIG\",\"CAP_MKNOD\",\"CAP_LEASE\",\"CAP_AUDIT_WRITE\",\"CAP_AUDIT_CONTROL\",\"CAP_SETFCAP\",\"CAP_MAC_OVERRIDE\",\"CAP_MAC_ADMIN\",\"CAP_SYSLOG\",\"CAP_WAKE_ALARM\",\"CAP_BLOCK_SUSPEND\",\"CAP_AUDIT_READ\",\"CAP_PERFMON\",\"CAP_BPF\",\"CAP_CHECKPOINT_RESTORE\"],\"cgroup\":{\"v1\":true,\"v2\":true,\"systemd\":true,\"systemdUser\":true,\"rdma\":true},\"seccomp\":{\"enabled\":true,\"actions\":[\"SCMP_ACT_ALLOW\",\"SCMP_ACT_ERRNO\",\"SCMP_ACT_KILL\",\"SCMP_ACT_KILL_PROCESS\",\"SCMP_ACT_KILL_THREAD\",\"SCMP_ACT_LOG\",\"SCMP_ACT_NOTIFY\",\"SCMP_ACT_TRACE\",\"SCMP_ACT_TRAP\"],\"operators\":[\"SCMP_CMP_EQ\",\"SCMP_CMP_GE\",\"SCMP_CMP_GT\",\"SCMP_CMP_LE\",\"SCMP_CMP_LT\",\"SCMP_CMP_MASKED_EQ\",\"SCMP_CMP_NE\"],\"archs\":[\"SCMP_ARCH_AARCH64\",\"SCMP_ARCH_ARM\",\"SCMP_ARCH_MIPS\",\"SCMP_ARCH_MIPS64\",\"SCMP_ARCH_MIPS64N32\",\"SCMP_ARCH_MIPSEL\",\"SCMP_ARCH_MIPSEL64\",\"SCMP_ARCH_MIPSEL64N32\",\"SCMP_ARCH_PPC\",\"SCMP_ARCH_PPC64\",\"SCMP_ARCH_PPC64LE\",\"SCMP_ARCH_RISCV64\",\"SCMP_ARCH_S390\",\"SCMP_ARCH_S390X\",\"SCMP_ARCH_X32\",\"SCMP_ARCH_X86\",\"SCMP_ARCH_X86_64\"],\"knownFlags\":[\"SECCOMP_FILTER_FLAG_TSYNC\",\"SECCOMP_FILTER_FLAG_SPEC_ALLOW\",\"SECCOMP_FILTER_FLAG_LOG\"],\"supportedFlags\":[\"SECCOMP_FILTER_FLAG_TSYNC\",\"SECCOMP_FILTER_FLAG_SPEC_ALLOW\",\"SECCOMP_FILTER_FLAG_LOG\"]},\"apparmor\":{\"enabled\":true},\"selinux\":{\"enabled\":true},\"intelRdt\":{\"enabled\":true},\"mountExtensions\":{\"idmap\":{\"enabled\":true}}},\"annotations\":{\"io.github.seccomp.libseccomp.version\":\"2.5.4\",\"org.opencontainers.runc.checkpoint.enabled\":\"true\",\"org.opencontainers.runc.commit\":\"v1.3.5-0-g488fc13e\",\"org.opencontainers.runc.version\":\"1.3.5\\n\"},\"potentiallyUnsafeConfigAnnotations\":[\"bundle\",\"org.systemd.property.\",\"org.criu.config\"]}"}},"runc":{"path":"runc","status":{"org.opencontainers.runtime-spec.features":"{\"ociVersionMin\":\"1.0.0\",\"ociVersionMax\":\"1.2.1\",\"hooks\":[\"prestart\",\"createRuntime\",\"createContainer\",\"startContainer\",\"poststart\",\"poststop\"],\"mountOptions\":[\"async\",\"atime\",\"bind\",\"defaults\",\"dev\",\"diratime\",\"dirsync\",\"exec\",\"iversion\",\"lazytime\",\"loud\",\"mand\",\"noatime\",\"nodev\",\"nodiratime\",\"noexec\",\"noiversion\",\"nolazytime\",\"nomand\",\"norelatime\",\"nostrictatime\",\"nosuid\",\"nosymfollow\",\"private\",\"ratime\",\"rbind\",\"rdev\",\"rdiratime\",\"relatime\",\"remount\",\"rexec\",\"rnoatime\",\"rnodev\",\"rnodiratime\",\"rnoexec\",\"rnorelatime\",\"rnostrictatime\",\"rnosuid\",\"rnosymfollow\",\"ro\",\"rprivate\",\"rrelatime\",\"rro\",\"rrw\",\"rshared\",\"rslave\",\"rstrictatime\",\"rsuid\",\"rsymfollow\",\"runbindable\",\"rw\",\"shared\",\"silent\",\"slave\",\"strictatime\",\"suid\",\"symfollow\",\"sync\",\"tmpcopyup\",\"unbindable\"],\"linux\":{\"namespaces\":[\"cgroup\",\"ipc\",\"mount\",\"network\",\"pid\",\"time\",\"user\",\"uts\"],\"capabilities\":[\"CAP_CHOWN\",\"CAP_DAC_OVERRIDE\",\"CAP_DAC_READ_SEARCH\",\"CAP_FOWNER\",\"CAP_FSETID\",\"CAP_KILL\",\"CAP_SETGID\",\"CAP_SETUID\",\"CAP_SETPCAP\",\"CAP_LINUX_IMMUTABLE\",\"CAP_NET_BIND_SERVICE\",\"CAP_NET_BROADCAST\",\"CAP_NET_ADMIN\",\"CAP_NET_RAW\",\"CAP_IPC_LOCK\",\"CAP_IPC_OWNER\",\"CAP_SYS_MODULE\",\"CAP_SYS_RAWIO\",\"CAP_SYS_CHROOT\",\"CAP_SYS_PTRACE\",\"CAP_SYS_PACCT\",\"CAP_SYS_ADMIN\",\"CAP_SYS_BOOT\",\"CAP_SYS_NICE\",\"CAP_SYS_RESOURCE\",\"CAP_SYS_TIME\",\"CAP_SYS_TTY_CONFIG\",\"CAP_MKNOD\",\"CAP_LEASE\",\"CAP_AUDIT_WRITE\",\"CAP_AUDIT_CONTROL\",\"CAP_SETFCAP\",\"CAP_MAC_OVERRIDE\",\"CAP_MAC_ADMIN\",\"CAP_SYSLOG\",\"CAP_WAKE_ALARM\",\"CAP_BLOCK_SUSPEND\",\"CAP_AUDIT_READ\",\"CAP_PERFMON\",\"CAP_BPF\",\"CAP_CHECKPOINT_RESTORE\"],\"cgroup\":{\"v1\":true,\"v2\":true,\"systemd\":true,\"systemdUser\":true,\"rdma\":true},\"seccomp\":{\"enabled\":true,\"actions\":[\"SCMP_ACT_ALLOW\",\"SCMP_ACT_ERRNO\",\"SCMP_ACT_KILL\",\"SCMP_ACT_KILL_PROCESS\",\"SCMP_ACT_KILL_THREAD\",\"SCMP_ACT_LOG\",\"SCMP_ACT_NOTIFY\",\"SCMP_ACT_TRACE\",\"SCMP_ACT_TRAP\"],\"operators\":[\"SCMP_CMP_EQ\",\"SCMP_CMP_GE\",\"SCMP_CMP_GT\",\"SCMP_CMP_LE\",\"SCMP_CMP_LT\",\"SCMP_CMP_MASKED_EQ\",\"SCMP_CMP_NE\"],\"archs\":[\"SCMP_ARCH_AARCH64\",\"SCMP_ARCH_ARM\",\"SCMP_ARCH_MIPS\",\"SCMP_ARCH_MIPS64\",\"SCMP_ARCH_MIPS64N32\",\"SCMP_ARCH_MIPSEL\",\"SCMP_ARCH_MIPSEL64\",\"SCMP_ARCH_MIPSEL64N32\",\"SCMP_ARCH_PPC\",\"SCMP_ARCH_PPC64\",\"SCMP_ARCH_PPC64LE\",\"SCMP_ARCH_RISCV64\",\"SCMP_ARCH_S390\",\"SCMP_ARCH_S390X\",\"SCMP_ARCH_X32\",\"SCMP_ARCH_X86\",\"SCMP_ARCH_X86_64\"],\"knownFlags\":[\"SECCOMP_FILTER_FLAG_TSYNC\",\"SECCOMP_FILTER_FLAG_SPEC_ALLOW\",\"SECCOMP_FILTER_FLAG_LOG\"],\"supportedFlags\":[\"SECCOMP_FILTER_FLAG_TSYNC\",\"SECCOMP_FILTER_FLAG_SPEC_ALLOW\",\"SECCOMP_FILTER_FLAG_LOG\"]},\"apparmor\":{\"enabled\":true},\"selinux\":{\"enabled\":true},\"intelRdt\":{\"enabled\":true},\"mountExtensions\":{\"idmap\":{"
2026-07-21 16:23:12.919 [main] DEBUG com.github.dockerjava.zerodep.shaded.org.apache.hc.client5.http.wire - http-outgoing-0 << "\"enabled\":true}}},\"annotations\":{\"io.github.seccomp.libseccomp.version\":\"2.5.4\",\"org.opencontainers.runc.checkpoint.enabled\":\"true\",\"org.opencontainers.runc.commit\":\"v1.3.5-0-g488fc13e\",\"org.opencontainers.runc.version\":\"1.3.5\\n\"},\"potentiallyUnsafeConfigAnnotations\":[\"bundle\",\"org.systemd.property.\",\"org.criu.config\"]}"}}},"DefaultRuntime":"runc","Swarm":{"NodeID":"","NodeAddr":"","LocalNodeState":"inactive","ControlAvailable":false,"Error":"","RemoteManagers":null},"LiveRestoreEnabled":false,"Isolation":"","InitBinary":"docker-init","ContainerdCommit":{"ID":"193637f7ee8ae5f5aa5248f49e7baa3e6164966e"},"RuncCommit":{"ID":"v1.3.5-0-g488fc13e"},"InitCommit":{"ID":"de40ad0"},"SecurityOptions":["name=seccomp,profile=builtin","name=cgroupns"],"CDISpecDirs":["/etc/cdi","/var/run/cdi"],"Warnings":null}"
2026-07-21 16:23:12.931 [main] DEBUG com.github.dockerjava.zerodep.shaded.org.apache.hc.client5.http.wire - http-outgoing-0 << "[\r][\n]"
2026-07-21 16:23:12.931 [main] DEBUG com.github.dockerjava.zerodep.shaded.org.apache.hc.client5.http.wire - http-outgoing-0 << "0[\r][\n]"
2026-07-21 16:23:12.931 [main] DEBUG com.github.dockerjava.zerodep.shaded.org.apache.hc.client5.http.wire - http-outgoing-0 << "[\r][\n]"
2026-07-21 16:23:12.931 [main] DEBUG com.github.dockerjava.zerodep.shaded.org.apache.hc.client5.http.impl.classic.InternalHttpClient - ep-0000000002 releasing valid endpoint
2026-07-21 16:23:12.931 [main] DEBUG com.github.dockerjava.zerodep.shaded.org.apache.hc.client5.http.impl.io.PoolingHttpClientConnectionManager - ep-0000000002 releasing endpoint
2026-07-21 16:23:12.931 [main] DEBUG com.github.dockerjava.zerodep.shaded.org.apache.hc.client5.http.impl.io.PoolingHttpClientConnectionManager - ep-0000000002 connection http-outgoing-0 can be kept alive for 3 MINUTES
2026-07-21 16:23:12.931 [main] DEBUG com.github.dockerjava.zerodep.shaded.org.apache.hc.client5.http.impl.io.PoolingHttpClientConnectionManager - ep-0000000002 connection released [route: {}->[unix://localhost:2375]][total available: 1; route allocated: 1 of 2147483647; total allocated: 1 of 2147483647]
2026-07-21 16:23:12.931 [main] INFO  org.testcontainers.dockerclient.DockerClientProviderStrategy - Found Docker environment with local Unix socket (unix:///var/run/docker.sock)
2026-07-21 16:23:12.931 [main] DEBUG org.testcontainers.dockerclient.DockerClientProviderStrategy - Transport type: 'httpclient5', Docker host: 'unix:///var/run/docker.sock'
2026-07-21 16:23:12.931 [main] DEBUG org.testcontainers.dockerclient.DockerClientProviderStrategy - Checking Docker OS type for local Unix socket (unix:///var/run/docker.sock)
2026-07-21 16:23:12.932 [main] INFO  org.testcontainers.DockerClientFactory - Docker host IP address is localhost
2026-07-21 16:23:12.932 [main] DEBUG org.testcontainers.DockerClientFactory - Docker info: {CDISpecDirs=[/etc/cdi, /var/run/cdi], NGoroutines=108, Name=docker-desktop, Swarm={NodeID=, NodeAddr=, LocalNodeState=inactive, ControlAvailable=false, Error=, RemoteManagers=null}, RuncCommit={ID=v1.3.5-0-g488fc13e}, OSVersion=, Runtimes={io.containerd.runc.v2={path=runc, status={org.opencontainers.runtime-spec.features={"ociVersionMin":"1.0.0","ociVersionMax":"1.2.1","hooks":["prestart","createRuntime","createContainer","startContainer","poststart","poststop"],"mountOptions":["async","atime","bind","defaults","dev","diratime","dirsync","exec","iversion","lazytime","loud","mand","noatime","nodev","nodiratime","noexec","noiversion","nolazytime","nomand","norelatime","nostrictatime","nosuid","nosymfollow","private","ratime","rbind","rdev","rdiratime","relatime","remount","rexec","rnoatime","rnodev","rnodiratime","rnoexec","rnorelatime","rnostrictatime","rnosuid","rnosymfollow","ro","rprivate","rrelatime","rro","rrw","rshared","rslave","rstrictatime","rsuid","rsymfollow","runbindable","rw","shared","silent","slave","strictatime","suid","symfollow","sync","tmpcopyup","unbindable"],"linux":{"namespaces":["cgroup","ipc","mount","network","pid","time","user","uts"],"capabilities":["CAP_CHOWN","CAP_DAC_OVERRIDE","CAP_DAC_READ_SEARCH","CAP_FOWNER","CAP_FSETID","CAP_KILL","CAP_SETGID","CAP_SETUID","CAP_SETPCAP","CAP_LINUX_IMMUTABLE","CAP_NET_BIND_SERVICE","CAP_NET_BROADCAST","CAP_NET_ADMIN","CAP_NET_RAW","CAP_IPC_LOCK","CAP_IPC_OWNER","CAP_SYS_MODULE","CAP_SYS_RAWIO","CAP_SYS_CHROOT","CAP_SYS_PTRACE","CAP_SYS_PACCT","CAP_SYS_ADMIN","CAP_SYS_BOOT","CAP_SYS_NICE","CAP_SYS_RESOURCE","CAP_SYS_TIME","CAP_SYS_TTY_CONFIG","CAP_MKNOD","CAP_LEASE","CAP_AUDIT_WRITE","CAP_AUDIT_CONTROL","CAP_SETFCAP","CAP_MAC_OVERRIDE","CAP_MAC_ADMIN","CAP_SYSLOG","CAP_WAKE_ALARM","CAP_BLOCK_SUSPEND","CAP_AUDIT_READ","CAP_PERFMON","CAP_BPF","CAP_CHECKPOINT_RESTORE"],"cgroup":{"v1":true,"v2":true,"systemd":true,"systemdUser":true,"rdma":true},"seccomp":{"enabled":true,"actions":["SCMP_ACT_ALLOW","SCMP_ACT_ERRNO","SCMP_ACT_KILL","SCMP_ACT_KILL_PROCESS","SCMP_ACT_KILL_THREAD","SCMP_ACT_LOG","SCMP_ACT_NOTIFY","SCMP_ACT_TRACE","SCMP_ACT_TRAP"],"operators":["SCMP_CMP_EQ","SCMP_CMP_GE","SCMP_CMP_GT","SCMP_CMP_LE","SCMP_CMP_LT","SCMP_CMP_MASKED_EQ","SCMP_CMP_NE"],"archs":["SCMP_ARCH_AARCH64","SCMP_ARCH_ARM","SCMP_ARCH_MIPS","SCMP_ARCH_MIPS64","SCMP_ARCH_MIPS64N32","SCMP_ARCH_MIPSEL","SCMP_ARCH_MIPSEL64","SCMP_ARCH_MIPSEL64N32","SCMP_ARCH_PPC","SCMP_ARCH_PPC64","SCMP_ARCH_PPC64LE","SCMP_ARCH_RISCV64","SCMP_ARCH_S390","SCMP_ARCH_S390X","SCMP_ARCH_X32","SCMP_ARCH_X86","SCMP_ARCH_X86_64"],"knownFlags":["SECCOMP_FILTER_FLAG_TSYNC","SECCOMP_FILTER_FLAG_SPEC_ALLOW","SECCOMP_FILTER_FLAG_LOG"],"supportedFlags":["SECCOMP_FILTER_FLAG_TSYNC","SECCOMP_FILTER_FLAG_SPEC_ALLOW","SECCOMP_FILTER_FLAG_LOG"]},"apparmor":{"enabled":true},"selinux":{"enabled":true},"intelRdt":{"enabled":true},"mountExtensions":{"idmap":{"enabled":true}}},"annotations":{"io.github.seccomp.libseccomp.version":"2.5.4","org.opencontainers.runc.checkpoint.enabled":"true","org.opencontainers.runc.commit":"v1.3.5-0-g488fc13e","org.opencontainers.runc.version":"1.3.5\n"},"potentiallyUnsafeConfigAnnotations":["bundle","org.systemd.property.","org.criu.config"]}}}, runc={path=runc, status={org.opencontainers.runtime-spec.features={"ociVersionMin":"1.0.0","ociVersionMax":"1.2.1","hooks":["prestart","createRuntime","createContainer","startContainer","poststart","poststop"],"mountOptions":["async","atime","bind","defaults","dev","diratime","dirsync","exec","iversion","lazytime","loud","mand","noatime","nodev","nodiratime","noexec","noiversion","nolazytime","nomand","norelatime","nostrictatime","nosuid","nosymfollow","private","ratime","rbind","rdev","rdiratime","relatime","remount","rexec","rnoatime","rnodev","rnodiratime","rnoexec","rnorelatime","rnostrictatime","rnosuid","rnosymfollow","ro","rprivate","rrelatime","rro","rrw","rshared","rslave","rstrictatime","rsuid","rsymfollow","runbindable","rw","shared","silent","slave","strictatime","suid","symfollow","sync","tmpcopyup","unbindable"],"linux":{"namespaces":["cgroup","ipc","mount","network","pid","time","user","uts"],"capabilities":["CAP_CHOWN","CAP_DAC_OVERRIDE","CAP_DAC_READ_SEARCH","CAP_FOWNER","CAP_FSETID","CAP_KILL","CAP_SETGID","CAP_SETUID","CAP_SETPCAP","CAP_LINUX_IMMUTABLE","CAP_NET_BIND_SERVICE","CAP_NET_BROADCAST","CAP_NET_ADMIN","CAP_NET_RAW","CAP_IPC_LOCK","CAP_IPC_OWNER","CAP_SYS_MODULE","CAP_SYS_RAWIO","CAP_SYS_CHROOT","CAP_SYS_PTRACE","CAP_SYS_PACCT","CAP_SYS_ADMIN","CAP_SYS_BOOT","CAP_SYS_NICE","CAP_SYS_RESOURCE","CAP_SYS_TIME","CAP_SYS_TTY_CONFIG","CAP_MKNOD","CAP_LEASE","CAP_AUDIT_WRITE","CAP_AUDIT_CONTROL","CAP_SETFCAP","CAP_MAC_OVERRIDE","CAP_MAC_ADMIN","CAP_SYSLOG","CAP_WAKE_ALARM","CAP_BLOCK_SUSPEND","CAP_AUDIT_READ","CAP_PERFMON","CAP_BPF","CAP_CHECKPOINT_RESTORE"],"cgroup":{"v1":true,"v2":true,"systemd":true,"systemdUser":true,"rdma":true},"seccomp":{"enabled":true,"actions":["SCMP_ACT_ALLOW","SCMP_ACT_ERRNO","SCMP_ACT_KILL","SCMP_ACT_KILL_PROCESS","SCMP_ACT_KILL_THREAD","SCMP_ACT_LOG","SCMP_ACT_NOTIFY","SCMP_ACT_TRACE","SCMP_ACT_TRAP"],"operators":["SCMP_CMP_EQ","SCMP_CMP_GE","SCMP_CMP_GT","SCMP_CMP_LE","SCMP_CMP_LT","SCMP_CMP_MASKED_EQ","SCMP_CMP_NE"],"archs":["SCMP_ARCH_AARCH64","SCMP_ARCH_ARM","SCMP_ARCH_MIPS","SCMP_ARCH_MIPS64","SCMP_ARCH_MIPS64N32","SCMP_ARCH_MIPSEL","SCMP_ARCH_MIPSEL64","SCMP_ARCH_MIPSEL64N32","SCMP_ARCH_PPC","SCMP_ARCH_PPC64","SCMP_ARCH_PPC64LE","SCMP_ARCH_RISCV64","SCMP_ARCH_S390","SCMP_ARCH_S390X","SCMP_ARCH_X32","SCMP_ARCH_X86","SCMP_ARCH_X86_64"],"knownFlags":["SECCOMP_FILTER_FLAG_TSYNC","SECCOMP_FILTER_FLAG_SPEC_ALLOW","SECCOMP_FILTER_FLAG_LOG"],"supportedFlags":["SECCOMP_FILTER_FLAG_TSYNC","SECCOMP_FILTER_FLAG_SPEC_ALLOW","SECCOMP_FILTER_FLAG_LOG"]},"apparmor":{"enabled":true},"selinux":{"enabled":true},"intelRdt":{"enabled":true},"mountExtensions":{"idmap":{"enabled":true}}},"annotations":{"io.github.seccomp.libseccomp.version":"2.5.4","org.opencontainers.runc.checkpoint.enabled":"true","org.opencontainers.runc.commit":"v1.3.5-0-g488fc13e","org.opencontainers.runc.version":"1.3.5\n"},"potentiallyUnsafeConfigAnnotations":["bundle","org.systemd.property.","org.criu.config"]}}}}, ID=7e090a97-74d1-416d-9d58-47e93d86c215, DriverStatus=[[Backing Filesystem, extfs], [Supports d_type, true], [Using metacopy, false], [Native Overlay Diff, true], [userxattr, false]], LiveRestoreEnabled=false, SystemTime=2026-07-21T13:23:12.884420209Z, NoProxy=hubproxy.docker.internal, Architecture=aarch64, NEventsListener=15, HttpsProxy=http.docker.internal:3128, Images=77, ContainersRunning=1, Labels=[com.docker.desktop.address=unix:///Users/d.rudik/Library/Containers/com.docker.docker/Data/docker-cli.sock], InitCommit={ID=de40ad0}, NFd=65, KernelVersion=6.12.76-linuxkit, LoggingDriver=json-file, OSType=linux, SecurityOptions=[name=seccomp,profile=builtin, name=cgroupns], ContainerdCommit={ID=193637f7ee8ae5f5aa5248f49e7baa3e6164966e}, GenericResources=null, OperatingSystem=Docker Desktop, RegistryConfig={InsecureRegistryCIDRs=[::1/128, 127.0.0.0/8], IndexConfigs={docker.io={Name=docker.io, Mirrors=[], Secure=true, Official=true}, hubproxy.docker.internal:5555={Name=hubproxy.docker.internal:5555, Mirrors=[], Secure=false, Official=false}}, Mirrors=[]}, ServerVersion=29.5.3, OomKillDisable=false, CpuCfsQuota=true, Containers=2, Driver=overlay2, IPv4Forwarding=true, ExperimentalBuild=false, DockerRootDir=/var/lib/docker, CPUSet=true, CpuCfsPeriod=true, DefaultRuntime=runc, CPUShares=true, Debug=false, NCPU=12, Plugins={Volume=[local], Network=[bridge, host, ipvlan, macvlan, null, overlay], Authorization=null, Log=[awslogs, fluentd, gcplogs, gelf, journald, json-file, local, splunk, syslog]}, SwapLimit=true, CgroupDriver=cgroupfs, ContainersPaused=0, MemTotal=20941840384, IndexServerAddress=https://index.docker.io/v1/, MemoryLimit=true, HttpProxy=http.docker.internal:3128, InitBinary=docker-init, CgroupVersion=2, PidsLimit=true, Isolation=, Warnings=null, ContainersStopped=1}
2026-07-21 16:23:12.934 [main] DEBUG org.testcontainers.shaded.com.github.dockerjava.core.command.AbstrDockerCmd - Cmd: 
2026-07-21 16:23:12.934 [main] TRACE org.testcontainers.shaded.com.github.dockerjava.core.exec.VersionCmdExec - GET: DefaultWebTarget{path=[/version], queryParams={}}
2026-07-21 16:23:12.934 [main] DEBUG com.github.dockerjava.zerodep.shaded.org.apache.hc.client5.http.impl.classic.InternalHttpClient - ex-0000000003 preparing request execution
2026-07-21 16:23:12.934 [main] DEBUG com.github.dockerjava.zerodep.shaded.org.apache.hc.client5.http.impl.classic.ProtocolExec - ex-0000000003 target auth state: UNCHALLENGED
2026-07-21 16:23:12.935 [main] DEBUG com.github.dockerjava.zerodep.shaded.org.apache.hc.client5.http.impl.classic.ProtocolExec - ex-0000000003 proxy auth state: UNCHALLENGED
2026-07-21 16:23:12.935 [main] DEBUG com.github.dockerjava.zerodep.shaded.org.apache.hc.client5.http.impl.classic.ConnectExec - ex-0000000003 acquiring connection with route {}->[unix://localhost:2375]
2026-07-21 16:23:12.935 [main] DEBUG com.github.dockerjava.zerodep.shaded.org.apache.hc.client5.http.impl.classic.InternalHttpClient - ex-0000000003 acquiring endpoint (3 MINUTES)
2026-07-21 16:23:12.935 [main] DEBUG com.github.dockerjava.zerodep.shaded.org.apache.hc.client5.http.impl.io.PoolingHttpClientConnectionManager - ex-0000000003 endpoint lease request (3 MINUTES) [route: {}->[unix://localhost:2375]][total available: 1; route allocated: 1 of 2147483647; total allocated: 1 of 2147483647]
2026-07-21 16:23:12.935 [main] DEBUG com.github.dockerjava.zerodep.shaded.org.apache.hc.client5.http.impl.io.PoolingHttpClientConnectionManager - ex-0000000003 endpoint leased [route: {}->[unix://localhost:2375]][total available: 0; route allocated: 1 of 2147483647; total allocated: 1 of 2147483647]
2026-07-21 16:23:12.935 [main] DEBUG com.github.dockerjava.zerodep.shaded.org.apache.hc.client5.http.impl.io.PoolingHttpClientConnectionManager - ex-0000000003 acquired ep-0000000003
2026-07-21 16:23:12.935 [main] DEBUG com.github.dockerjava.zerodep.shaded.org.apache.hc.client5.http.impl.classic.InternalHttpClient - ex-0000000003 acquired endpoint ep-0000000003
2026-07-21 16:23:12.935 [main] DEBUG com.github.dockerjava.zerodep.shaded.org.apache.hc.client5.http.impl.classic.MainClientExec - ex-0000000003 executing GET /v1.44/version
2026-07-21 16:23:12.935 [main] DEBUG com.github.dockerjava.zerodep.shaded.org.apache.hc.client5.http.protocol.RequestAddCookies - ex-0000000003 Cookie spec selected: strict
2026-07-21 16:23:12.935 [main] DEBUG com.github.dockerjava.zerodep.shaded.org.apache.hc.client5.http.impl.classic.InternalHttpClient - ep-0000000003 start execution ex-0000000003
2026-07-21 16:23:12.935 [main] DEBUG com.github.dockerjava.zerodep.shaded.org.apache.hc.client5.http.impl.io.PoolingHttpClientConnectionManager - ep-0000000003 executing exchange ex-0000000003 over http-outgoing-0
2026-07-21 16:23:12.935 [main] DEBUG com.github.dockerjava.zerodep.shaded.org.apache.hc.client5.http.headers - http-outgoing-0 >> GET /v1.44/version HTTP/1.1
2026-07-21 16:23:12.935 [main] DEBUG com.github.dockerjava.zerodep.shaded.org.apache.hc.client5.http.headers - http-outgoing-0 >> accept: application/json
2026-07-21 16:23:12.935 [main] DEBUG com.github.dockerjava.zerodep.shaded.org.apache.hc.client5.http.headers - http-outgoing-0 >> x-tc-sid: c2815888-2ad9-4d1b-b81d-ff10c2a3009c
2026-07-21 16:23:12.935 [main] DEBUG com.github.dockerjava.zerodep.shaded.org.apache.hc.client5.http.headers - http-outgoing-0 >> User-Agent: tc-java/2.0.5
2026-07-21 16:23:12.935 [main] DEBUG com.github.dockerjava.zerodep.shaded.org.apache.hc.client5.http.headers - http-outgoing-0 >> Accept-Encoding: gzip, x-gzip, deflate
2026-07-21 16:23:12.935 [main] DEBUG com.github.dockerjava.zerodep.shaded.org.apache.hc.client5.http.headers - http-outgoing-0 >> Host: localhost:2375
2026-07-21 16:23:12.935 [main] DEBUG com.github.dockerjava.zerodep.shaded.org.apache.hc.client5.http.headers - http-outgoing-0 >> Connection: keep-alive
2026-07-21 16:23:12.935 [main] DEBUG com.github.dockerjava.zerodep.shaded.org.apache.hc.client5.http.wire - http-outgoing-0 >> "GET /v1.44/version HTTP/1.1[\r][\n]"
2026-07-21 16:23:12.935 [main] DEBUG com.github.dockerjava.zerodep.shaded.org.apache.hc.client5.http.wire - http-outgoing-0 >> "accept: application/json[\r][\n]"
2026-07-21 16:23:12.935 [main] DEBUG com.github.dockerjava.zerodep.shaded.org.apache.hc.client5.http.wire - http-outgoing-0 >> "x-tc-sid: c2815888-2ad9-4d1b-b81d-ff10c2a3009c[\r][\n]"
2026-07-21 16:23:12.935 [main] DEBUG com.github.dockerjava.zerodep.shaded.org.apache.hc.client5.http.wire - http-outgoing-0 >> "User-Agent: tc-java/2.0.5[\r][\n]"
2026-07-21 16:23:12.935 [main] DEBUG com.github.dockerjava.zerodep.shaded.org.apache.hc.client5.http.wire - http-outgoing-0 >> "Accept-Encoding: gzip, x-gzip, deflate[\r][\n]"
2026-07-21 16:23:12.935 [main] DEBUG com.github.dockerjava.zerodep.shaded.org.apache.hc.client5.http.wire - http-outgoing-0 >> "Host: localhost:2375[\r][\n]"
2026-07-21 16:23:12.936 [main] DEBUG com.github.dockerjava.zerodep.shaded.org.apache.hc.client5.http.wire - http-outgoing-0 >> "Connection: keep-alive[\r][\n]"
2026-07-21 16:23:12.936 [main] DEBUG com.github.dockerjava.zerodep.shaded.org.apache.hc.client5.http.wire - http-outgoing-0 >> "[\r][\n]"
2026-07-21 16:23:12.948 [main] DEBUG com.github.dockerjava.zerodep.shaded.org.apache.hc.client5.http.wire - http-outgoing-0 << "HTTP/1.1 200 OK[\r][\n]"
2026-07-21 16:23:12.948 [main] DEBUG com.github.dockerjava.zerodep.shaded.org.apache.hc.client5.http.wire - http-outgoing-0 << "Api-Version: 1.54[\r][\n]"
2026-07-21 16:23:12.949 [main] DEBUG com.github.dockerjava.zerodep.shaded.org.apache.hc.client5.http.wire - http-outgoing-0 << "Content-Type: application/json[\r][\n]"
2026-07-21 16:23:12.949 [main] DEBUG com.github.dockerjava.zerodep.shaded.org.apache.hc.client5.http.wire - http-outgoing-0 << "Date: Tue, 21 Jul 2026 13:23:12 GMT[\r][\n]"
2026-07-21 16:23:12.949 [main] DEBUG com.github.dockerjava.zerodep.shaded.org.apache.hc.client5.http.wire - http-outgoing-0 << "Docker-Experimental: false[\r][\n]"
2026-07-21 16:23:12.949 [main] DEBUG com.github.dockerjava.zerodep.shaded.org.apache.hc.client5.http.wire - http-outgoing-0 << "Ostype: linux[\r][\n]"
2026-07-21 16:23:12.949 [main] DEBUG com.github.dockerjava.zerodep.shaded.org.apache.hc.client5.http.wire - http-outgoing-0 << "Server: Docker/29.5.3 (linux)[\r][\n]"
2026-07-21 16:23:12.949 [main] DEBUG com.github.dockerjava.zerodep.shaded.org.apache.hc.client5.http.wire - http-outgoing-0 << "Transfer-Encoding: chunked[\r][\n]"
2026-07-21 16:23:12.949 [main] DEBUG com.github.dockerjava.zerodep.shaded.org.apache.hc.client5.http.wire - http-outgoing-0 << "[\r][\n]"
2026-07-21 16:23:12.949 [main] DEBUG com.github.dockerjava.zerodep.shaded.org.apache.hc.client5.http.headers - http-outgoing-0 << HTTP/1.1 200 OK
2026-07-21 16:23:12.949 [main] DEBUG com.github.dockerjava.zerodep.shaded.org.apache.hc.client5.http.headers - http-outgoing-0 << Api-Version: 1.54
2026-07-21 16:23:12.949 [main] DEBUG com.github.dockerjava.zerodep.shaded.org.apache.hc.client5.http.headers - http-outgoing-0 << Content-Type: application/json
2026-07-21 16:23:12.949 [main] DEBUG com.github.dockerjava.zerodep.shaded.org.apache.hc.client5.http.headers - http-outgoing-0 << Date: Tue, 21 Jul 2026 13:23:12 GMT
2026-07-21 16:23:12.949 [main] DEBUG com.github.dockerjava.zerodep.shaded.org.apache.hc.client5.http.headers - http-outgoing-0 << Docker-Experimental: false
2026-07-21 16:23:12.949 [main] DEBUG com.github.dockerjava.zerodep.shaded.org.apache.hc.client5.http.headers - http-outgoing-0 << Ostype: linux
2026-07-21 16:23:12.949 [main] DEBUG com.github.dockerjava.zerodep.shaded.org.apache.hc.client5.http.headers - http-outgoing-0 << Server: Docker/29.5.3 (linux)
2026-07-21 16:23:12.949 [main] DEBUG com.github.dockerjava.zerodep.shaded.org.apache.hc.client5.http.headers - http-outgoing-0 << Transfer-Encoding: chunked
2026-07-21 16:23:12.949 [main] DEBUG com.github.dockerjava.zerodep.shaded.org.apache.hc.client5.http.impl.classic.MainClientExec - ex-0000000003 connection can be kept alive for 3 MINUTES
2026-07-21 16:23:12.949 [main] DEBUG com.github.dockerjava.zerodep.shaded.org.apache.hc.client5.http.wire - http-outgoing-0 << "37e[\r][\n]"
2026-07-21 16:23:12.949 [main] DEBUG com.github.dockerjava.zerodep.shaded.org.apache.hc.client5.http.wire - http-outgoing-0 << "{"Platform":{"Name":"Docker Desktop 4.78.0 (229452)"},"Version":"29.5.3","ApiVersion":"1.54","MinAPIVersion":"1.40","Os":"linux","Arch":"arm64","Components":[{"Name":"Engine","Version":"29.5.3","Details":{"ApiVersion":"1.54","Arch":"arm64","BuildTime":"2026-06-03T18:00:14.000000000+00:00","Experimental":"false","GitCommit":"285b471","GoVersion":"go1.26.4","KernelVersion":"6.12.76-linuxkit","MinAPIVersion":"1.40","Module":"github.com/moby/moby/v2","ModuleVersion":"v2.0.0+unknown","Os":"linux"}},{"Name":"containerd","Version":"v2.2.4","Details":{"GitCommit":"193637f7ee8ae5f5aa5248f49e7baa3e6164966e"}},{"Name":"runc","Version":"1.3.5","Details":{"GitCommit":"v1.3.5-0-g488fc13e"}},{"Name":"docker-init","Version":"0.19.0","Details":{"GitCommit":"de40ad0"}}],"GitCommit":"285b471","GoVersion":"go1.26.4","KernelVersion":"6.12.76-linuxkit","BuildTime":"2026-06-03T18:00:14.000000000+00:00"}[\n]"
2026-07-21 16:23:12.949 [main] DEBUG com.github.dockerjava.zerodep.shaded.org.apache.hc.client5.http.wire - http-outgoing-0 << "[\r][\n]"
2026-07-21 16:23:12.949 [main] DEBUG com.github.dockerjava.zerodep.shaded.org.apache.hc.client5.http.wire - http-outgoing-0 << "0[\r][\n]"
2026-07-21 16:23:12.949 [main] DEBUG com.github.dockerjava.zerodep.shaded.org.apache.hc.client5.http.wire - http-outgoing-0 << "[\r][\n]"
2026-07-21 16:23:12.954 [main] DEBUG com.github.dockerjava.zerodep.shaded.org.apache.hc.client5.http.impl.classic.InternalHttpClient - ep-0000000003 releasing valid endpoint
2026-07-21 16:23:12.954 [main] DEBUG com.github.dockerjava.zerodep.shaded.org.apache.hc.client5.http.impl.io.PoolingHttpClientConnectionManager - ep-0000000003 releasing endpoint
2026-07-21 16:23:12.954 [main] DEBUG com.github.dockerjava.zerodep.shaded.org.apache.hc.client5.http.impl.io.PoolingHttpClientConnectionManager - ep-0000000003 connection http-outgoing-0 can be kept alive for 3 MINUTES
2026-07-21 16:23:12.954 [main] DEBUG com.github.dockerjava.zerodep.shaded.org.apache.hc.client5.http.impl.io.PoolingHttpClientConnectionManager - ep-0000000003 connection released [route: {}->[unix://localhost:2375]][total available: 1; route allocated: 1 of 2147483647; total allocated: 1 of 2147483647]
2026-07-21 16:23:12.954 [main] DEBUG org.testcontainers.DockerClientFactory - Docker version: {Components=[{Name=Engine, Version=29.5.3, Details={ApiVersion=1.54, Arch=arm64, BuildTime=2026-06-03T18:00:14.000000000+00:00, Experimental=false, GitCommit=285b471, GoVersion=go1.26.4, KernelVersion=6.12.76-linuxkit, MinAPIVersion=1.40, Module=github.com/moby/moby/v2, ModuleVersion=v2.0.0+unknown, Os=linux}}, {Name=containerd, Version=v2.2.4, Details={GitCommit=193637f7ee8ae5f5aa5248f49e7baa3e6164966e}}, {Name=runc, Version=1.3.5, Details={GitCommit=v1.3.5-0-g488fc13e}}, {Name=docker-init, Version=0.19.0, Details={GitCommit=de40ad0}}], KernelVersion=6.12.76-linuxkit, ApiVersion=1.54, Platform={Name=Docker Desktop 4.78.0 (229452)}, Os=linux, GitCommit=285b471, Version=29.5.3, MinAPIVersion=1.40, Arch=arm64, GoVersion=go1.26.4, BuildTime=2026-06-03T18:00:14.000000000+00:00}
2026-07-21 16:23:12.955 [main] INFO  org.testcontainers.DockerClientFactory - Connected to docker: 
  Server Version: 29.5.3
  API Version: 1.54
  Operating System: Docker Desktop
  Total Memory: 19971 MB
  Labels: 
    com.docker.desktop.address=unix:///Users/d.rudik/Library/Containers/com.docker.docker/Data/docker-cli.sock
2026-07-21 16:23:12.959 [main] DEBUG org.testcontainers.utility.RyukResourceReaper - Ryuk is enabled
2026-07-21 16:23:12.960 [main] DEBUG org.testcontainers.utility.PrefixingImageNameSubstitutor - No prefix is configured
2026-07-21 16:23:12.960 [main] DEBUG org.testcontainers.utility.ImageNameSubstitutor - Did not find a substitute image for testcontainers/ryuk:0.14.0 (using image substitutor: DefaultImageNameSubstitutor (composite of 'ConfigurationFileImageNameSubstitutor' and 'PrefixingImageNameSubstitutor'))
2026-07-21 16:23:12.963 [main] DEBUG org.testcontainers.shaded.com.github.dockerjava.core.command.AbstrDockerCmd - Cmd: ListImagesCmdImpl[filters=org.testcontainers.shaded.com.github.dockerjava.core.util.FiltersBuilder@0,imageNameFilter=<null>,showAll=false]
2026-07-21 16:23:12.963 [main] TRACE org.testcontainers.shaded.com.github.dockerjava.core.exec.ListImagesCmdExec - GET: DefaultWebTarget{path=[/images/json], queryParams={}}
2026-07-21 16:23:12.963 [main] DEBUG com.github.dockerjava.zerodep.shaded.org.apache.hc.client5.http.impl.classic.InternalHttpClient - ex-0000000004 preparing request execution
2026-07-21 16:23:12.963 [main] DEBUG com.github.dockerjava.zerodep.shaded.org.apache.hc.client5.http.impl.classic.ProtocolExec - ex-0000000004 target auth state: UNCHALLENGED
2026-07-21 16:23:12.964 [main] DEBUG com.github.dockerjava.zerodep.shaded.org.apache.hc.client5.http.impl.classic.ProtocolExec - ex-0000000004 proxy auth state: UNCHALLENGED
2026-07-21 16:23:12.964 [main] DEBUG com.github.dockerjava.zerodep.shaded.org.apache.hc.client5.http.impl.classic.ConnectExec - ex-0000000004 acquiring connection with route {}->[unix://localhost:2375]
2026-07-21 16:23:12.964 [main] DEBUG com.github.dockerjava.zerodep.shaded.org.apache.hc.client5.http.impl.classic.InternalHttpClient - ex-0000000004 acquiring endpoint (3 MINUTES)
2026-07-21 16:23:12.964 [main] DEBUG com.github.dockerjava.zerodep.shaded.org.apache.hc.client5.http.impl.io.PoolingHttpClientConnectionManager - ex-0000000004 endpoint lease request (3 MINUTES) [route: {}->[unix://localhost:2375]][total available: 1; route allocated: 1 of 2147483647; total allocated: 1 of 2147483647]
2026-07-21 16:23:12.964 [main] DEBUG com.github.dockerjava.zerodep.shaded.org.apache.hc.client5.http.impl.io.PoolingHttpClientConnectionManager - ex-0000000004 endpoint leased [route: {}->[unix://localhost:2375]][total available: 0; route allocated: 1 of 2147483647; total allocated: 1 of 2147483647]
2026-07-21 16:23:12.964 [main] DEBUG com.github.dockerjava.zerodep.shaded.org.apache.hc.client5.http.impl.io.PoolingHttpClientConnectionManager - ex-0000000004 acquired ep-0000000004
2026-07-21 16:23:12.964 [main] DEBUG com.github.dockerjava.zerodep.shaded.org.apache.hc.client5.http.impl.classic.InternalHttpClient - ex-0000000004 acquired endpoint ep-0000000004
2026-07-21 16:23:12.964 [main] DEBUG com.github.dockerjava.zerodep.shaded.org.apache.hc.client5.http.impl.classic.MainClientExec - ex-0000000004 executing GET /v1.44/images/json
2026-07-21 16:23:12.964 [main] DEBUG com.github.dockerjava.zerodep.shaded.org.apache.hc.client5.http.protocol.RequestAddCookies - ex-0000000004 Cookie spec selected: strict
2026-07-21 16:23:12.964 [main] DEBUG com.github.dockerjava.zerodep.shaded.org.apache.hc.client5.http.impl.classic.InternalHttpClient - ep-0000000004 start execution ex-0000000004
2026-07-21 16:23:12.964 [main] DEBUG com.github.dockerjava.zerodep.shaded.org.apache.hc.client5.http.impl.io.PoolingHttpClientConnectionManager - ep-0000000004 executing exchange ex-0000000004 over http-outgoing-0
2026-07-21 16:23:12.964 [main] DEBUG com.github.dockerjava.zerodep.shaded.org.apache.hc.client5.http.headers - http-outgoing-0 >> GET /v1.44/images/json HTTP/1.1
2026-07-21 16:23:12.964 [main] DEBUG com.github.dockerjava.zerodep.shaded.org.apache.hc.client5.http.headers - http-outgoing-0 >> accept: application/json
2026-07-21 16:23:12.964 [main] DEBUG com.github.dockerjava.zerodep.shaded.org.apache.hc.client5.http.headers - http-outgoing-0 >> x-tc-sid: c2815888-2ad9-4d1b-b81d-ff10c2a3009c
2026-07-21 16:23:12.964 [main] DEBUG com.github.dockerjava.zerodep.shaded.org.apache.hc.client5.http.headers - http-outgoing-0 >> User-Agent: tc-java/2.0.5
2026-07-21 16:23:12.964 [main] DEBUG com.github.dockerjava.zerodep.shaded.org.apache.hc.client5.http.headers - http-outgoing-0 >> Accept-Encoding: gzip, x-gzip, deflate
2026-07-21 16:23:12.964 [main] DEBUG com.github.dockerjava.zerodep.shaded.org.apache.hc.client5.http.headers - http-outgoing-0 >> Host: localhost:2375
2026-07-21 16:23:12.964 [main] DEBUG com.github.dockerjava.zerodep.shaded.org.apache.hc.client5.http.headers - http-outgoing-0 >> Connection: keep-alive
2026-07-21 16:23:12.964 [main] DEBUG com.github.dockerjava.zerodep.shaded.org.apache.hc.client5.http.wire - http-outgoing-0 >> "GET /v1.44/images/json HTTP/1.1[\r][\n]"
2026-07-21 16:23:12.964 [main] DEBUG com.github.dockerjava.zerodep.shaded.org.apache.hc.client5.http.wire - http-outgoing-0 >> "accept: application/json[\r][\n]"
2026-07-21 16:23:12.964 [main] DEBUG com.github.dockerjava.zerodep.shaded.org.apache.hc.client5.http.wire - http-outgoing-0 >> "x-tc-sid: c2815888-2ad9-4d1b-b81d-ff10c2a3009c[\r][\n]"
2026-07-21 16:23:12.964 [main] DEBUG com.github.dockerjava.zerodep.shaded.org.apache.hc.client5.http.wire - http-outgoing-0 >> "User-Agent: tc-java/2.0.5[\r][\n]"
2026-07-21 16:23:12.964 [main] DEBUG com.github.dockerjava.zerodep.shaded.org.apache.hc.client5.http.wire - http-outgoing-0 >> "Accept-Encoding: gzip, x-gzip, deflate[\r][\n]"
2026-07-21 16:23:12.964 [main] DEBUG com.github.dockerjava.zerodep.shaded.org.apache.hc.client5.http.wire - http-outgoing-0 >> "Host: localhost:2375[\r][\n]"
2026-07-21 16:23:12.964 [main] DEBUG com.github.dockerjava.zerodep.shaded.org.apache.hc.client5.http.wire - http-outgoing-0 >> "Connection: keep-alive[\r][\n]"
2026-07-21 16:23:12.964 [main] DEBUG com.github.dockerjava.zerodep.shaded.org.apache.hc.client5.http.wire - http-outgoing-0 >> "[\r][\n]"
2026-07-21 16:23:12.981 [main] DEBUG com.github.dockerjava.zerodep.shaded.org.apache.hc.client5.http.wire - http-outgoing-0 << "HTTP/1.1 200 OK[\r][\n]"
2026-07-21 16:23:12.981 [main] DEBUG com.github.dockerjava.zerodep.shaded.org.apache.hc.client5.http.wire - http-outgoing-0 << "Api-Version: 1.54[\r][\n]"
2026-07-21 16:23:12.981 [main] DEBUG com.github.dockerjava.zerodep.shaded.org.apache.hc.client5.http.wire - http-outgoing-0 << "Content-Type: application/json[\r][\n]"
2026-07-21 16:23:12.981 [main] DEBUG com.github.dockerjava.zerodep.shaded.org.apache.hc.client5.http.wire - http-outgoing-0 << "Date: Tue, 21 Jul 2026 13:23:12 GMT[\r][\n]"
2026-07-21 16:23:12.981 [main] DEBUG com.github.dockerjava.zerodep.shaded.org.apache.hc.client5.http.wire - http-outgoing-0 << "Docker-Experimental: false[\r][\n]"
2026-07-21 16:23:12.981 [main] DEBUG com.github.dockerjava.zerodep.shaded.org.apache.hc.client5.http.wire - http-outgoing-0 << "Ostype: linux[\r][\n]"
2026-07-21 16:23:12.981 [main] DEBUG com.github.dockerjava.zerodep.shaded.org.apache.hc.client5.http.wire - http-outgoing-0 << "Server: Docker/29.5.3 (linux)[\r][\n]"
2026-07-21 16:23:12.981 [main] DEBUG com.github.dockerjava.zerodep.shaded.org.apache.hc.client5.http.wire - http-outgoing-0 << "Transfer-Encoding: chunked[\r][\n]"
2026-07-21 16:23:12.981 [main] DEBUG com.github.dockerjava.zerodep.shaded.org.apache.hc.client5.http.wire - http-outgoing-0 << "[\r][\n]"
2026-07-21 16:23:12.981 [main] DEBUG com.github.dockerjava.zerodep.shaded.org.apache.hc.client5.http.wire - http-outgoing-0 << "7771[\r][\n]"
2026-07-21 16:23:12.982 [main] DEBUG com.github.dockerjava.zerodep.shaded.org.apache.hc.client5.http.wire - http-outgoing-0 << "[{"Containers":-1,"Created":1782379325,"Id":"sha256:87129bd916d80486d2ab267d4fa4172658b8959f8419a28abe496a0104c892ae","Labels":null,"ParentId":"","RepoDigests":[],"RepoTags":["kefir:latest"],"SharedSize":-1,"Size":249423321},{"Containers":-1,"Created":1782311604,"Id":"sha256:0d4d184a0434481d0b4102ac251bdd3b20e852a6ab46ba82f1cd0551576c8f09","Labels":null,"ParentId":"","RepoDigests":[],"RepoTags":[],"SharedSize":-1,"Size":249422170},{"Containers":-1,"Created":1782310815,"Id":"sha256:7e4af952402c045f5a3287a0eccb3bea90c9eee7c100edbcd4f18d4a86c9fbdd","Labels":null,"ParentId":"","RepoDigests":[],"RepoTags":[],"SharedSize":-1,"Size":249422114},{"Containers":-1,"Created":1782285650,"Id":"sha256:5377bbcbeb04baedf9c0fd064f03439266fa2357fb0fa3d80204ee364f51e581","Labels":null,"ParentId":"","RepoDigests":[],"RepoTags":[],"SharedSize":-1,"Size":249422086},{"Containers":-1,"Created":1782134962,"Id":"sha256:1114b189aacfb9a0fad7e3ba4c627e2a8ac295bd94e8fca6b930fc336ee05072","Labels":null,"ParentId":"","RepoDigests":["docker-proxy.artifactory.tcsbank.ru/dimarudik/pg_planb@sha256:4760d0bda8f5f1900b798fa86a1ffafe15e9c637888b6f8228d998d7962cc9a5","dimarudik/pg_planb@sha256:4760d0bda8f5f1900b798fa86a1ffafe15e9c637888b6f8228d998d7962cc9a5"],"RepoTags":["docker-proxy.artifactory.tcsbank.ru/dimarudik/pg_planb:15","dimarudik/pg_planb:15"],"SharedSize":-1,"Size":467609834},{"Containers":-1,"Created":1782127231,"Id":"sha256:7640924919f19b539c47e37bf9259b0cff2b3d47f1aefe4b20b5ecd8f984cd4e","Labels":{"org.testcontainers":"true","org.testcontainers.lang":"java","org.testcontainers.version":"2.0.4"},"ParentId":"sha256:4a431ddbba13f88c88cf760562380cd0c6af6b0f531ef17eacef6a62b5417f36","RepoDigests":[],"RepoTags":["humus-postgres-planb:latest"],"SharedSize":-1,"Size":1358708253},{"Containers":-1,"Created":1781650846,"Id":"sha256:0ab885cf71916beded83c51df1ea71acddeab24048fd957b4f4471f59dcb9bc5","Labels":null,"ParentId":"","RepoDigests":["postgres@sha256:e013e867e712fec275706a6c51c966f0bb0c93cfa8f51000f85a15f9865a28cb"],"RepoTags":["postgres:16-alpine"],"SharedSize":-1,"Size":288013079},{"Containers":-1,"Created":1781197339,"Id":"sha256:afd493ea0cda7e811fb7c741012b52ae007c65ec870aa9760f74731e5475f796","Labels":{"architecture":"aarch64","build-date":"2026-06-02T05:43:37Z","com.redhat.component":"ubi9-minimal-container","com.redhat.license_terms":"https://www.redhat.com/en/about/red-hat-end-user-license-agreements#UBI","cpe":"cpe:/a:redhat:enterprise_linux:9::appstream","description":"Common base image for Confluent lightweight Docker images.","distribution-scope":"public","io.buildah.version":"1.42.2","io.confluent.docker":"true","io.confluent.docker.build.number":"d56d85b0","io.confluent.docker.git.id":"9a12a1a","io.confluent.docker.git.repo":"confluentinc/kafka-images","io.k8s.description":"The Universal Base Image Minimal is a stripped down image that uses microdnf as a package manager. This base image is freely redistributable, but Red Hat only supports Red Hat technologies through subscriptions for Red Hat products. This image is maintained by Red Hat and updated regularly.","io.k8s.display-name":"Red Hat Universal Base Image 9 Minimal","io.openshift.expose-services":"","io.openshift.tags":"minimal rhel9","maintainer":"partner-support@confluent.io","name":"cp-kafka","org.opencontainers.image.created":"2026-06-02T05:43:37Z","org.opencontainers.image.revision":"842dd1c603c36c8d242d5ec075adccffb3bfea5c","release":"8.2.2-22","summary":"Confluent platform Kafka.","url":"https://catalog.redhat.com/en/search?searchType=containers","vcs-ref":"842dd1c603c36c8d242d5ec075adccffb3bfea5c","vcs-type":"git","vendor":"Confluent","version":"9a12a1a"},"ParentId":"","RepoDigests":["confluentinc/cp-kafka@sha256:8e01c0305844d6c05bfb8e86479f5f363bb6a53497625395943a9da780de67ce"],"RepoTags":["confluentinc/cp-kafka:8.2.2"],"SharedSize":-1,"Size":559154659},{"Containers":-1,"Created":1781138227,"Id":"sha256:e0be29002d92c115b0ab851a3cd08eafee3ad5cb4074e98983bd296326a95c5f","Labels":null,"ParentId":"","RepoDigests":["postgres@sha256:c2ca90969ca293925ab474466e837689cc712321afdd9e4640bd0cf942fdca3a"],"RepoTags":["postgres:15"],"SharedSize":-1,"Size":467322471},{"Containers":-1,"Created":1780672671,"Id":"sha256:935558f31c86a12b7df43c4e9d4ba74eb7979e647542163d785a42ce30426309","Labels":{"VCS_METRICS_CI_COMMIT_SHA":"a387c5837c0365bb9db706416a51ce5b6deebf8b","VCS_METRICS_CI_PROJECT_ID":"101627","commit.hash":"a387c5837c0365bb9db706416a51ce5b6deebf8b","description":"Ubuntu 20.04 LTS (Focal) base image","project":"provider","ru.tinkoff.base.codename":"base-focal","ru.tinkoff.vendor":"Tinkoff.ru","tenant":"thermostat","version":"1.10.128"},"ParentId":"","RepoDigests":["docker-hosted.artifactory.tcsbank.ru/thermostat/provider-mock@sha256:cd5edd05ff2008c13f89ca27ccac861889b91ea0889be97672a7269df4cc7693"],"RepoTags":["docker-hosted.artifactory.tcsbank.ru/thermostat/provider-mock:release-0.6.1"],"SharedSize":-1,"Size":706941656},{"Containers":-1,"Created":1779480877,"Id":"sha256:46c881ac185dd2f404d2cee0c6e6ddf22c6c114b86b1d352db71fee93578da68","Labels":{"org.opencontainers.image.version":"22.04"},"ParentId":"","RepoDigests":["clickhouse@sha256:770156c537ca9124046e138a3b5845c64ea58ce8722de7a2e05fd827f4976520"],"RepoTags":["clickhouse:latest"],"SharedSize":-1,"Size":823872396},{"Containers":-1,"Created":1779409292,"Id":"sha256:da4a113e49060ee1cd54922b6513104674cceb4446000a548fba220ab5c4d6ab","Labels":{"com.clickhouse.build.version":"26.5.1.882","org.opencontainers.image.version":"22.04"},"ParentId":"","RepoDigests":["clickhouse/clickhouse-server@sha256:07afc18d8a9706eb9d85c5c5d2752e5270f91bbc2894caeaecb73e4d0f603bf5"],"RepoTags":["clickhouse/clickhouse-server:latest"],"SharedSize":-1,"Size":823872396},{"Containers":-1,"Created":1778785119,"Id":"sha256:af3c650fd19f37237a7167ee314db565ed6fbea90e94aa794330b6284b7fbd04","Labels":null,"ParentId":"","RepoDigests":["postgres@sha256:270cac6290e2dbf63201faa0e474bfa391fdeba5c439326904d43753b6f3387c","postgres@sha256:f7ce845ee6873dd84be93c9828fe0d1fab0f9707dc9ac569694657398b290bce"],"RepoTags":["postgres:18"],"SharedSize":-1,"Size":479294629},{"Containers":-1,"Created":1778670930,"Id":"sha256:9ad0bfd0970d33c76ea367b2c51653c14c97a39a748d8a66da25d01010abf8fa","Labels":null,"ParentId":"","RepoDigests":["moby/buildkit@sha256:0168606be2315b7c807a03b3d8aa79beefdb31c98740cebdffdfeebf31190c9f"],"RepoTags":["moby/buildkit:buildx-stable-1"],"SharedSize":-1,"Size":240970387},{"Containers":-1,"Created":1773700533,"Id":"sha256:dfee641c8b6719541e843300d13ce6de986ef764f012a59db21260fc09f77b69","Labels":null,"ParentId":"","RepoDigests":["docker-proxy.artifactory.tcsbank.ru/postgres@sha256:a9abf4275f9e99bff8e6aed712b3b7dfec9cac1341bba01c1ffdfce9ff9fc34a"],"RepoTags":["docker-proxy.artifactory.tcsbank.ru/postgres:latest"],"SharedSize":-1,"Size":479065626},{"Containers":-1,"Created":1772134159,"Id":"sha256:98e8adef37c633b03ac294e9fa80b939a7be708f4a29323571254d869a959008","Labels":null,"ParentId":"","RepoDigests":["postgres@sha256:fceb6f86328c36f2438fae3b851b0cc57c4a7e69a58c866d9ce24281f2cf0c9c"],"RepoTags":["postgres:15-alpine"],"SharedSize":-1,"Size":269554512},{"Containers":-1,"Created":1770273243,"Id":"sha256:1d9b39e6e267624f7d51ba9d402f46a968bb0e8bbd904ff78d54d9021ffb4a56","Labels":{"com.microsoft.product":"Microsoft SQL Server","com.microsoft.version":"17.0.4015.4","org.opencontainers.image.ref.name":"ubuntu","org.opencontainers.image.version":"24.04","vendor":"Microsoft"},"ParentId":"","RepoDigests":["mcr.microsoft.com/mssql/server@sha256:5ffdffd2ba852051c2fc2f5b310391bf896dbaf8d16cc026a3c859d6214b30d1"],"RepoTags":["mcr.microsoft.com/mssql/server:latest"],"SharedSize":-1,"Size":1815510308},{"Containers":-1,"Created":1769244559,"Id":"sha256:dbcbf900d336c59707d537c6d2b7e5119a7d3c29874f25e40faf813c4ab53bff","Labels":{"com.microsoft.product":"Microsoft SQL Server","com.microsoft.version":"16.0.4236.2","org.opencontainers.image.ref.name":"ubuntu","org.opencontainers.image.vers"
2026-07-21 16:23:12.982 [main] DEBUG com.github.dockerjava.zerodep.shaded.org.apache.hc.client5.http.headers - http-outgoing-0 << HTTP/1.1 200 OK
2026-07-21 16:23:12.982 [main] DEBUG com.github.dockerjava.zerodep.shaded.org.apache.hc.client5.http.headers - http-outgoing-0 << Api-Version: 1.54
2026-07-21 16:23:12.982 [main] DEBUG com.github.dockerjava.zerodep.shaded.org.apache.hc.client5.http.headers - http-outgoing-0 << Content-Type: application/json
2026-07-21 16:23:12.982 [main] DEBUG com.github.dockerjava.zerodep.shaded.org.apache.hc.client5.http.headers - http-outgoing-0 << Date: Tue, 21 Jul 2026 13:23:12 GMT
2026-07-21 16:23:12.982 [main] DEBUG com.github.dockerjava.zerodep.shaded.org.apache.hc.client5.http.headers - http-outgoing-0 << Docker-Experimental: false
2026-07-21 16:23:12.982 [main] DEBUG com.github.dockerjava.zerodep.shaded.org.apache.hc.client5.http.headers - http-outgoing-0 << Ostype: linux
2026-07-21 16:23:12.982 [main] DEBUG com.github.dockerjava.zerodep.shaded.org.apache.hc.client5.http.headers - http-outgoing-0 << Server: Docker/29.5.3 (linux)
2026-07-21 16:23:12.982 [main] DEBUG com.github.dockerjava.zerodep.shaded.org.apache.hc.client5.http.headers - http-outgoing-0 << Transfer-Encoding: chunked
2026-07-21 16:23:12.982 [main] DEBUG com.github.dockerjava.zerodep.shaded.org.apache.hc.client5.http.impl.classic.MainClientExec - ex-0000000004 connection can be kept alive for 3 MINUTES
2026-07-21 16:23:12.986 [main] DEBUG com.github.dockerjava.zerodep.shaded.org.apache.hc.client5.http.wire - http-outgoing-0 << "ion":"22.04","vendor":"Microsoft"},"ParentId":"","RepoDigests":["mcr.microsoft.com/mssql/server@sha256:0ec7739e1c5ec2f57861facbe1f2b74f1d3e147c7c97edf91eeea920c5944d9c"],"RepoTags":["mcr.microsoft.com/mssql/server:2022-latest"],"SharedSize":-1,"Size":1627993577},{"Containers":-1,"Created":1769071016,"Id":"sha256:13b03de7ed71532f90bfaf24bfbb022e8cb847b15e646dab47fd0dff5911bfb5","Labels":{"VCS_METRICS_CI_COMMIT_SHA":"ce3cf699e0195bf12bbd149a9862aa971568f95b","VCS_METRICS_CI_PROJECT_ID":"17973"},"ParentId":"","RepoDigests":["docker-hosted.artifactory.tcsbank.ru/unic/autodoc-beaver-alpha-macos-local@sha256:8aebb1f0243aaeee25b3610dd0e38f7137f6ef167f4fea81445a3463fcff7468"],"RepoTags":["docker-hosted.artifactory.tcsbank.ru/unic/autodoc-beaver-alpha-macos-local:latest"],"SharedSize":-1,"Size":1102498320},{"Containers":-1,"Created":1768909261,"Id":"sha256:0e867be6d2b84266f1bca68a88bd7cafd2db0b28520dddb5d711fa6903b15148","Labels":{"org.opencontainers.image.ref.name":"ubuntu","org.opencontainers.image.version":"24.04"},"ParentId":"","RepoDigests":[],"RepoTags":["demo:latest"],"SharedSize":-1,"Size":175859060},{"Containers":-1,"Created":1763081445,"Id":"sha256:fc35ba4930440a304c2926b1b8e3f331648da8ffe0213dc0165e1f19a3275ec2","Labels":{"org.opencontainers.image.ref.name":"ubuntu","org.opencontainers.image.version":"22.04"},"ParentId":"","RepoDigests":["cassandra@sha256:9a14b18eb658851e8939cfdeca8fcbca389f5f0d00fca4a995d80b6accfcbd96"],"RepoTags":["cassandra:3.11.19"],"SharedSize":-1,"Size":291535172},{"Containers":-1,"Created":1763081419,"Id":"sha256:acc3c9e360a29e9b8aa31ee965951169fcd0216d156c20dcecda8867341bd4fd","Labels":{"org.opencontainers.image.ref.name":"ubuntu","org.opencontainers.image.version":"22.04"},"ParentId":"","RepoDigests":["cassandra@sha256:ef317ed8ee30492ba1d3841093540e56d5347f3b18da458042839d8d312d98b7"],"RepoTags":["cassandra:4.1.10"],"SharedSize":-1,"Size":344960699},{"Containers":-1,"Created":1763081414,"Id":"sha256:098f229009434c1961bf3844e48112d3196ebfd50551405587f0ab04ce467da9","Labels":{"org.opencontainers.image.ref.name":"ubuntu","org.opencontainers.image.version":"22.04"},"ParentId":"","RepoDigests":["cassandra@sha256:5e2c85d2d5db759c28c3efb50905f8d237f958321d6dfd8c176cb148700d9ade"],"RepoTags":["cassandra:latest"],"SharedSize":-1,"Size":371568124},{"Containers":-1,"Created":1759258693,"Id":"sha256:fb816a7354a066958c432bbab0f52397965d5bf0ac5c3a27839cd5a5cb1b2486","Labels":null,"ParentId":"","RepoDigests":["postgres@sha256:49f7dcce1efddd8d86ae3f37dcba206b5655d9fac3d3872d2823177fd6c1e7fa"],"RepoTags":["postgres:14-alpine"],"SharedSize":-1,"Size":269278908},{"Containers":-1,"Created":1759155737,"Id":"sha256:40bdc38d89aea1f2dfbc60f57d4706e8631fd268d73ec29248f3d46e6010b5d0","Labels":{"maintainer":"Alexander Kukushkin \u003cakukushkin@microsoft.com\u003e"},"ParentId":"","RepoDigests":["dimarudik/patroni@sha256:d188b4b664fbf936784e10a74ff63a4a79d991ae7c8e73c445e004c40ff0ec6d"],"RepoTags":["dimarudik/patroni:latest"],"SharedSize":-1,"Size":568688250},{"Containers":-1,"Created":1758877328,"Id":"sha256:52785d2485ac7df684b8740e233427b5ed4d0ee39132f1bb54ddc54df767bf38","Labels":{"org.testcontainers.ryuk":"true"},"ParentId":"","RepoDigests":["docker-proxy.artifactory.tcsbank.ru/testcontainers/ryuk@sha256:7c1a8a9a47c780ed0f983770a662f80deb115d95cce3e2daa3d12115b8cd28f0","testcontainers/ryuk@sha256:7c1a8a9a47c780ed0f983770a662f80deb115d95cce3e2daa3d12115b8cd28f0"],"RepoTags":["docker-proxy.artifactory.tcsbank.ru/testcontainers/ryuk:0.14.0","testcontainers/ryuk:0.14.0"],"SharedSize":-1,"Size":2112073},{"Containers":-1,"Created":1758824555,"Id":"sha256:21a7e541217c7a1b157f4e0d534eaa715ccca6da24e9778c122873a4cc75d6f5","Labels":null,"ParentId":"","RepoDigests":["postgres@sha256:073e7c8b84e2197f94c8083634640ab37105effe1bc853ca4d5fbece3219b0e8"],"RepoTags":["postgres:latest"],"SharedSize":-1,"Size":478920920},{"Containers":-1,"Created":1758823363,"Id":"sha256:48c2ba21a288201d8cfa3f52b1f09a8b0a28f9c1926d37bc12cf269f7c76d400","Labels":null,"ParentId":"","RepoDigests":["postgres@sha256:e6a4209d1a4893f2df3bdcde58f8926c3c929c4d51df90990ed1b36d83c1382a"],"RepoTags":["postgres:17.6"],"SharedSize":-1,"Size":476036464},{"Containers":-1,"Created":1757583675,"Id":"sha256:f05cb83255c5eebcbe6253192c050e92c2980452454314b8d286127308e957d2","Labels":{"org.opencontainers.image.created":"2025-09-11T09:13:47.128Z","org.opencontainers.image.description":"Cross-platform emulator collection distributed with Docker images","org.opencontainers.image.licenses":"MIT","org.opencontainers.image.revision":"8bf932dba1f67bb274320e7cebece2807e4b99e1","org.opencontainers.image.source":"https://github.com/tonistiigi/binfmt","org.opencontainers.image.title":"Binfmt","org.opencontainers.image.url":"https://github.com/tonistiigi/binfmt","org.opencontainers.image.version":"qemu-v10.0.4-56"},"ParentId":"","RepoDigests":["tonistiigi/binfmt@sha256:30cc9a4d03765acac9be2ed0afc23af1ad018aed2c28ea4be8c2eb9afe03fbd1"],"RepoTags":["tonistiigi/binfmt:latest"],"SharedSize":-1,"Size":80383451},{"Containers":-1,"Created":1757409557,"Id":"sha256:c9fca4de435aa43a1469cbeae6551380ead4714fbcd371aaa04351bc58e101fe","Labels":{"org.opencontainers.image.ref.name":"ubuntu","org.opencontainers.image.version":"22.04"},"ParentId":"","RepoDigests":[],"RepoTags":["cs6:latest"],"SharedSize":-1,"Size":370914843},{"Containers":-1,"Created":1757409556,"Id":"sha256:5efa97f354e5610b998199b9a519f1aac178f2f64292d26bcd337fe02d95eb04","Labels":{"org.opencontainers.image.ref.name":"ubuntu","org.opencontainers.image.version":"22.04"},"ParentId":"","RepoDigests":[],"RepoTags":["cs5:latest"],"SharedSize":-1,"Size":370914843},{"Containers":-1,"Created":1757409555,"Id":"sha256:023d6d2b580b89c6d7c608836238387d7f1d0e349e597aebda26cb7c456f2759","Labels":{"org.opencontainers.image.ref.name":"ubuntu","org.opencontainers.image.version":"22.04"},"ParentId":"","RepoDigests":[],"RepoTags":["cs3:latest"],"SharedSize":-1,"Size":370914843},{"Containers":-1,"Created":1757409555,"Id":"sha256:3dfa84c23357c5291fcfd43965c7bded78ad2535f977ab78f800ee27a4fbfff4","Labels":{"org.opencontainers.image.ref.name":"ubuntu","org.opencontainers.image.version":"22.04"},"ParentId":"","RepoDigests":[],"RepoTags":["cs4:latest"],"SharedSize":-1,"Size":370914832},{"Containers":-1,"Created":1757409554,"Id":"sha256:360588aa64e9270012bc0e1709c74925c4ead92298ed0e124d9395c67f66cfb4","Labels":{"org.opencontainers.image.ref.name":"ubuntu","org.opencontainers.image.version":"22.04"},"ParentId":"","RepoDigests":[],"RepoTags":["cs2:latest"],"SharedSize":-1,"Size":370914902},{"Containers":-1,"Created":1757409436,"Id":"sha256:404acdb7fb3a3afc106fa763b0eec9346f84139deeb9118b3fcc42d0cd30387e","Labels":{"org.opencontainers.image.ref.name":"ubuntu","org.opencontainers.image.version":"22.04"},"ParentId":"","RepoDigests":[],"RepoTags":["cs1:latest"],"SharedSize":-1,"Size":370914902},{"Containers":-1,"Created":1757401688,"Id":"sha256:3d6f74760dfc17060da5abc5d463d3d45b4ceea05955c9cc42b3ec56cb38cc48","Labels":null,"ParentId":"","RepoDigests":["gcr.io/k8s-minikube/kicbase@sha256:7171c97a51623558720f8e5878e4f4637da093e2f2ed589997bedc6c1549b2b1"],"RepoTags":["gcr.io/k8s-minikube/kicbase:v0.0.48"],"SharedSize":-1,"Size":1237726446},{"Containers":-1,"Created":1756728358,"Id":"sha256:f04fd744b5d50f8c88d9d4938c54e05a9adb56d520542f899a7d6873fa7280f2","Labels":{"org.testcontainers.ryuk":"true"},"ParentId":"","RepoDigests":["docker-proxy.artifactory.tcsbank.ru/testcontainers/ryuk@sha256:31b31269d06603366cbfd0284708dcd2e281e8a4188e53fce3d3304439d0df3d","testcontainers/ryuk@sha256:31b31269d06603366cbfd0284708dcd2e281e8a4188e53fce3d3304439d0df3d"],"RepoTags":["docker-proxy.artifactory.tcsbank.ru/testcontainers/ryuk:0.13.0","testcontainers/ryuk:0.13.0"],"SharedSize":-1,"Size":6897409},{"Containers":-1,"Created":1754154988,"Id":"sha256:1195813a9237d2f0c10a212e4e38f4b1dc3ede89e18712043f1c0ac406b1a986","Labels":{"io.buildah.version":"1.33.7","org.opencontainers.image.authors":"Gerald Venzl","org.opencont"
2026-07-21 16:23:12.989 [main] DEBUG com.github.dockerjava.zerodep.shaded.org.apache.hc.client5.http.wire - http-outgoing-0 << "ainers.image.description":"Oracle Database Free for everyone!","org.opencontainers.image.documentation":"https://github.com/gvenzl/oci-oracle-free/blob/main/README.md","org.opencontainers.image.licenses":"Apache-2.0","org.opencontainers.image.source":"https://github.com/gvenzl/oci-oracle-free","org.opencontainers.image.title":"Oracle Database Free Container images"},"ParentId":"","RepoDigests":["gvenzl/oracle-free@sha256:f75e5568cba81a337afc4ea98b8f8e6cb837774a3a5b175cce918b1c399d9403"],"RepoTags":["gvenzl/oracle-free:slim-faststart"],"SharedSize":-1,"Size":4483386030},{"Containers":-1,"Created":1753090832,"Id":"sha256:03c8aa1468adccba45a23cce3dd7843baee96fbcf629d7c153cd7aefce81334b","Labels":{"org.opencontainers.image.ref.name":"ubuntu","org.opencontainers.image.version":"22.04"},"ParentId":"","RepoDigests":["ydbplatform/local-ydb@sha256:fd3a30d7fde3ae9a3d0262af82f8f45776ddd64c1b52f22132cfbc59b16555d3"],"RepoTags":["ydbplatform/local-ydb:latest"],"SharedSize":-1,"Size":760907023},{"Containers":-1,"Created":1749876442,"Id":"sha256:00ba1b9b25cb254d31590c6fbd3ba6368780a1a1e245bc923e4ff1593619ddcd","Labels":{"com.microsoft.product":"Microsoft SQL Server","com.microsoft.version":"16.0.4205.1","org.opencontainers.image.ref.name":"ubuntu","org.opencontainers.image.version":"22.04","vendor":"Microsoft"},"ParentId":"","RepoDigests":["mcr.microsoft.com/mssql/server@sha256:7c29dfbac885ad7519e219c7fe4aee0e67283e21a10e9c252d13b0fbde1866f8"],"RepoTags":["mcr.microsoft.com/mssql/server:2022-CU20-ubuntu-22.04"],"SharedSize":-1,"Size":1629833244},{"Containers":-1,"Created":1748868454,"Id":"sha256:3b9e208a7ab35e7a4df16f5ea971a3587468e49a5abdefe2b44bd02dbb0504db","Labels":{"org.testcontainers.ryuk":"true"},"ParentId":"","RepoDigests":["testcontainers/ryuk@sha256:dd3f023a6ed7015b3f95a49ccd65a2daf0c56e681422c12952b19a810dfa6298"],"RepoTags":["testcontainers/ryuk:0.12.0"],"SharedSize":-1,"Size":15840680},{"Containers":-1,"Created":1745914155,"Id":"sha256:b0c02e3b066435a6ffa66b0500cb5d6542835be4a493a01f585a2b60658f8f66","Labels":{"org.opencontainers.image.ref.name":"ubuntu","org.opencontainers.image.version":"24.04"},"ParentId":"","RepoDigests":[],"RepoTags":["stepik:latest"],"SharedSize":-1,"Size":1647168720},{"Containers":-1,"Created":1745398577,"Id":"sha256:f7084b7073a613de92727f647d8012e3403ae47f02d194dc390e303d06007bf9","Labels":{"org.opencontainers.image.ref.name":"ubuntu","org.opencontainers.image.version":"24.04"},"ParentId":"","RepoDigests":[],"RepoTags":["pg_pro:17e"],"SharedSize":-1,"Size":1056285542},{"Containers":-1,"Created":1745398197,"Id":"sha256:30a98c419bccba841e42d8982a6ca98574ad5f248f9753e990317ffd4ee4596d","Labels":{"org.opencontainers.image.ref.name":"ubuntu","org.opencontainers.image.version":"24.04"},"ParentId":"","RepoDigests":[],"RepoTags":["pg_pro:base"],"SharedSize":-1,"Size":948042898},{"Containers":-1,"Created":1744900858,"Id":"sha256:cbfda1926da514402b7980a602735272a9d610e178b8444bd7656669e12949e9","Labels":null,"ParentId":"","RepoDigests":[],"RepoTags":["pg_dev:pg_cext"],"SharedSize":-1,"Size":1686244038},{"Containers":-1,"Created":1744641017,"Id":"sha256:e86f75486ae736bd330f13b19a5bff56fb4e4cb190d74ebc85000ee039911ad3","Labels":{"org.opencontainers.image.ref.name":"ubuntu","org.opencontainers.image.version":"24.04"},"ParentId":"","RepoDigests":[],"RepoTags":["pg_build:base"],"SharedSize":-1,"Size":990241661},{"Containers":-1,"Created":1744616932,"Id":"sha256:ecca1673761ba2c90fc9cb424160bab6c9de8165cb92ebe80a8924a795e3e8b1","Labels":null,"ParentId":"","RepoDigests":[],"RepoTags":["pg_dev:pg_planb"],"SharedSize":-1,"Size":1686959601},{"Containers":-1,"Created":1744375734,"Id":"sha256:d1d805a93725d3a74b375ee3a902280ec5ea4b7c57830baab8f35cb776fff094","Labels":null,"ParentId":"","RepoDigests":[],"RepoTags":["pg_dev:base"],"SharedSize":-1,"Size":1686011596},{"Containers":-1,"Created":1740889296,"Id":"sha256:1e0440e6064fbd4f859beca582905d9a2e70282365ca8aea94a40bf56abe1d28","Labels":{"org.opencontainers.image.created":"2025-03-09T04:18:21.073Z","org.opencontainers.image.description":"A useful simple git container running in alpine linux, especially for tiny linux distro, such as RancherOS, which don't have package manager.","org.opencontainers.image.licenses":"Apache-2.0","org.opencontainers.image.revision":"","org.opencontainers.image.source":"https://github.com/alpine-docker/git","org.opencontainers.image.title":"git","org.opencontainers.image.url":"https://github.com/alpine-docker/git","org.opencontainers.image.version":"fcba8e9"},"ParentId":"","RepoDigests":["alpine/git@sha256:c818699b2927abbaacbbc5e5a593646989588c9b7f321055f6e571da140e43fe"],"RepoTags":["alpine/git:latest"],"SharedSize":-1,"Size":94943654},{"Containers":-1,"Created":1737951294,"Id":"sha256:c3d1a34325805c22bf44a5157224bcff58dc6a8868558c7746d6a2ea64eb191c","Labels":{"org.opencontainers.image.ref.name":"ubuntu","org.opencontainers.image.version":"24.04"},"ParentId":"","RepoDigests":["ubuntu@sha256:72297848456d5d37d1262630108ab308d3e9ec7ed1c3286a32fe09856619a782"],"RepoTags":["ubuntu:latest"],"SharedSize":-1,"Size":100734776},{"Containers":-1,"Created":1727386302,"Id":"sha256:cfca16f8feaeb8c79268e938e38f4c465bebc244d4784699638e02fbe963271f","Labels":null,"ParentId":"","RepoDigests":["busybox@sha256:498a000f370d8c37927118ed80afe8adc38d1edcbfc071627d17b25c88efcab0"],"RepoTags":["busybox:latest"],"SharedSize":-1,"Size":4042190},{"Containers":-1,"Created":1725624126,"Id":"sha256:577bd1e3e55597178262f72fc05a2c77882afbfa5502fa06c856bfa53f175103","Labels":null,"ParentId":"","RepoDigests":["alpine@sha256:8fc3dacfb6d69da8d44e42390de777e48577085db99aa4e4af35f483eb08b989"],"RepoTags":["alpine:3.17"],"SharedSize":-1,"Size":7400392},{"Containers":-1,"Created":1722522318,"Id":"sha256:4a62a4b69734d187d62b27076b145c08eea8b5f526e8343eb4239b05a26a3959","Labels":null,"ParentId":"","RepoDigests":["gcc@sha256:98c5c3064808cb8b01933a7e2a33f1ef7e4aedf8600a08409a01d7ecf6e02701"],"RepoTags":["gcc:latest"],"SharedSize":-1,"Size":1386567975},{"Containers":-1,"Created":1721728498,"Id":"sha256:50f14fea6ac78bda35a78a15d9e90a70929177cfcbd97689c7706b043edf3296","Labels":{"maintainer":"Apache Kafka","org.label-schema.build-date":"2024-07-23","org.label-schema.description":"Apache Kafka","org.label-schema.name":"kafka","org.label-schema.vcs-url":"https://github.com/apache/kafka"},"ParentId":"","RepoDigests":["docker-proxy.artifactory.tcsbank.ru/apache/kafka-native@sha256:8c671522f7f84d0fd20b1482a1d41fa4544eff02b4027673116d4fa74a508106"],"RepoTags":["docker-proxy.artifactory.tcsbank.ru/apache/kafka-native:3.8.0"],"SharedSize":-1,"Size":133152722},{"Containers":-1,"Created":1715778097,"Id":"sha256:f715284b1b5405db010fdec25f573ff906d260782f31ba8376f9e15ff28e7867","Labels":{"issues":"https://github.com/oracle/docker-images/issues","port.listener":"1521","port.oemexpress":"5500","provider":"Oracle","volume.data":"/opt/oracle/oradata","volume.setup.location1":"/opt/oracle/scripts/setup","volume.setup.location2":"/docker-entrypoint-initdb.d/setup","volume.startup.location1":"/opt/oracle/scripts/startup","volume.startup.location2":"/docker-entrypoint-initdb.d/startup"},"ParentId":"","RepoDigests":["dimarudik/oracle_arm64@sha256:6757e99589feac98f76b5037e5530e9d023500d61ffa4f2fb5651fd5a418dec5"],"RepoTags":["dimarudik/oracle_arm64:19.3.0-ee"],"SharedSize":-1,"Size":5524211156},{"Containers":-1,"Created":1707490302,"Id":"sha256:b853547a094bf77a293f84e29e801ef49540ed7dd17bb556841ba990a75889ed","Labels":{"maintainer":"Apache Kafka","org.label-schema.build-date":"2024-02-09","org.label-schema.description":"Apache Kafka","org.label-schema.name":"kafka","org.label-schema.vcs-url":"https://github.com/apache/kafka"},"ParentId":"","RepoDigests":["apache/kafka@sha256:41c20d65b0a2180b9deca056d47540771752e69fe9225d5748dd65a25a9675d7"],"RepoTags":["apache/kafka:3.7.0"],"SharedSize":-1,"Size":370305861},{"Containers":-1,"Created":1701988793,"Id":"sha256:e60a56c16c2dba4adba2e0589a1a28287c8ea5c61ac475627791794487852aca","Labels":null,"Pa"
2026-07-21 16:23:12.990 [main] DEBUG com.github.dockerjava.zerodep.shaded.org.apache.hc.client5.http.wire - http-outgoing-0 << "rentId":"","RepoDigests":["postgres@sha256:c886a3236b3d11abc302e64309186c90a69b49e53ccff23fd8c8b057b5b4bce9"],"RepoTags":["postgres:11.22-bullseye"],"SharedSize":-1,"Size":351113700},{"Containers":-1,"Created":1700052347,"Id":"sha256:cf795a07a678ecd260f5f5150112fbe50f9200d524318d3160d3ea2158023487","Labels":{"description":"devcontainers-helper","maintainer":"JetBrains SRE team \u003csre@jetbrains.com\u003e"},"ParentId":"","RepoDigests":["jetbrains/devcontainers-helper@sha256:9026fabc89ee86071aaddb05f3b7f1d7ca0f5cccdcbcb05c6936b6ed5abd02d6"],"RepoTags":["jetbrains/devcontainers-helper:20231115"],"SharedSize":-1,"Size":18324612},{"Containers":-1,"Created":1692393301,"Id":"sha256:3ee06c207e0824ddbfaf9c3b53f5a5f2fee63cfa1a7db3f970d405187efa07ec","Labels":{"architecture":"aarch64","build-date":"2023-08-02T16:00:59","com.redhat.component":"ubi8-minimal-container","com.redhat.license_terms":"https://www.redhat.com/en/about/red-hat-end-user-license-agreements#UBI","description":"Common base image for Confluent's Docker images.","distribution-scope":"public","io.buildah.version":"1.29.0","io.confluent.docker":"true","io.confluent.docker.build.number":"2","io.confluent.docker.git.id":"25d6c12c2","io.confluent.docker.git.repo":"confluentinc/kafka-images","io.k8s.description":"The Universal Base Image Minimal is a stripped down image that uses microdnf as a package manager. This base image is freely redistributable, but Red Hat only supports Red Hat technologies through subscriptions for Red Hat products. This image is maintained by Red Hat and updated regularly.","io.k8s.display-name":"Red Hat Universal Base Image 8 Minimal","io.openshift.expose-services":"","io.openshift.tags":"minimal rhel8","maintainer":"partner-support@confluent.io","name":"cp-kafka","release":"7.5.0","summary":"Confluent platform Kafka.","url":"https://access.redhat.com/containers/#/registry.access.redhat.com/ubi8-minimal/images/8.8-1037","vcs-ref":"dee8029ddcc7ecbfbebb0905d2b15e134338616c","vcs-type":"git","vendor":"Confluent","version":"25d6c12c2"},"ParentId":"","RepoDigests":["confluentinc/cp-kafka@sha256:fbbb6fa11b258a88b83f54d4f0bddfcffbf2279f99d66a843486e3da7bdfbf41"],"RepoTags":["confluentinc/cp-kafka:7.5.0"],"SharedSize":-1,"Size":876406360},{"Containers":-1,"Created":1685581650,"Id":"sha256:3647af2343210e0ffe991c5a5ac89f06931369ef512afbdab01c1548ac01aacc","Labels":{"architecture":"aarch64","build-date":"2023-05-03T15:02:09","com.redhat.component":"ubi8-minimal-container","com.redhat.license_terms":"https://www.redhat.com/en/about/red-hat-end-user-license-agreements#UBI","description":"Common base image for Confluent's Docker images.","distribution-scope":"public","io.buildah.version":"1.27.3","io.confluent.docker":"true","io.confluent.docker.build.number":"5","io.confluent.docker.git.id":"d0965a30f","io.confluent.docker.git.repo":"confluentinc/kafka-images","io.k8s.description":"The Universal Base Image Minimal is a stripped down image that uses microdnf as a package manager. This base image is freely redistributable, but Red Hat only supports Red Hat technologies through subscriptions for Red Hat products. This image is maintained by Red Hat and updated regularly.","io.k8s.display-name":"Red Hat Universal Base Image 8 Minimal","io.openshift.expose-services":"","io.openshift.tags":"minimal rhel8","maintainer":"partner-support@confluent.io","name":"cp-kafka","release":"7.4.0","summary":"Confluent platform Kafka.","url":"https://access.redhat.com/containers/#/registry.access.redhat.com/ubi8-minimal/images/8.8-860","vcs-ref":"dee8029ddcc7ecbfbebb0905d2b15e134338616c","vcs-type":"git","vendor":"Confluent","version":"d0965a30f"},"ParentId":"","RepoDigests":["confluentinc/cp-kafka@sha256:187dac6627e7906c350f5f8c982f80ce735ff1a0e571a20de6000a309a12ce63"],"RepoTags":["confluentinc/cp-kafka:7.4.0"],"SharedSize":-1,"Size":863943932},{"Containers":-1,"Created":1685487939,"Id":"sha256:ae260d1409cdf7db300be0af648736f65e73c8145b04b4e904a75fcdde550313","Labels":null,"ParentId":"","RepoDigests":["docker@sha256:1d148deae16a6bb4c89224c636e1fd1799a4d5925f545861ce0d7bea3a527b5d"],"RepoTags":["docker:24.0.2"],"SharedSize":-1,"Size":333472278},{"Containers":-1,"Created":1673959943,"Id":"sha256:3539aaa873933b6192f5c43c3cb58d7c3f60f6140e799d8d9881ce8eb4d21fb6","Labels":null,"ParentId":"","RepoDigests":["multiarch/qemu-user-static@sha256:fe60359c92e86a43cc87b3d906006245f77bfc0565676b80004cc666e4feb9f0"],"RepoTags":["multiarch/qemu-user-static:latest"],"SharedSize":-1,"Size":304682515},{"Containers":-1,"Created":1660199721,"Id":"sha256:536ccfec2c79a09ca26aaa2f299a2ef03df2959fcfb2debc60e335bbf72ad678","Labels":null,"ParentId":"","RepoDigests":["docker-hosted.artifactory.tcsbank.ru/cicd-images/base-image-focal@sha256:4fd9e2fadadf301d42f9ec797526a5f24d02e2b519041dc7abc34493330f2d92"],"RepoTags":["docker-hosted.artifactory.tcsbank.ru/cicd-images/base-image-focal:latest"],"SharedSize":-1,"Size":538246990},{"Containers":-1,"Created":1655974891,"Id":"sha256:6f70f360092c8052f530c89b3daf868aef414beecc859f6bde8cb6025aa9c7b3","Labels":null,"ParentId":"","RepoDigests":["postgres@sha256:5d2aa4a7b5f9bdadeddcf87cf7f90a176737a02a30d917de4ab2e6a329bd2d45"],"RepoTags":["postgres:11"],"SharedSize":-1,"Size":193624799},{"Containers":-1,"Created":1649589302,"Id":"sha256:9458f9a6da2a6960ddac7f0c1adc3e8e96255a3bc0c4500e7bb535d670bb65cf","Labels":null,"ParentId":"","RepoDigests":["alpine/socat@sha256:acddcaba75c107cf807d1131788e931163d2fa778bc229ff97b32ca85954842c"],"RepoTags":["alpine/socat:1.7.4.3-r0"],"SharedSize":-1,"Size":6810051},{"Containers":-1,"Created":1643197826,"Id":"sha256:5b7ae7f793f4f92becafb2b5300bcdc3309735eb2162a40012046fc9dad8c96e","Labels":null,"ParentId":"","RepoDigests":["yandex/clickhouse-server@sha256:4eccfffb01d735ab7c1af9a97fbff0c532112a6871b2bb5fe5c478d86d247b7e"],"RepoTags":["yandex/clickhouse-server:21.3"],"SharedSize":-1,"Size":539491518},{"Containers":-1,"Created":1642954263,"Id":"sha256:5dc5ff27672193c5e86f0dbc1abf61378fefe97fdeaadb1392bce13807b5dfd4","Labels":null,"ParentId":"","RepoDigests":["clickhouse/clickhouse-server@sha256:b256458d2999dd763d76d287de0dbb814a1b6ca04f03a8fc77c5f2b7699970ad"],"RepoTags":["clickhouse/clickhouse-server:21.11-alpine"],"SharedSize":-1,"Size":654479952},{"Containers":-1,"Created":1463490700,"Id":"sha256:f77735e1489c0b8c82f8d9e3cbe2c1b73e2d3d77589f31a1f8222c0afe815dba","Labels":{},"ParentId":"","RepoDigests":["osll/mooc_linux_programming@sha256:595fed89798d699ce7da46a14663bf2cab42f193d8232a218564043902002a43"],"RepoTags":["osll/mooc_linux_programming:latest"],"SharedSize":-1,"Size":456119019}]"
2026-07-21 16:23:12.991 [main] DEBUG com.github.dockerjava.zerodep.shaded.org.apache.hc.client5.http.wire - http-outgoing-0 << "[\r][\n]"
2026-07-21 16:23:12.992 [main] DEBUG com.github.dockerjava.zerodep.shaded.org.apache.hc.client5.http.wire - http-outgoing-0 << "0[\r][\n]"
2026-07-21 16:23:12.992 [main] DEBUG com.github.dockerjava.zerodep.shaded.org.apache.hc.client5.http.wire - http-outgoing-0 << "[\r][\n]"
2026-07-21 16:23:12.992 [main] DEBUG com.github.dockerjava.zerodep.shaded.org.apache.hc.client5.http.impl.classic.InternalHttpClient - ep-0000000004 releasing valid endpoint
2026-07-21 16:23:12.992 [main] DEBUG com.github.dockerjava.zerodep.shaded.org.apache.hc.client5.http.impl.io.PoolingHttpClientConnectionManager - ep-0000000004 releasing endpoint
2026-07-21 16:23:12.992 [main] DEBUG com.github.dockerjava.zerodep.shaded.org.apache.hc.client5.http.impl.io.PoolingHttpClientConnectionManager - ep-0000000004 connection http-outgoing-0 can be kept alive for 3 MINUTES
2026-07-21 16:23:12.992 [main] DEBUG com.github.dockerjava.zerodep.shaded.org.apache.hc.client5.http.impl.io.PoolingHttpClientConnectionManager - ep-0000000004 connection released [route: {}->[unix://localhost:2375]][total available: 1; route allocated: 1 of 2147483647; total allocated: 1 of 2147483647]
2026-07-21 16:23:12.992 [main] TRACE org.testcontainers.shaded.com.github.dockerjava.core.exec.ListImagesCmdExec - Response: [Image(created=1782379325, id=sha256:87129bd916d80486d2ab267d4fa4172658b8959f8419a28abe496a0104c892ae, parentId=, repoTags=[kefir:latest], repoDigests=[], size=249423321, virtualSize=null, sharedSize=-1, labels=null, containers=-1), Image(created=1782311604, id=sha256:0d4d184a0434481d0b4102ac251bdd3b20e852a6ab46ba82f1cd0551576c8f09, parentId=, repoTags=[], repoDigests=[], size=249422170, virtualSize=null, sharedSize=-1, labels=null, containers=-1), Image(created=1782310815, id=sha256:7e4af952402c045f5a3287a0eccb3bea90c9eee7c100edbcd4f18d4a86c9fbdd, parentId=, repoTags=[], repoDigests=[], size=249422114, virtualSize=null, sharedSize=-1, labels=null, containers=-1), Image(created=1782285650, id=sha256:5377bbcbeb04baedf9c0fd064f03439266fa2357fb0fa3d80204ee364f51e581, parentId=, repoTags=[], repoDigests=[], size=249422086, virtualSize=null, sharedSize=-1, labels=null, containers=-1), Image(created=1782134962, id=sha256:1114b189aacfb9a0fad7e3ba4c627e2a8ac295bd94e8fca6b930fc336ee05072, parentId=, repoTags=[docker-proxy.artifactory.tcsbank.ru/dimarudik/pg_planb:15, dimarudik/pg_planb:15], repoDigests=[docker-proxy.artifactory.tcsbank.ru/dimarudik/pg_planb@sha256:4760d0bda8f5f1900b798fa86a1ffafe15e9c637888b6f8228d998d7962cc9a5, dimarudik/pg_planb@sha256:4760d0bda8f5f1900b798fa86a1ffafe15e9c637888b6f8228d998d7962cc9a5], size=467609834, virtualSize=null, sharedSize=-1, labels=null, containers=-1), Image(created=1782127231, id=sha256:7640924919f19b539c47e37bf9259b0cff2b3d47f1aefe4b20b5ecd8f984cd4e, parentId=sha256:4a431ddbba13f88c88cf760562380cd0c6af6b0f531ef17eacef6a62b5417f36, repoTags=[humus-postgres-planb:latest], repoDigests=[], size=1358708253, virtualSize=null, sharedSize=-1, labels={org.testcontainers=true, org.testcontainers.lang=java, org.testcontainers.version=2.0.4}, containers=-1), Image(created=1781650846, id=sha256:0ab885cf71916beded83c51df1ea71acddeab24048fd957b4f4471f59dcb9bc5, parentId=, repoTags=[postgres:16-alpine], repoDigests=[postgres@sha256:e013e867e712fec275706a6c51c966f0bb0c93cfa8f51000f85a15f9865a28cb], size=288013079, virtualSize=null, sharedSize=-1, labels=null, containers=-1), Image(created=1781197339, id=sha256:afd493ea0cda7e811fb7c741012b52ae007c65ec870aa9760f74731e5475f796, parentId=, repoTags=[confluentinc/cp-kafka:8.2.2], repoDigests=[confluentinc/cp-kafka@sha256:8e01c0305844d6c05bfb8e86479f5f363bb6a53497625395943a9da780de67ce], size=559154659, virtualSize=null, sharedSize=-1, labels={architecture=aarch64, build-date=2026-06-02T05:43:37Z, com.redhat.component=ubi9-minimal-container, com.redhat.license_terms=https://www.redhat.com/en/about/red-hat-end-user-license-agreements#UBI, cpe=cpe:/a:redhat:enterprise_linux:9::appstream, description=Common base image for Confluent lightweight Docker images., distribution-scope=public, io.buildah.version=1.42.2, io.confluent.docker=true, io.confluent.docker.build.number=d56d85b0, io.confluent.docker.git.id=9a12a1a, io.confluent.docker.git.repo=confluentinc/kafka-images, io.k8s.description=The Universal Base Image Minimal is a stripped down image that uses microdnf as a package manager. This base image is freely redistributable, but Red Hat only supports Red Hat technologies through subscriptions for Red Hat products. This image is maintained by Red Hat and updated regularly., io.k8s.display-name=Red Hat Universal Base Image 9 Minimal, io.openshift.expose-services=, io.openshift.tags=minimal rhel9, maintainer=partner-support@confluent.io, name=cp-kafka, org.opencontainers.image.created=2026-06-02T05:43:37Z, org.opencontainers.image.revision=842dd1c603c36c8d242d5ec075adccffb3bfea5c, release=8.2.2-22, summary=Confluent platform Kafka., url=https://catalog.redhat.com/en/search?searchType=containers, vcs-ref=842dd1c603c36c8d242d5ec075adccffb3bfea5c, vcs-type=git, vendor=Confluent, version=9a12a1a}, containers=-1), Image(created=1781138227, id=sha256:e0be29002d92c115b0ab851a3cd08eafee3ad5cb4074e98983bd296326a95c5f, parentId=, repoTags=[postgres:15], repoDigests=[postgres@sha256:c2ca90969ca293925ab474466e837689cc712321afdd9e4640bd0cf942fdca3a], size=467322471, virtualSize=null, sharedSize=-1, labels=null, containers=-1), Image(created=1780672671, id=sha256:935558f31c86a12b7df43c4e9d4ba74eb7979e647542163d785a42ce30426309, parentId=, repoTags=[docker-hosted.artifactory.tcsbank.ru/thermostat/provider-mock:release-0.6.1], repoDigests=[docker-hosted.artifactory.tcsbank.ru/thermostat/provider-mock@sha256:cd5edd05ff2008c13f89ca27ccac861889b91ea0889be97672a7269df4cc7693], size=706941656, virtualSize=null, sharedSize=-1, labels={VCS_METRICS_CI_COMMIT_SHA=a387c5837c0365bb9db706416a51ce5b6deebf8b, VCS_METRICS_CI_PROJECT_ID=101627, commit.hash=a387c5837c0365bb9db706416a51ce5b6deebf8b, description=Ubuntu 20.04 LTS (Focal) base image, project=provider, ru.tinkoff.base.codename=base-focal, ru.tinkoff.vendor=Tinkoff.ru, tenant=thermostat, version=1.10.128}, containers=-1), Image(created=1779480877, id=sha256:46c881ac185dd2f404d2cee0c6e6ddf22c6c114b86b1d352db71fee93578da68, parentId=, repoTags=[clickhouse:latest], repoDigests=[clickhouse@sha256:770156c537ca9124046e138a3b5845c64ea58ce8722de7a2e05fd827f4976520], size=823872396, virtualSize=null, sharedSize=-1, labels={org.opencontainers.image.version=22.04}, containers=-1), Image(created=1779409292, id=sha256:da4a113e49060ee1cd54922b6513104674cceb4446000a548fba220ab5c4d6ab, parentId=, repoTags=[clickhouse/clickhouse-server:latest], repoDigests=[clickhouse/clickhouse-server@sha256:07afc18d8a9706eb9d85c5c5d2752e5270f91bbc2894caeaecb73e4d0f603bf5], size=823872396, virtualSize=null, sharedSize=-1, labels={com.clickhouse.build.version=26.5.1.882, org.opencontainers.image.version=22.04}, containers=-1), Image(created=1778785119, id=sha256:af3c650fd19f37237a7167ee314db565ed6fbea90e94aa794330b6284b7fbd04, parentId=, repoTags=[postgres:18], repoDigests=[postgres@sha256:270cac6290e2dbf63201faa0e474bfa391fdeba5c439326904d43753b6f3387c, postgres@sha256:f7ce845ee6873dd84be93c9828fe0d1fab0f9707dc9ac569694657398b290bce], size=479294629, virtualSize=null, sharedSize=-1, labels=null, containers=-1), Image(created=1778670930, id=sha256:9ad0bfd0970d33c76ea367b2c51653c14c97a39a748d8a66da25d01010abf8fa, parentId=, repoTags=[moby/buildkit:buildx-stable-1], repoDigests=[moby/buildkit@sha256:0168606be2315b7c807a03b3d8aa79beefdb31c98740cebdffdfeebf31190c9f], size=240970387, virtualSize=null, sharedSize=-1, labels=null, containers=-1), Image(created=1773700533, id=sha256:dfee641c8b6719541e843300d13ce6de986ef764f012a59db21260fc09f77b69, parentId=, repoTags=[docker-proxy.artifactory.tcsbank.ru/postgres:latest], repoDigests=[docker-proxy.artifactory.tcsbank.ru/postgres@sha256:a9abf4275f9e99bff8e6aed712b3b7dfec9cac1341bba01c1ffdfce9ff9fc34a], size=479065626, virtualSize=null, sharedSize=-1, labels=null, containers=-1), Image(created=1772134159, id=sha256:98e8adef37c633b03ac294e9fa80b939a7be708f4a29323571254d869a959008, parentId=, repoTags=[postgres:15-alpine], repoDigests=[postgres@sha256:fceb6f86328c36f2438fae3b851b0cc57c4a7e69a58c866d9ce24281f2cf0c9c], size=269554512, virtualSize=null, sharedSize=-1, labels=null, containers=-1), Image(created=1770273243, id=sha256:1d9b39e6e267624f7d51ba9d402f46a968bb0e8bbd904ff78d54d9021ffb4a56, parentId=, repoTags=[mcr.microsoft.com/mssql/server:latest], repoDigests=[mcr.microsoft.com/mssql/server@sha256:5ffdffd2ba852051c2fc2f5b310391bf896dbaf8d16cc026a3c859d6214b30d1], size=1815510308, virtualSize=null, sharedSize=-1, labels={com.microsoft.product=Microsoft SQL Server, com.microsoft.version=17.0.4015.4, org.opencontainers.image.ref.name=ubuntu, org.opencontainers.image.version=24.04, vendor=Microsoft}, containers=-1), Image(created=1769244559, id=sha256:dbcbf900d336c59707d537c6d2b7e5119a7d3c29874f25e40faf813c4ab53bff, parentId=, repoTags=[mcr.microsoft.com/mssql/server:2022-latest], repoDigests=[mcr.microsoft.com/mssql/server@sha256:0ec7739e1c5ec2f57861facbe1f2b74f1d3e147c7c97edf91eeea920c5944d9c], size=1627993577, virtualSize=null, sharedSize=-1, labels={com.microsoft.product=Microsoft SQL Server, com.microsoft.version=16.0.4236.2, org.opencontainers.image.ref.name=ubuntu, org.opencontainers.image.version=22.04, vendor=Microsoft}, containers=-1), Image(created=1769071016, id=sha256:13b03de7ed71532f90bfaf24bfbb022e8cb847b15e646dab47fd0dff5911bfb5, parentId=, repoTags=[docker-hosted.artifactory.tcsbank.ru/unic/autodoc-beaver-alpha-macos-local:latest], repoDigests=[docker-hosted.artifactory.tcsbank.ru/unic/autodoc-beaver-alpha-macos-local@sha256:8aebb1f0243aaeee25b3610dd0e38f7137f6ef167f4fea81445a3463fcff7468], size=1102498320, virtualSize=null, sharedSize=-1, labels={VCS_METRICS_CI_COMMIT_SHA=ce3cf699e0195bf12bbd149a9862aa971568f95b, VCS_METRICS_CI_PROJECT_ID=17973}, containers=-1), Image(created=1768909261, id=sha256:0e867be6d2b84266f1bca68a88bd7cafd2db0b28520dddb5d711fa6903b15148, parentId=, repoTags=[demo:latest], repoDigests=[], size=175859060, virtualSize=null, sharedSize=-1, labels={org.opencontainers.image.ref.name=ubuntu, org.opencontainers.image.version=24.04}, containers=-1), Image(created=1763081445, id=sha256:fc35ba4930440a304c2926b1b8e3f331648da8ffe0213dc0165e1f19a3275ec2, parentId=, repoTags=[cassandra:3.11.19], repoDigests=[cassandra@sha256:9a14b18eb658851e8939cfdeca8fcbca389f5f0d00fca4a995d80b6accfcbd96], size=291535172, virtualSize=null, sharedSize=-1, labels={org.opencontainers.image.ref.name=ubuntu, org.opencontainers.image.version=22.04}, containers=-1), Image(created=1763081419, id=sha256:acc3c9e360a29e9b8aa31ee965951169fcd0216d156c20dcecda8867341bd4fd, parentId=, repoTags=[cassandra:4.1.10], repoDigests=[cassandra@sha256:ef317ed8ee30492ba1d3841093540e56d5347f3b18da458042839d8d312d98b7], size=344960699, virtualSize=null, sharedSize=-1, labels={org.opencontainers.image.ref.name=ubuntu, org.opencontainers.image.version=22.04}, containers=-1), Image(created=1763081414, id=sha256:098f229009434c1961bf3844e48112d3196ebfd50551405587f0ab04ce467da9, parentId=, repoTags=[cassandra:latest], repoDigests=[cassandra@sha256:5e2c85d2d5db759c28c3efb50905f8d237f958321d6dfd8c176cb148700d9ade], size=371568124, virtualSize=null, sharedSize=-1, labels={org.opencontainers.image.ref.name=ubuntu, org.opencontainers.image.version=22.04}, containers=-1), Image(created=1759258693, id=sha256:fb816a7354a066958c432bbab0f52397965d5bf0ac5c3a27839cd5a5cb1b2486, parentId=, repoTags=[postgres:14-alpine], repoDigests=[postgres@sha256:49f7dcce1efddd8d86ae3f37dcba206b5655d9fac3d3872d2823177fd6c1e7fa], size=269278908, virtualSize=null, sharedSize=-1, labels=null, containers=-1), Image(created=1759155737, id=sha256:40bdc38d89aea1f2dfbc60f57d4706e8631fd268d73ec29248f3d46e6010b5d0, parentId=, repoTags=[dimarudik/patroni:latest], repoDigests=[dimarudik/patroni@sha256:d188b4b664fbf936784e10a74ff63a4a79d991ae7c8e73c445e004c40ff0ec6d], size=568688250, virtualSize=null, sharedSize=-1, labels={maintainer=Alexander Kukushkin <akukushkin@microsoft.com>}, containers=-1), Image(created=1758877328, id=sha256:52785d2485ac7df684b8740e233427b5ed4d0ee39132f1bb54ddc54df767bf38, parentId=, repoTags=[docker-proxy.artifactory.tcsbank.ru/testcontainers/ryuk:0.14.0, testcontainers/ryuk:0.14.0], repoDigests=[docker-proxy.artifactory.tcsbank.ru/testcontainers/ryuk@sha256:7c1a8a9a47c780ed0f983770a662f80deb115d95cce3e2daa3d12115b8cd28f0, testcontainers/ryuk@sha256:7c1a8a9a47c780ed0f983770a662f80deb115d95cce3e2daa3d12115b8cd28f0], size=2112073, virtualSize=null, sharedSize=-1, labels={org.testcontainers.ryuk=true}, containers=-1), Image(created=1758824555, id=sha256:21a7e541217c7a1b157f4e0d534eaa715ccca6da24e9778c122873a4cc75d6f5, parentId=, repoTags=[postgres:latest], repoDigests=[postgres@sha256:073e7c8b84e2197f94c8083634640ab37105effe1bc853ca4d5fbece3219b0e8], size=478920920, virtualSize=null, sharedSize=-1, labels=null, containers=-1), Image(created=1758823363, id=sha256:48c2ba21a288201d8cfa3f52b1f09a8b0a28f9c1926d37bc12cf269f7c76d400, parentId=, repoTags=[postgres:17.6], repoDigests=[postgres@sha256:e6a4209d1a4893f2df3bdcde58f8926c3c929c4d51df90990ed1b36d83c1382a], size=476036464, virtualSize=null, sharedSize=-1, labels=null, containers=-1), Image(created=1757583675, id=sha256:f05cb83255c5eebcbe6253192c050e92c2980452454314b8d286127308e957d2, parentId=, repoTags=[tonistiigi/binfmt:latest], repoDigests=[tonistiigi/binfmt@sha256:30cc9a4d03765acac9be2ed0afc23af1ad018aed2c28ea4be8c2eb9afe03fbd1], size=80383451, virtualSize=null, sharedSize=-1, labels={org.opencontainers.image.created=2025-09-11T09:13:47.128Z, org.opencontainers.image.description=Cross-platform emulator collection distributed with Docker images, org.opencontainers.image.licenses=MIT, org.opencontainers.image.revision=8bf932dba1f67bb274320e7cebece2807e4b99e1, org.opencontainers.image.source=https://github.com/tonistiigi/binfmt, org.opencontainers.image.title=Binfmt, org.opencontainers.image.url=https://github.com/tonistiigi/binfmt, org.opencontainers.image.version=qemu-v10.0.4-56}, containers=-1), Image(created=1757409557, id=sha256:c9fca4de435aa43a1469cbeae6551380ead4714fbcd371aaa04351bc58e101fe, parentId=, repoTags=[cs6:latest], repoDigests=[], size=370914843, virtualSize=null, sharedSize=-1, labels={org.opencontainers.image.ref.name=ubuntu, org.opencontainers.image.version=22.04}, containers=-1), Image(created=1757409556, id=sha256:5efa97f354e5610b998199b9a519f1aac178f2f64292d26bcd337fe02d95eb04, parentId=, repoTags=[cs5:latest], repoDigests=[], size=370914843, virtualSize=null, sharedSize=-1, labels={org.opencontainers.image.ref.name=ubuntu, org.opencontainers.image.version=22.04}, containers=-1), Image(created=1757409555, id=sha256:023d6d2b580b89c6d7c608836238387d7f1d0e349e597aebda26cb7c456f2759, parentId=, repoTags=[cs3:latest], repoDigests=[], size=370914843, virtualSize=null, sharedSize=-1, labels={org.opencontainers.image.ref.name=ubuntu, org.opencontainers.image.version=22.04}, containers=-1), Image(created=1757409555, id=sha256:3dfa84c23357c5291fcfd43965c7bded78ad2535f977ab78f800ee27a4fbfff4, parentId=, repoTags=[cs4:latest], repoDigests=[], size=370914832, virtualSize=null, sharedSize=-1, labels={org.opencontainers.image.ref.name=ubuntu, org.opencontainers.image.version=22.04}, containers=-1), Image(created=1757409554, id=sha256:360588aa64e9270012bc0e1709c74925c4ead92298ed0e124d9395c67f66cfb4, parentId=, repoTags=[cs2:latest], repoDigests=[], size=370914902, virtualSize=null, sharedSize=-1, labels={org.opencontainers.image.ref.name=ubuntu, org.opencontainers.image.version=22.04}, containers=-1), Image(created=1757409436, id=sha256:404acdb7fb3a3afc106fa763b0eec9346f84139deeb9118b3fcc42d0cd30387e, parentId=, repoTags=[cs1:latest], repoDigests=[], size=370914902, virtualSize=null, sharedSize=-1, labels={org.opencontainers.image.ref.name=ubuntu, org.opencontainers.image.version=22.04}, containers=-1), Image(created=1757401688, id=sha256:3d6f74760dfc17060da5abc5d463d3d45b4ceea05955c9cc42b3ec56cb38cc48, parentId=, repoTags=[gcr.io/k8s-minikube/kicbase:v0.0.48], repoDigests=[gcr.io/k8s-minikube/kicbase@sha256:7171c97a51623558720f8e5878e4f4637da093e2f2ed589997bedc6c1549b2b1], size=1237726446, virtualSize=null, sharedSize=-1, labels=null, containers=-1), Image(created=1756728358, id=sha256:f04fd744b5d50f8c88d9d4938c54e05a9adb56d520542f899a7d6873fa7280f2, parentId=, repoTags=[docker-proxy.artifactory.tcsbank.ru/testcontainers/ryuk:0.13.0, testcontainers/ryuk:0.13.0], repoDigests=[docker-proxy.artifactory.tcsbank.ru/testcontainers/ryuk@sha256:31b31269d06603366cbfd0284708dcd2e281e8a4188e53fce3d3304439d0df3d, testcontainers/ryuk@sha256:31b31269d06603366cbfd0284708dcd2e281e8a4188e53fce3d3304439d0df3d], size=6897409, virtualSize=null, sharedSize=-1, labels={org.testcontainers.ryuk=true}, containers=-1), Image(created=1754154988, id=sha256:1195813a9237d2f0c10a212e4e38f4b1dc3ede89e18712043f1c0ac406b1a986, parentId=, repoTags=[gvenzl/oracle-free:slim-faststart], repoDigests=[gvenzl/oracle-free@sha256:f75e5568cba81a337afc4ea98b8f8e6cb837774a3a5b175cce918b1c399d9403], size=4483386030, virtualSize=null, sharedSize=-1, labels={io.buildah.version=1.33.7, org.opencontainers.image.authors=Gerald Venzl, org.opencontainers.image.description=Oracle Database Free for everyone!, org.opencontainers.image.documentation=https://github.com/gvenzl/oci-oracle-free/blob/main/README.md, org.opencontainers.image.licenses=Apache-2.0, org.opencontainers.image.source=https://github.com/gvenzl/oci-oracle-free, org.opencontainers.image.title=Oracle Database Free Container images}, containers=-1), Image(created=1753090832, id=sha256:03c8aa1468adccba45a23cce3dd7843baee96fbcf629d7c153cd7aefce81334b, parentId=, repoTags=[ydbplatform/local-ydb:latest], repoDigests=[ydbplatform/local-ydb@sha256:fd3a30d7fde3ae9a3d0262af82f8f45776ddd64c1b52f22132cfbc59b16555d3], size=760907023, virtualSize=null, sharedSize=-1, labels={org.opencontainers.image.ref.name=ubuntu, org.opencontainers.image.version=22.04}, containers=-1), Image(created=1749876442, id=sha256:00ba1b9b25cb254d31590c6fbd3ba6368780a1a1e245bc923e4ff1593619ddcd, parentId=, repoTags=[mcr.microsoft.com/mssql/server:2022-CU20-ubuntu-22.04], repoDigests=[mcr.microsoft.com/mssql/server@sha256:7c29dfbac885ad7519e219c7fe4aee0e67283e21a10e9c252d13b0fbde1866f8], size=1629833244, virtualSize=null, sharedSize=-1, labels={com.microsoft.product=Microsoft SQL Server, com.microsoft.version=16.0.4205.1, org.opencontainers.image.ref.name=ubuntu, org.opencontainers.image.version=22.04, vendor=Microsoft}, containers=-1), Image(created=1748868454, id=sha256:3b9e208a7ab35e7a4df16f5ea971a3587468e49a5abdefe2b44bd02dbb0504db, parentId=, repoTags=[testcontainers/ryuk:0.12.0], repoDigests=[testcontainers/ryuk@sha256:dd3f023a6ed7015b3f95a49ccd65a2daf0c56e681422c12952b19a810dfa6298], size=15840680, virtualSize=null, sharedSize=-1, labels={org.testcontainers.ryuk=true}, containers=-1), Image(created=1745914155, id=sha256:b0c02e3b066435a6ffa66b0500cb5d6542835be4a493a01f585a2b60658f8f66, parentId=, repoTags=[stepik:latest], repoDigests=[], size=1647168720, virtualSize=null, sharedSize=-1, labels={org.opencontainers.image.ref.name=ubuntu, org.opencontainers.image.version=24.04}, containers=-1), Image(created=1745398577, id=sha256:f7084b7073a613de92727f647d8012e3403ae47f02d194dc390e303d06007bf9, parentId=, repoTags=[pg_pro:17e], repoDigests=[], size=1056285542, virtualSize=null, sharedSize=-1, labels={org.opencontainers.image.ref.name=ubuntu, org.opencontainers.image.version=24.04}, containers=-1), Image(created=1745398197, id=sha256:30a98c419bccba841e42d8982a6ca98574ad5f248f9753e990317ffd4ee4596d, parentId=, repoTags=[pg_pro:base], repoDigests=[], size=948042898, virtualSize=null, sharedSize=-1, labels={org.opencontainers.image.ref.name=ubuntu, org.opencontainers.image.version=24.04}, containers=-1), Image(created=1744900858, id=sha256:cbfda1926da514402b7980a602735272a9d610e178b8444bd7656669e12949e9, parentId=, repoTags=[pg_dev:pg_cext], repoDigests=[], size=1686244038, virtualSize=null, sharedSize=-1, labels=null, containers=-1), Image(created=1744641017, id=sha256:e86f75486ae736bd330f13b19a5bff56fb4e4cb190d74ebc85000ee039911ad3, parentId=, repoTags=[pg_build:base], repoDigests=[], size=990241661, virtualSize=null, sharedSize=-1, labels={org.opencontainers.image.ref.name=ubuntu, org.opencontainers.image.version=24.04}, containers=-1), Image(created=1744616932, id=sha256:ecca1673761ba2c90fc9cb424160bab6c9de8165cb92ebe80a8924a795e3e8b1, parentId=, repoTags=[pg_dev:pg_planb], repoDigests=[], size=1686959601, virtualSize=null, sharedSize=-1, labels=null, containers=-1), Image(created=1744375734, id=sha256:d1d805a93725d3a74b375ee3a902280ec5ea4b7c57830baab8f35cb776fff094, parentId=, repoTags=[pg_dev:base], repoDigests=[], size=1686011596, virtualSize=null, sharedSize=-1, labels=null, containers=-1), Image(created=1740889296, id=sha256:1e0440e6064fbd4f859beca582905d9a2e70282365ca8aea94a40bf56abe1d28, parentId=, repoTags=[alpine/git:latest], repoDigests=[alpine/git@sha256:c818699b2927abbaacbbc5e5a593646989588c9b7f321055f6e571da140e43fe], size=94943654, virtualSize=null, sharedSize=-1, labels={org.opencontainers.image.created=2025-03-09T04:18:21.073Z, org.opencontainers.image.description=A useful simple git container running in alpine linux, especially for tiny linux distro, such as RancherOS, which don't have package manager., org.opencontainers.image.licenses=Apache-2.0, org.opencontainers.image.revision=, org.opencontainers.image.source=https://github.com/alpine-docker/git, org.opencontainers.image.title=git, org.opencontainers.image.url=https://github.com/alpine-docker/git, org.opencontainers.image.version=fcba8e9}, containers=-1), Image(created=1737951294, id=sha256:c3d1a34325805c22bf44a5157224bcff58dc6a8868558c7746d6a2ea64eb191c, parentId=, repoTags=[ubuntu:latest], repoDigests=[ubuntu@sha256:72297848456d5d37d1262630108ab308d3e9ec7ed1c3286a32fe09856619a782], size=100734776, virtualSize=null, sharedSize=-1, labels={org.opencontainers.image.ref.name=ubuntu, org.opencontainers.image.version=24.04}, containers=-1), Image(created=1727386302, id=sha256:cfca16f8feaeb8c79268e938e38f4c465bebc244d4784699638e02fbe963271f, parentId=, repoTags=[busybox:latest], repoDigests=[busybox@sha256:498a000f370d8c37927118ed80afe8adc38d1edcbfc071627d17b25c88efcab0], size=4042190, virtualSize=null, sharedSize=-1, labels=null, containers=-1), Image(created=1725624126, id=sha256:577bd1e3e55597178262f72fc05a2c77882afbfa5502fa06c856bfa53f175103, parentId=, repoTags=[alpine:3.17], repoDigests=[alpine@sha256:8fc3dacfb6d69da8d44e42390de777e48577085db99aa4e4af35f483eb08b989], size=7400392, virtualSize=null, sharedSize=-1, labels=null, containers=-1), Image(created=1722522318, id=sha256:4a62a4b69734d187d62b27076b145c08eea8b5f526e8343eb4239b05a26a3959, parentId=, repoTags=[gcc:latest], repoDigests=[gcc@sha256:98c5c3064808cb8b01933a7e2a33f1ef7e4aedf8600a08409a01d7ecf6e02701], size=1386567975, virtualSize=null, sharedSize=-1, labels=null, containers=-1), Image(created=1721728498, id=sha256:50f14fea6ac78bda35a78a15d9e90a70929177cfcbd97689c7706b043edf3296, parentId=, repoTags=[docker-proxy.artifactory.tcsbank.ru/apache/kafka-native:3.8.0], repoDigests=[docker-proxy.artifactory.tcsbank.ru/apache/kafka-native@sha256:8c671522f7f84d0fd20b1482a1d41fa4544eff02b4027673116d4fa74a508106], size=133152722, virtualSize=null, sharedSize=-1, labels={maintainer=Apache Kafka, org.label-schema.build-date=2024-07-23, org.label-schema.description=Apache Kafka, org.label-schema.name=kafka, org.label-schema.vcs-url=https://github.com/apache/kafka}, containers=-1), Image(created=1715778097, id=sha256:f715284b1b5405db010fdec25f573ff906d260782f31ba8376f9e15ff28e7867, parentId=, repoTags=[dimarudik/oracle_arm64:19.3.0-ee], repoDigests=[dimarudik/oracle_arm64@sha256:6757e99589feac98f76b5037e5530e9d023500d61ffa4f2fb5651fd5a418dec5], size=5524211156, virtualSize=null, sharedSize=-1, labels={issues=https://github.com/oracle/docker-images/issues, port.listener=1521, port.oemexpress=5500, provider=Oracle, volume.data=/opt/oracle/oradata, volume.setup.location1=/opt/oracle/scripts/setup, volume.setup.location2=/docker-entrypoint-initdb.d/setup, volume.startup.location1=/opt/oracle/scripts/startup, volume.startup.location2=/docker-entrypoint-initdb.d/startup}, containers=-1), Image(created=1707490302, id=sha256:b853547a094bf77a293f84e29e801ef49540ed7dd17bb556841ba990a75889ed, parentId=, repoTags=[apache/kafka:3.7.0], repoDigests=[apache/kafka@sha256:41c20d65b0a2180b9deca056d47540771752e69fe9225d5748dd65a25a9675d7], size=370305861, virtualSize=null, sharedSize=-1, labels={maintainer=Apache Kafka, org.label-schema.build-date=2024-02-09, org.label-schema.description=Apache Kafka, org.label-schema.name=kafka, org.label-schema.vcs-url=https://github.com/apache/kafka}, containers=-1), Image(created=1701988793, id=sha256:e60a56c16c2dba4adba2e0589a1a28287c8ea5c61ac475627791794487852aca, parentId=, repoTags=[postgres:11.22-bullseye], repoDigests=[postgres@sha256:c886a3236b3d11abc302e64309186c90a69b49e53ccff23fd8c8b057b5b4bce9], size=351113700, virtualSize=null, sharedSize=-1, labels=null, containers=-1), Image(created=1700052347, id=sha256:cf795a07a678ecd260f5f5150112fbe50f9200d524318d3160d3ea2158023487, parentId=, repoTags=[jetbrains/devcontainers-helper:20231115], repoDigests=[jetbrains/devcontainers-helper@sha256:9026fabc89ee86071aaddb05f3b7f1d7ca0f5cccdcbcb05c6936b6ed5abd02d6], size=18324612, virtualSize=null, sharedSize=-1, labels={description=devcontainers-helper, maintainer=JetBrains SRE team <sre@jetbrains.com>}, containers=-1), Image(created=1692393301, id=sha256:3ee06c207e0824ddbfaf9c3b53f5a5f2fee63cfa1a7db3f970d405187efa07ec, parentId=, repoTags=[confluentinc/cp-kafka:7.5.0], repoDigests=[confluentinc/cp-kafka@sha256:fbbb6fa11b258a88b83f54d4f0bddfcffbf2279f99d66a843486e3da7bdfbf41], size=876406360, virtualSize=null, sharedSize=-1, labels={architecture=aarch64, build-date=2023-08-02T16:00:59, com.redhat.component=ubi8-minimal-container, com.redhat.license_terms=https://www.redhat.com/en/about/red-hat-end-user-license-agreements#UBI, description=Common base image for Confluent's Docker images., distribution-scope=public, io.buildah.version=1.29.0, io.confluent.docker=true, io.confluent.docker.build.number=2, io.confluent.docker.git.id=25d6c12c2, io.confluent.docker.git.repo=confluentinc/kafka-images, io.k8s.description=The Universal Base Image Minimal is a stripped down image that uses microdnf as a package manager. This base image is freely redistributable, but Red Hat only supports Red Hat technologies through subscriptions for Red Hat products. This image is maintained by Red Hat and updated regularly., io.k8s.display-name=Red Hat Universal Base Image 8 Minimal, io.openshift.expose-services=, io.openshift.tags=minimal rhel8, maintainer=partner-support@confluent.io, name=cp-kafka, release=7.5.0, summary=Confluent platform Kafka., url=https://access.redhat.com/containers/#/registry.access.redhat.com/ubi8-minimal/images/8.8-1037, vcs-ref=dee8029ddcc7ecbfbebb0905d2b15e134338616c, vcs-type=git, vendor=Confluent, version=25d6c12c2}, containers=-1), Image(created=1685581650, id=sha256:3647af2343210e0ffe991c5a5ac89f06931369ef512afbdab01c1548ac01aacc, parentId=, repoTags=[confluentinc/cp-kafka:7.4.0], repoDigests=[confluentinc/cp-kafka@sha256:187dac6627e7906c350f5f8c982f80ce735ff1a0e571a20de6000a309a12ce63], size=863943932, virtualSize=null, sharedSize=-1, labels={architecture=aarch64, build-date=2023-05-03T15:02:09, com.redhat.component=ubi8-minimal-container, com.redhat.license_terms=https://www.redhat.com/en/about/red-hat-end-user-license-agreements#UBI, description=Common base image for Confluent's Docker images., distribution-scope=public, io.buildah.version=1.27.3, io.confluent.docker=true, io.confluent.docker.build.number=5, io.confluent.docker.git.id=d0965a30f, io.confluent.docker.git.repo=confluentinc/kafka-images, io.k8s.description=The Universal Base Image Minimal is a stripped down image that uses microdnf as a package manager. This base image is freely redistributable, but Red Hat only supports Red Hat technologies through subscriptions for Red Hat products. This image is maintained by Red Hat and updated regularly., io.k8s.display-name=Red Hat Universal Base Image 8 Minimal, io.openshift.expose-services=, io.openshift.tags=minimal rhel8, maintainer=partner-support@confluent.io, name=cp-kafka, release=7.4.0, summary=Confluent platform Kafka., url=https://access.redhat.com/containers/#/registry.access.redhat.com/ubi8-minimal/images/8.8-860, vcs-ref=dee8029ddcc7ecbfbebb0905d2b15e134338616c, vcs-type=git, vendor=Confluent, version=d0965a30f}, containers=-1), Image(created=1685487939, id=sha256:ae260d1409cdf7db300be0af648736f65e73c8145b04b4e904a75fcdde550313, parentId=, repoTags=[docker:24.0.2], repoDigests=[docker@sha256:1d148deae16a6bb4c89224c636e1fd1799a4d5925f545861ce0d7bea3a527b5d], size=333472278, virtualSize=null, sharedSize=-1, labels=null, containers=-1), Image(created=1673959943, id=sha256:3539aaa873933b6192f5c43c3cb58d7c3f60f6140e799d8d9881ce8eb4d21fb6, parentId=, repoTags=[multiarch/qemu-user-static:latest], repoDigests=[multiarch/qemu-user-static@sha256:fe60359c92e86a43cc87b3d906006245f77bfc0565676b80004cc666e4feb9f0], size=304682515, virtualSize=null, sharedSize=-1, labels=null, containers=-1), Image(created=1660199721, id=sha256:536ccfec2c79a09ca26aaa2f299a2ef03df2959fcfb2debc60e335bbf72ad678, parentId=, repoTags=[docker-hosted.artifactory.tcsbank.ru/cicd-images/base-image-focal:latest], repoDigests=[docker-hosted.artifactory.tcsbank.ru/cicd-images/base-image-focal@sha256:4fd9e2fadadf301d42f9ec797526a5f24d02e2b519041dc7abc34493330f2d92], size=538246990, virtualSize=null, sharedSize=-1, labels=null, containers=-1), Image(created=1655974891, id=sha256:6f70f360092c8052f530c89b3daf868aef414beecc859f6bde8cb6025aa9c7b3, parentId=, repoTags=[postgres:11], repoDigests=[postgres@sha256:5d2aa4a7b5f9bdadeddcf87cf7f90a176737a02a30d917de4ab2e6a329bd2d45], size=193624799, virtualSize=null, sharedSize=-1, labels=null, containers=-1), Image(created=1649589302, id=sha256:9458f9a6da2a6960ddac7f0c1adc3e8e96255a3bc0c4500e7bb535d670bb65cf, parentId=, repoTags=[alpine/socat:1.7.4.3-r0], repoDigests=[alpine/socat@sha256:acddcaba75c107cf807d1131788e931163d2fa778bc229ff97b32ca85954842c], size=6810051, virtualSize=null, sharedSize=-1, labels=null, containers=-1), Image(created=1643197826, id=sha256:5b7ae7f793f4f92becafb2b5300bcdc3309735eb2162a40012046fc9dad8c96e, parentId=, repoTags=[yandex/clickhouse-server:21.3], repoDigests=[yandex/clickhouse-server@sha256:4eccfffb01d735ab7c1af9a97fbff0c532112a6871b2bb5fe5c478d86d247b7e], size=539491518, virtualSize=null, sharedSize=-1, labels=null, containers=-1), Image(created=1642954263, id=sha256:5dc5ff27672193c5e86f0dbc1abf61378fefe97fdeaadb1392bce13807b5dfd4, parentId=, repoTags=[clickhouse/clickhouse-server:21.11-alpine], repoDigests=[clickhouse/clickhouse-server@sha256:b256458d2999dd763d76d287de0dbb814a1b6ca04f03a8fc77c5f2b7699970ad], size=654479952, virtualSize=null, sharedSize=-1, labels=null, containers=-1), Image(created=1463490700, id=sha256:f77735e1489c0b8c82f8d9e3cbe2c1b73e2d3d77589f31a1f8222c0afe815dba, parentId=, repoTags=[osll/mooc_linux_programming:latest], repoDigests=[osll/mooc_linux_programming@sha256:595fed89798d699ce7da46a14663bf2cab42f193d8232a218564043902002a43], size=456119019, virtualSize=null, sharedSize=-1, labels={}, containers=-1)]
2026-07-21 16:23:12.993 [main] TRACE tc.testcontainers/ryuk:0.14.0 - testcontainers/ryuk:0.14.0 is already in image name cache
2026-07-21 16:23:12.994 [main] DEBUG org.testcontainers.images.AbstractImagePullPolicy - Using locally available and not pulling image: testcontainers/ryuk:0.14.0
2026-07-21 16:23:12.994 [main] DEBUG tc.testcontainers/ryuk:0.14.0 - Starting container: testcontainers/ryuk:0.14.0
2026-07-21 16:23:12.994 [main] DEBUG tc.testcontainers/ryuk:0.14.0 - Trying to start container: testcontainers/ryuk:0.14.0 (attempt 1/1)
2026-07-21 16:23:12.994 [main] DEBUG tc.testcontainers/ryuk:0.14.0 - Starting container: testcontainers/ryuk:0.14.0
2026-07-21 16:23:12.994 [main] INFO  tc.testcontainers/ryuk:0.14.0 - Creating container for image: testcontainers/ryuk:0.14.0
2026-07-21 16:23:12.998 [main] DEBUG org.testcontainers.utility.RegistryAuthLocator - Looking up auth config for image: testcontainers/ryuk:0.14.0 at registry: https://index.docker.io/v1/
2026-07-21 16:23:12.998 [main] DEBUG org.testcontainers.utility.RegistryAuthLocator - RegistryAuthLocator has configFile: /Users/d.rudik/.docker/config.json (exists) configEnv: DOCKER_AUTH_CONFIG (does not exist) and commandPathPrefix: 
2026-07-21 16:23:12.998 [main] DEBUG org.testcontainers.utility.RegistryAuthLocator - RegistryAuthLocator reading from configFile: /Users/d.rudik/.docker/config.json
2026-07-21 16:23:12.999 [main] DEBUG org.testcontainers.utility.RegistryAuthLocator - registryName [https://index.docker.io/v1/] for dockerImageName [testcontainers/ryuk:0.14.0]
2026-07-21 16:23:12.999 [main] DEBUG org.testcontainers.utility.RegistryAuthLocator - Executing docker credential provider: docker-credential-desktop to locate auth config for: https://index.docker.io/v1/
2026-07-21 16:23:13.002 [main] DEBUG org.testcontainers.shaded.org.zeroturnaround.exec.ProcessExecutor - Executing [docker-credential-desktop, get].
2026-07-21 16:23:13.013 [main] DEBUG org.testcontainers.shaded.org.zeroturnaround.exec.ProcessExecutor - Started Process[pid=75806, exitValue="not exited"]
2026-07-21 16:23:13.014 [Thread-1] TRACE org.testcontainers.shaded.org.zeroturnaround.exec.stream.StreamPumper - org.testcontainers.shaded.org.zeroturnaround.exec.stream.StreamPumper@7d6363d7 started.
2026-07-21 16:23:13.014 [Thread-2] TRACE org.testcontainers.shaded.org.zeroturnaround.exec.stream.StreamPumper - org.testcontainers.shaded.org.zeroturnaround.exec.stream.StreamPumper@25b7fc47 started.
2026-07-21 16:23:13.014 [Thread-0] TRACE org.testcontainers.shaded.org.zeroturnaround.exec.stream.StreamPumper - org.testcontainers.shaded.org.zeroturnaround.exec.stream.StreamPumper@4091f8b1 started.
2026-07-21 16:23:13.014 [Thread-0] TRACE org.testcontainers.shaded.org.zeroturnaround.exec.stream.StreamPumper - org.testcontainers.shaded.org.zeroturnaround.exec.stream.StreamPumper@4091f8b1 finished.
2026-07-21 16:23:13.137 [Thread-1] TRACE org.testcontainers.shaded.org.zeroturnaround.exec.stream.StreamPumper - org.testcontainers.shaded.org.zeroturnaround.exec.stream.StreamPumper@7d6363d7 finished.
2026-07-21 16:23:13.137 [Thread-2] TRACE org.testcontainers.shaded.org.zeroturnaround.exec.stream.StreamPumper - org.testcontainers.shaded.org.zeroturnaround.exec.stream.StreamPumper@25b7fc47 finished.
2026-07-21 16:23:13.137 [WaitForProcess-Process[pid=75806, exitValue="not exited"]] DEBUG org.testcontainers.shaded.org.zeroturnaround.exec.WaitForProcess - Process[pid=75806, exitValue=1] stopped with exit code 1
2026-07-21 16:23:13.138 [WaitForProcess-Process[pid=75806, exitValue="not exited"]] TRACE org.testcontainers.shaded.org.zeroturnaround.exec.stream.PumpStreamHandler - Joining input thread Thread[#39,Thread-0,5,]...
2026-07-21 16:23:13.138 [WaitForProcess-Process[pid=75806, exitValue="not exited"]] TRACE org.testcontainers.shaded.org.zeroturnaround.exec.stream.PumpStreamHandler - Joining output thread Thread[#40,Thread-1,5,]...
2026-07-21 16:23:13.138 [WaitForProcess-Process[pid=75806, exitValue="not exited"]] TRACE org.testcontainers.shaded.org.zeroturnaround.exec.stream.PumpStreamHandler - Joining error thread Thread[#41,Thread-2,5,]...
2026-07-21 16:23:13.138 [WaitForProcess-Process[pid=75806, exitValue="not exited"]] TRACE org.testcontainers.shaded.org.zeroturnaround.exec.stream.PumpStreamHandler - Flushing output stream org.testcontainers.utility.RegistryAuthLocator$2@54cf024e...
2026-07-21 16:23:13.138 [WaitForProcess-Process[pid=75806, exitValue="not exited"]] TRACE org.testcontainers.shaded.org.zeroturnaround.exec.stream.PumpStreamHandler - Flushing error stream org.testcontainers.utility.RegistryAuthLocator$1@50f09c0f...
2026-07-21 16:23:13.139 [main] INFO  org.testcontainers.utility.RegistryAuthLocator - Credential helper/store (docker-credential-desktop) does not have credentials for https://index.docker.io/v1/
2026-07-21 16:23:13.139 [main] DEBUG org.testcontainers.utility.RegistryAuthLocator - No matching Auth Configs - falling back to defaultAuthConfig [null]
2026-07-21 16:23:13.139 [main] DEBUG org.testcontainers.dockerclient.AuthDelegatingDockerClientConfig - Effective auth config [null]
2026-07-21 16:23:13.148 [main] DEBUG org.testcontainers.shaded.com.github.dockerjava.core.command.AbstrDockerCmd - Cmd: org.testcontainers.shaded.com.github.dockerjava.core.command.CreateContainerCmdImpl@2b0e9f30[aliases=<null>,argsEscaped=<null>,attachStderr=<null>,attachStdin=<null>,attachStdout=<null>,authConfig=<null>,cmd={},domainName=<null>,entrypoint=<null>,env={},exposedPorts=ExposedPorts(exposedPorts=[8080/tcp]),healthcheck=<null>,hostConfig=HostConfig(binds=[/var/run/docker.sock:/var/run/docker.sock:rw], blkioWeight=null, blkioWeightDevice=null, blkioDeviceReadBps=null, blkioDeviceWriteBps=null, blkioDeviceReadIOps=null, blkioDeviceWriteIOps=null, memorySwappiness=null, nanoCPUs=null, annotations=null, capAdd=null, capDrop=null, containerIDFile=null, cpuPeriod=null, cpuRealtimePeriod=null, cpuRealtimeRuntime=null, cpuShares=null, cpuQuota=null, cpusetCpus=null, cpusetMems=null, devices=null, deviceCgroupRules=null, deviceRequests=null, diskQuota=null, dns=null, dnsOptions=null, dnsSearch=null, extraHosts=[], groupAdd=null, ipcMode=null, cgroup=null, links=[], logConfig=LogConfig(type=null, config=null), lxcConf=null, memory=null, memorySwap=null, memoryReservation=null, kernelMemory=null, networkMode=null, oomKillDisable=null, init=null, autoRemove=true, oomScoreAdj=null, portBindings={8080/tcp=[Lcom.github.dockerjava.api.model.Ports$Binding;@3d0cac1f}, privileged=true, publishAllPorts=null, readonlyRootfs=null, restartPolicy=null, ulimits=null, cpuCount=null, cpuPercent=null, ioMaximumIOps=null, ioMaximumBandwidth=null, volumesFrom=[], mounts=null, pidMode=null, isolation=null, securityOpts=null, storageOpt=null, cgroupParent=null, volumeDriver=null, shmSize=null, pidsLimit=null, runtime=null, tmpFs=null, utSMode=null, usernsMode=null, sysctls=null, consoleSize=null, cgroupnsMode=null),hostName=<null>,image=testcontainers/ryuk:0.14.0,ipv4Address=<null>,ipv6Address=<null>,labels={org.testcontainers=true, org.testcontainers.lang=java, org.testcontainers.version=2.0.5},macAddress=<null>,name=testcontainers-ryuk-c2815888-2ad9-4d1b-b81d-ff10c2a3009c,networkDisabled=<null>,networkingConfig=<null>,onBuild=<null>,platform=<null>,portSpecs=<null>,shell=<null>,stdInOnce=<null>,stdinOpen=<null>,stopSignal=<null>,stopTimeout=<null>,tty=<null>,user=<null>,volumes=Volumes(volumes=[]),workingDir=<null>]
2026-07-21 16:23:13.150 [main] TRACE org.testcontainers.shaded.com.github.dockerjava.core.exec.CreateContainerCmdExec - POST: DefaultWebTarget{path=[/containers/create], queryParams={name=[testcontainers-ryuk-c2815888-2ad9-4d1b-b81d-ff10c2a3009c]}} 
2026-07-21 16:23:13.180 [main] DEBUG com.github.dockerjava.zerodep.shaded.org.apache.hc.client5.http.impl.classic.InternalHttpClient - ex-0000000005 preparing request execution
2026-07-21 16:23:13.180 [main] DEBUG com.github.dockerjava.zerodep.shaded.org.apache.hc.client5.http.impl.classic.ProtocolExec - ex-0000000005 target auth state: UNCHALLENGED
2026-07-21 16:23:13.180 [main] DEBUG com.github.dockerjava.zerodep.shaded.org.apache.hc.client5.http.impl.classic.ProtocolExec - ex-0000000005 proxy auth state: UNCHALLENGED
2026-07-21 16:23:13.180 [main] DEBUG com.github.dockerjava.zerodep.shaded.org.apache.hc.client5.http.impl.classic.ConnectExec - ex-0000000005 acquiring connection with route {}->[unix://localhost:2375]
2026-07-21 16:23:13.180 [main] DEBUG com.github.dockerjava.zerodep.shaded.org.apache.hc.client5.http.impl.classic.InternalHttpClient - ex-0000000005 acquiring endpoint (3 MINUTES)
2026-07-21 16:23:13.180 [main] DEBUG com.github.dockerjava.zerodep.shaded.org.apache.hc.client5.http.impl.io.PoolingHttpClientConnectionManager - ex-0000000005 endpoint lease request (3 MINUTES) [route: {}->[unix://localhost:2375]][total available: 1; route allocated: 1 of 2147483647; total allocated: 1 of 2147483647]
2026-07-21 16:23:13.180 [main] DEBUG com.github.dockerjava.zerodep.shaded.org.apache.hc.client5.http.impl.io.PoolingHttpClientConnectionManager - ex-0000000005 endpoint leased [route: {}->[unix://localhost:2375]][total available: 0; route allocated: 1 of 2147483647; total allocated: 1 of 2147483647]
2026-07-21 16:23:13.180 [main] DEBUG com.github.dockerjava.zerodep.shaded.org.apache.hc.client5.http.impl.io.PoolingHttpClientConnectionManager - ex-0000000005 acquired ep-0000000005
2026-07-21 16:23:13.180 [main] DEBUG com.github.dockerjava.zerodep.shaded.org.apache.hc.client5.http.impl.classic.InternalHttpClient - ex-0000000005 acquired endpoint ep-0000000005
2026-07-21 16:23:13.180 [main] DEBUG com.github.dockerjava.zerodep.shaded.org.apache.hc.client5.http.impl.classic.MainClientExec - ex-0000000005 executing POST /v1.44/containers/create?name=testcontainers-ryuk-c2815888-2ad9-4d1b-b81d-ff10c2a3009c
2026-07-21 16:23:13.180 [main] DEBUG com.github.dockerjava.zerodep.shaded.org.apache.hc.client5.http.protocol.RequestAddCookies - ex-0000000005 Cookie spec selected: strict
2026-07-21 16:23:13.180 [main] DEBUG com.github.dockerjava.zerodep.shaded.org.apache.hc.client5.http.impl.classic.InternalHttpClient - ep-0000000005 start execution ex-0000000005
2026-07-21 16:23:13.180 [main] DEBUG com.github.dockerjava.zerodep.shaded.org.apache.hc.client5.http.impl.io.PoolingHttpClientConnectionManager - ep-0000000005 executing exchange ex-0000000005 over http-outgoing-0
2026-07-21 16:23:13.181 [main] DEBUG com.github.dockerjava.zerodep.shaded.org.apache.hc.client5.http.headers - http-outgoing-0 >> POST /v1.44/containers/create?name=testcontainers-ryuk-c2815888-2ad9-4d1b-b81d-ff10c2a3009c HTTP/1.1
2026-07-21 16:23:13.181 [main] DEBUG com.github.dockerjava.zerodep.shaded.org.apache.hc.client5.http.headers - http-outgoing-0 >> accept: application/json
2026-07-21 16:23:13.181 [main] DEBUG com.github.dockerjava.zerodep.shaded.org.apache.hc.client5.http.headers - http-outgoing-0 >> content-type: application/json
2026-07-21 16:23:13.181 [main] DEBUG com.github.dockerjava.zerodep.shaded.org.apache.hc.client5.http.headers - http-outgoing-0 >> x-tc-sid: c2815888-2ad9-4d1b-b81d-ff10c2a3009c
2026-07-21 16:23:13.181 [main] DEBUG com.github.dockerjava.zerodep.shaded.org.apache.hc.client5.http.headers - http-outgoing-0 >> User-Agent: tc-java/2.0.5
2026-07-21 16:23:13.181 [main] DEBUG com.github.dockerjava.zerodep.shaded.org.apache.hc.client5.http.headers - http-outgoing-0 >> Accept-Encoding: gzip, x-gzip, deflate
2026-07-21 16:23:13.181 [main] DEBUG com.github.dockerjava.zerodep.shaded.org.apache.hc.client5.http.headers - http-outgoing-0 >> Host: localhost:2375
2026-07-21 16:23:13.181 [main] DEBUG com.github.dockerjava.zerodep.shaded.org.apache.hc.client5.http.headers - http-outgoing-0 >> Content-Length: 1973
2026-07-21 16:23:13.181 [main] DEBUG com.github.dockerjava.zerodep.shaded.org.apache.hc.client5.http.headers - http-outgoing-0 >> Connection: keep-alive
2026-07-21 16:23:13.181 [main] DEBUG com.github.dockerjava.zerodep.shaded.org.apache.hc.client5.http.wire - http-outgoing-0 >> "POST /v1.44/containers/create?name=testcontainers-ryuk-c2815888-2ad9-4d1b-b81d-ff10c2a3009c HTTP/1.1[\r][\n]"
2026-07-21 16:23:13.181 [main] DEBUG com.github.dockerjava.zerodep.shaded.org.apache.hc.client5.http.wire - http-outgoing-0 >> "accept: application/json[\r][\n]"
2026-07-21 16:23:13.181 [main] DEBUG com.github.dockerjava.zerodep.shaded.org.apache.hc.client5.http.wire - http-outgoing-0 >> "content-type: application/json[\r][\n]"
2026-07-21 16:23:13.181 [main] DEBUG com.github.dockerjava.zerodep.shaded.org.apache.hc.client5.http.wire - http-outgoing-0 >> "x-tc-sid: c2815888-2ad9-4d1b-b81d-ff10c2a3009c[\r][\n]"
2026-07-21 16:23:13.181 [main] DEBUG com.github.dockerjava.zerodep.shaded.org.apache.hc.client5.http.wire - http-outgoing-0 >> "User-Agent: tc-java/2.0.5[\r][\n]"
2026-07-21 16:23:13.181 [main] DEBUG com.github.dockerjava.zerodep.shaded.org.apache.hc.client5.http.wire - http-outgoing-0 >> "Accept-Encoding: gzip, x-gzip, deflate[\r][\n]"
2026-07-21 16:23:13.181 [main] DEBUG com.github.dockerjava.zerodep.shaded.org.apache.hc.client5.http.wire - http-outgoing-0 >> "Host: localhost:2375[\r][\n]"
2026-07-21 16:23:13.181 [main] DEBUG com.github.dockerjava.zerodep.shaded.org.apache.hc.client5.http.wire - http-outgoing-0 >> "Content-Length: 1973[\r][\n]"
2026-07-21 16:23:13.181 [main] DEBUG com.github.dockerjava.zerodep.shaded.org.apache.hc.client5.http.wire - http-outgoing-0 >> "Connection: keep-alive[\r][\n]"
2026-07-21 16:23:13.181 [main] DEBUG com.github.dockerjava.zerodep.shaded.org.apache.hc.client5.http.wire - http-outgoing-0 >> "[\r][\n]"
2026-07-21 16:23:13.181 [main] DEBUG com.github.dockerjava.zerodep.shaded.org.apache.hc.client5.http.wire - http-outgoing-0 >> "{"Hostname":null,"Domainname":null,"User":null,"AttachStdin":null,"AttachStdout":null,"AttachStderr":null,"PortSpecs":null,"Tty":null,"OpenStdin":null,"StdinOnce":null,"Env":[],"Cmd":[],"Healthcheck":null,"ArgsEscaped":null,"Entrypoint":null,"Image":"testcontainers/ryuk:0.14.0","Volumes":{},"WorkingDir":null,"MacAddress":null,"OnBuild":null,"NetworkDisabled":null,"ExposedPorts":{"8080/tcp":{}},"StopSignal":null,"StopTimeout":null,"HostConfig":{"Binds":["/var/run/docker.sock:/var/run/docker.sock:rw"],"BlkioWeight":null,"BlkioWeightDevice":null,"BlkioDeviceReadBps":null,"BlkioDeviceWriteBps":null,"BlkioDeviceReadIOps":null,"BlkioDeviceWriteIOps":null,"MemorySwappiness":null,"NanoCpus":null,"Annotations":null,"CapAdd":null,"CapDrop":null,"ContainerIDFile":null,"CpuPeriod":null,"CpuRealtimePeriod":null,"CpuRealtimeRuntime":null,"CpuShares":null,"CpuQuota":null,"CpusetCpus":null,"CpusetMems":null,"Devices":null,"DeviceCgroupRules":null,"DeviceRequests":null,"DiskQuota":null,"Dns":null,"DnsOptions":null,"DnsSearch":null,"ExtraHosts":[],"GroupAdd":null,"IpcMode":null,"Cgroup":null,"Links":[],"LogConfig":null,"LxcConf":null,"Memory":null,"MemorySwap":null,"MemoryReservation":null,"KernelMemory":null,"NetworkMode":null,"OomKillDisable":null,"Init":null,"AutoRemove":true,"OomScoreAdj":null,"PortBindings":{"8080/tcp":[{"HostIp":"","HostPort":""}]},"Privileged":true,"PublishAllPorts":null,"ReadonlyRootfs":null,"RestartPolicy":null,"Ulimits":null,"CpuCount":null,"CpuPercent":null,"IOMaximumIOps":null,"IOMaximumBandwidth":null,"VolumesFrom":[],"Mounts":null,"PidMode":null,"Isolation":null,"SecurityOpt":null,"StorageOpt":null,"CgroupParent":null,"VolumeDriver":null,"ShmSize":null,"PidsLimit":null,"Runtime":null,"Tmpfs":null,"UTSMode":null,"UsernsMode":null,"Sysctls":null,"ConsoleSize":null,"CgroupnsMode":null},"Labels":{"org.testcontainers":"true","org.testcontainers.lang":"java","org.testcontainers.version":"2.0.5"},"Shell":null,"NetworkingConfig":null}"
2026-07-21 16:23:13.216 [main] DEBUG com.github.dockerjava.zerodep.shaded.org.apache.hc.client5.http.wire - http-outgoing-0 << "HTTP/1.1 201 Created[\r][\n]"
2026-07-21 16:23:13.216 [main] DEBUG com.github.dockerjava.zerodep.shaded.org.apache.hc.client5.http.wire - http-outgoing-0 << "Api-Version: 1.54[\r][\n]"
2026-07-21 16:23:13.216 [main] DEBUG com.github.dockerjava.zerodep.shaded.org.apache.hc.client5.http.wire - http-outgoing-0 << "Content-Type: application/json[\r][\n]"
2026-07-21 16:23:13.216 [main] DEBUG com.github.dockerjava.zerodep.shaded.org.apache.hc.client5.http.wire - http-outgoing-0 << "Date: Tue, 21 Jul 2026 13:23:13 GMT[\r][\n]"
2026-07-21 16:23:13.216 [main] DEBUG com.github.dockerjava.zerodep.shaded.org.apache.hc.client5.http.wire - http-outgoing-0 << "Docker-Experimental: false[\r][\n]"
2026-07-21 16:23:13.216 [main] DEBUG com.github.dockerjava.zerodep.shaded.org.apache.hc.client5.http.wire - http-outgoing-0 << "Ostype: linux[\r][\n]"
2026-07-21 16:23:13.216 [main] DEBUG com.github.dockerjava.zerodep.shaded.org.apache.hc.client5.http.wire - http-outgoing-0 << "Server: Docker/29.5.3 (linux)[\r][\n]"
2026-07-21 16:23:13.216 [main] DEBUG com.github.dockerjava.zerodep.shaded.org.apache.hc.client5.http.wire - http-outgoing-0 << "Transfer-Encoding: chunked[\r][\n]"
2026-07-21 16:23:13.216 [main] DEBUG com.github.dockerjava.zerodep.shaded.org.apache.hc.client5.http.wire - http-outgoing-0 << "[\r][\n]"
2026-07-21 16:23:13.216 [main] DEBUG com.github.dockerjava.zerodep.shaded.org.apache.hc.client5.http.headers - http-outgoing-0 << HTTP/1.1 201 Created
2026-07-21 16:23:13.216 [main] DEBUG com.github.dockerjava.zerodep.shaded.org.apache.hc.client5.http.headers - http-outgoing-0 << Api-Version: 1.54
2026-07-21 16:23:13.216 [main] DEBUG com.github.dockerjava.zerodep.shaded.org.apache.hc.client5.http.headers - http-outgoing-0 << Content-Type: application/json
2026-07-21 16:23:13.217 [main] DEBUG com.github.dockerjava.zerodep.shaded.org.apache.hc.client5.http.headers - http-outgoing-0 << Date: Tue, 21 Jul 2026 13:23:13 GMT
2026-07-21 16:23:13.217 [main] DEBUG com.github.dockerjava.zerodep.shaded.org.apache.hc.client5.http.headers - http-outgoing-0 << Docker-Experimental: false
2026-07-21 16:23:13.217 [main] DEBUG com.github.dockerjava.zerodep.shaded.org.apache.hc.client5.http.headers - http-outgoing-0 << Ostype: linux
2026-07-21 16:23:13.217 [main] DEBUG com.github.dockerjava.zerodep.shaded.org.apache.hc.client5.http.headers - http-outgoing-0 << Server: Docker/29.5.3 (linux)
2026-07-21 16:23:13.217 [main] DEBUG com.github.dockerjava.zerodep.shaded.org.apache.hc.client5.http.headers - http-outgoing-0 << Transfer-Encoding: chunked
2026-07-21 16:23:13.217 [main] DEBUG com.github.dockerjava.zerodep.shaded.org.apache.hc.client5.http.impl.classic.MainClientExec - ex-0000000005 connection can be kept alive for 3 MINUTES
2026-07-21 16:23:13.217 [main] DEBUG com.github.dockerjava.zerodep.shaded.org.apache.hc.client5.http.wire - http-outgoing-0 << "58[\r][\n]"
2026-07-21 16:23:13.217 [main] DEBUG com.github.dockerjava.zerodep.shaded.org.apache.hc.client5.http.wire - http-outgoing-0 << "{"Id":"089c2ad8a501937a684ed4b0178abb1a9bff5cc2b8cc2f9f053ebcc4e43a86ff","Warnings":[]}[\n]"
2026-07-21 16:23:13.217 [main] DEBUG com.github.dockerjava.zerodep.shaded.org.apache.hc.client5.http.wire - http-outgoing-0 << "[\r][\n]"
2026-07-21 16:23:13.217 [main] DEBUG com.github.dockerjava.zerodep.shaded.org.apache.hc.client5.http.wire - http-outgoing-0 << "0[\r][\n]"
2026-07-21 16:23:13.217 [main] DEBUG com.github.dockerjava.zerodep.shaded.org.apache.hc.client5.http.wire - http-outgoing-0 << "[\r][\n]"
2026-07-21 16:23:13.218 [main] DEBUG com.github.dockerjava.zerodep.shaded.org.apache.hc.client5.http.impl.classic.InternalHttpClient - ep-0000000005 releasing valid endpoint
2026-07-21 16:23:13.218 [main] DEBUG com.github.dockerjava.zerodep.shaded.org.apache.hc.client5.http.impl.io.PoolingHttpClientConnectionManager - ep-0000000005 releasing endpoint
2026-07-21 16:23:13.219 [main] DEBUG com.github.dockerjava.zerodep.shaded.org.apache.hc.client5.http.impl.io.PoolingHttpClientConnectionManager - ep-0000000005 connection http-outgoing-0 can be kept alive for 3 MINUTES
2026-07-21 16:23:13.219 [main] DEBUG com.github.dockerjava.zerodep.shaded.org.apache.hc.client5.http.impl.io.PoolingHttpClientConnectionManager - ep-0000000005 connection released [route: {}->[unix://localhost:2375]][total available: 1; route allocated: 1 of 2147483647; total allocated: 1 of 2147483647]
2026-07-21 16:23:13.220 [main] INFO  tc.testcontainers/ryuk:0.14.0 - Container testcontainers/ryuk:0.14.0 is starting: 089c2ad8a501937a684ed4b0178abb1a9bff5cc2b8cc2f9f053ebcc4e43a86ff
2026-07-21 16:23:13.221 [main] DEBUG org.testcontainers.shaded.com.github.dockerjava.core.command.AbstrDockerCmd - Cmd: 089c2ad8a501937a684ed4b0178abb1a9bff5cc2b8cc2f9f053ebcc4e43a86ff
2026-07-21 16:23:13.221 [main] TRACE org.testcontainers.shaded.com.github.dockerjava.core.exec.StartContainerCmdExec - POST: DefaultWebTarget{path=[/containers/089c2ad8a501937a684ed4b0178abb1a9bff5cc2b8cc2f9f053ebcc4e43a86ff/start], queryParams={}}
2026-07-21 16:23:13.222 [main] DEBUG com.github.dockerjava.zerodep.shaded.org.apache.hc.client5.http.impl.classic.InternalHttpClient - ex-0000000006 preparing request execution
2026-07-21 16:23:13.222 [main] DEBUG com.github.dockerjava.zerodep.shaded.org.apache.hc.client5.http.impl.classic.ProtocolExec - ex-0000000006 target auth state: UNCHALLENGED
2026-07-21 16:23:13.222 [main] DEBUG com.github.dockerjava.zerodep.shaded.org.apache.hc.client5.http.impl.classic.ProtocolExec - ex-0000000006 proxy auth state: UNCHALLENGED
2026-07-21 16:23:13.222 [main] DEBUG com.github.dockerjava.zerodep.shaded.org.apache.hc.client5.http.impl.classic.ConnectExec - ex-0000000006 acquiring connection with route {}->[unix://localhost:2375]
2026-07-21 16:23:13.222 [main] DEBUG com.github.dockerjava.zerodep.shaded.org.apache.hc.client5.http.impl.classic.InternalHttpClient - ex-0000000006 acquiring endpoint (3 MINUTES)
2026-07-21 16:23:13.222 [main] DEBUG com.github.dockerjava.zerodep.shaded.org.apache.hc.client5.http.impl.io.PoolingHttpClientConnectionManager - ex-0000000006 endpoint lease request (3 MINUTES) [route: {}->[unix://localhost:2375]][total available: 1; route allocated: 1 of 2147483647; total allocated: 1 of 2147483647]
2026-07-21 16:23:13.222 [main] DEBUG com.github.dockerjava.zerodep.shaded.org.apache.hc.client5.http.impl.io.PoolingHttpClientConnectionManager - ex-0000000006 endpoint leased [route: {}->[unix://localhost:2375]][total available: 0; route allocated: 1 of 2147483647; total allocated: 1 of 2147483647]
2026-07-21 16:23:13.222 [main] DEBUG com.github.dockerjava.zerodep.shaded.org.apache.hc.client5.http.impl.io.PoolingHttpClientConnectionManager - ex-0000000006 acquired ep-0000000006
2026-07-21 16:23:13.222 [main] DEBUG com.github.dockerjava.zerodep.shaded.org.apache.hc.client5.http.impl.classic.InternalHttpClient - ex-0000000006 acquired endpoint ep-0000000006
2026-07-21 16:23:13.222 [main] DEBUG com.github.dockerjava.zerodep.shaded.org.apache.hc.client5.http.impl.classic.MainClientExec - ex-0000000006 executing POST /v1.44/containers/089c2ad8a501937a684ed4b0178abb1a9bff5cc2b8cc2f9f053ebcc4e43a86ff/start
2026-07-21 16:23:13.222 [main] DEBUG com.github.dockerjava.zerodep.shaded.org.apache.hc.client5.http.protocol.RequestAddCookies - ex-0000000006 Cookie spec selected: strict
2026-07-21 16:23:13.222 [main] DEBUG com.github.dockerjava.zerodep.shaded.org.apache.hc.client5.http.impl.classic.InternalHttpClient - ep-0000000006 start execution ex-0000000006
2026-07-21 16:23:13.222 [main] DEBUG com.github.dockerjava.zerodep.shaded.org.apache.hc.client5.http.impl.io.PoolingHttpClientConnectionManager - ep-0000000006 executing exchange ex-0000000006 over http-outgoing-0
2026-07-21 16:23:13.222 [main] DEBUG com.github.dockerjava.zerodep.shaded.org.apache.hc.client5.http.headers - http-outgoing-0 >> POST /v1.44/containers/089c2ad8a501937a684ed4b0178abb1a9bff5cc2b8cc2f9f053ebcc4e43a86ff/start HTTP/1.1
2026-07-21 16:23:13.222 [main] DEBUG com.github.dockerjava.zerodep.shaded.org.apache.hc.client5.http.headers - http-outgoing-0 >> accept: application/json
2026-07-21 16:23:13.222 [main] DEBUG com.github.dockerjava.zerodep.shaded.org.apache.hc.client5.http.headers - http-outgoing-0 >> content-type: application/json
2026-07-21 16:23:13.222 [main] DEBUG com.github.dockerjava.zerodep.shaded.org.apache.hc.client5.http.headers - http-outgoing-0 >> x-tc-sid: c2815888-2ad9-4d1b-b81d-ff10c2a3009c
2026-07-21 16:23:13.222 [main] DEBUG com.github.dockerjava.zerodep.shaded.org.apache.hc.client5.http.headers - http-outgoing-0 >> User-Agent: tc-java/2.0.5
2026-07-21 16:23:13.222 [main] DEBUG com.github.dockerjava.zerodep.shaded.org.apache.hc.client5.http.headers - http-outgoing-0 >> Accept-Encoding: gzip, x-gzip, deflate
2026-07-21 16:23:13.222 [main] DEBUG com.github.dockerjava.zerodep.shaded.org.apache.hc.client5.http.headers - http-outgoing-0 >> Host: localhost:2375
2026-07-21 16:23:13.222 [main] DEBUG com.github.dockerjava.zerodep.shaded.org.apache.hc.client5.http.headers - http-outgoing-0 >> Content-Length: 0
2026-07-21 16:23:13.222 [main] DEBUG com.github.dockerjava.zerodep.shaded.org.apache.hc.client5.http.headers - http-outgoing-0 >> Connection: keep-alive
2026-07-21 16:23:13.222 [main] DEBUG com.github.dockerjava.zerodep.shaded.org.apache.hc.client5.http.wire - http-outgoing-0 >> "POST /v1.44/containers/089c2ad8a501937a684ed4b0178abb1a9bff5cc2b8cc2f9f053ebcc4e43a86ff/start HTTP/1.1[\r][\n]"
2026-07-21 16:23:13.222 [main] DEBUG com.github.dockerjava.zerodep.shaded.org.apache.hc.client5.http.wire - http-outgoing-0 >> "accept: application/json[\r][\n]"
2026-07-21 16:23:13.222 [main] DEBUG com.github.dockerjava.zerodep.shaded.org.apache.hc.client5.http.wire - http-outgoing-0 >> "content-type: application/json[\r][\n]"
2026-07-21 16:23:13.222 [main] DEBUG com.github.dockerjava.zerodep.shaded.org.apache.hc.client5.http.wire - http-outgoing-0 >> "x-tc-sid: c2815888-2ad9-4d1b-b81d-ff10c2a3009c[\r][\n]"
2026-07-21 16:23:13.223 [main] DEBUG com.github.dockerjava.zerodep.shaded.org.apache.hc.client5.http.wire - http-outgoing-0 >> "User-Agent: tc-java/2.0.5[\r][\n]"
2026-07-21 16:23:13.223 [main] DEBUG com.github.dockerjava.zerodep.shaded.org.apache.hc.client5.http.wire - http-outgoing-0 >> "Accept-Encoding: gzip, x-gzip, deflate[\r][\n]"
2026-07-21 16:23:13.223 [main] DEBUG com.github.dockerjava.zerodep.shaded.org.apache.hc.client5.http.wire - http-outgoing-0 >> "Host: localhost:2375[\r][\n]"
2026-07-21 16:23:13.223 [main] DEBUG com.github.dockerjava.zerodep.shaded.org.apache.hc.client5.http.wire - http-outgoing-0 >> "Content-Length: 0[\r][\n]"
2026-07-21 16:23:13.223 [main] DEBUG com.github.dockerjava.zerodep.shaded.org.apache.hc.client5.http.wire - http-outgoing-0 >> "Connection: keep-alive[\r][\n]"
2026-07-21 16:23:13.223 [main] DEBUG com.github.dockerjava.zerodep.shaded.org.apache.hc.client5.http.wire - http-outgoing-0 >> "[\r][\n]"
2026-07-21 16:23:13.302 [main] DEBUG com.github.dockerjava.zerodep.shaded.org.apache.hc.client5.http.wire - http-outgoing-0 << "HTTP/1.1 204 No Content[\r][\n]"
2026-07-21 16:23:13.303 [main] DEBUG com.github.dockerjava.zerodep.shaded.org.apache.hc.client5.http.wire - http-outgoing-0 << "Api-Version: 1.54[\r][\n]"
2026-07-21 16:23:13.303 [main] DEBUG com.github.dockerjava.zerodep.shaded.org.apache.hc.client5.http.wire - http-outgoing-0 << "Date: Tue, 21 Jul 2026 13:23:13 GMT[\r][\n]"
2026-07-21 16:23:13.303 [main] DEBUG com.github.dockerjava.zerodep.shaded.org.apache.hc.client5.http.wire - http-outgoing-0 << "Docker-Experimental: false[\r][\n]"
2026-07-21 16:23:13.303 [main] DEBUG com.github.dockerjava.zerodep.shaded.org.apache.hc.client5.http.wire - http-outgoing-0 << "Ostype: linux[\r][\n]"
2026-07-21 16:23:13.303 [main] DEBUG com.github.dockerjava.zerodep.shaded.org.apache.hc.client5.http.wire - http-outgoing-0 << "Server: Docker/29.5.3 (linux)[\r][\n]"
2026-07-21 16:23:13.303 [main] DEBUG com.github.dockerjava.zerodep.shaded.org.apache.hc.client5.http.wire - http-outgoing-0 << "[\r][\n]"
2026-07-21 16:23:13.303 [main] DEBUG com.github.dockerjava.zerodep.shaded.org.apache.hc.client5.http.headers - http-outgoing-0 << HTTP/1.1 204 No Content
2026-07-21 16:23:13.303 [main] DEBUG com.github.dockerjava.zerodep.shaded.org.apache.hc.client5.http.headers - http-outgoing-0 << Api-Version: 1.54
2026-07-21 16:23:13.303 [main] DEBUG com.github.dockerjava.zerodep.shaded.org.apache.hc.client5.http.headers - http-outgoing-0 << Date: Tue, 21 Jul 2026 13:23:13 GMT
2026-07-21 16:23:13.303 [main] DEBUG com.github.dockerjava.zerodep.shaded.org.apache.hc.client5.http.headers - http-outgoing-0 << Docker-Experimental: false
2026-07-21 16:23:13.303 [main] DEBUG com.github.dockerjava.zerodep.shaded.org.apache.hc.client5.http.headers - http-outgoing-0 << Ostype: linux
2026-07-21 16:23:13.303 [main] DEBUG com.github.dockerjava.zerodep.shaded.org.apache.hc.client5.http.headers - http-outgoing-0 << Server: Docker/29.5.3 (linux)
2026-07-21 16:23:13.303 [main] DEBUG com.github.dockerjava.zerodep.shaded.org.apache.hc.client5.http.impl.classic.MainClientExec - ex-0000000006 connection can be kept alive for 3 MINUTES
2026-07-21 16:23:13.303 [main] DEBUG com.github.dockerjava.zerodep.shaded.org.apache.hc.client5.http.impl.classic.InternalHttpClient - ep-0000000006 releasing valid endpoint
2026-07-21 16:23:13.303 [main] DEBUG com.github.dockerjava.zerodep.shaded.org.apache.hc.client5.http.impl.io.PoolingHttpClientConnectionManager - ep-0000000006 releasing endpoint
2026-07-21 16:23:13.303 [main] DEBUG com.github.dockerjava.zerodep.shaded.org.apache.hc.client5.http.impl.io.PoolingHttpClientConnectionManager - ep-0000000006 connection http-outgoing-0 can be kept alive for 3 MINUTES
2026-07-21 16:23:13.303 [main] DEBUG com.github.dockerjava.zerodep.shaded.org.apache.hc.client5.http.impl.io.PoolingHttpClientConnectionManager - ep-0000000006 connection released [route: {}->[unix://localhost:2375]][total available: 1; route allocated: 1 of 2147483647; total allocated: 1 of 2147483647]
2026-07-21 16:23:13.306 [main] DEBUG org.testcontainers.shaded.com.github.dockerjava.core.command.AbstrDockerCmd - Cmd: 089c2ad8a501937a684ed4b0178abb1a9bff5cc2b8cc2f9f053ebcc4e43a86ff,false
2026-07-21 16:23:13.307 [main] DEBUG org.testcontainers.shaded.com.github.dockerjava.core.exec.InspectContainerCmdExec - GET: DefaultWebTarget{path=[/containers/089c2ad8a501937a684ed4b0178abb1a9bff5cc2b8cc2f9f053ebcc4e43a86ff/json], queryParams={}}
2026-07-21 16:23:13.307 [main] DEBUG com.github.dockerjava.zerodep.shaded.org.apache.hc.client5.http.impl.classic.InternalHttpClient - ex-0000000007 preparing request execution
2026-07-21 16:23:13.307 [main] DEBUG com.github.dockerjava.zerodep.shaded.org.apache.hc.client5.http.impl.classic.ProtocolExec - ex-0000000007 target auth state: UNCHALLENGED
2026-07-21 16:23:13.307 [main] DEBUG com.github.dockerjava.zerodep.shaded.org.apache.hc.client5.http.impl.classic.ProtocolExec - ex-0000000007 proxy auth state: UNCHALLENGED
2026-07-21 16:23:13.307 [main] DEBUG com.github.dockerjava.zerodep.shaded.org.apache.hc.client5.http.impl.classic.ConnectExec - ex-0000000007 acquiring connection with route {}->[unix://localhost:2375]
2026-07-21 16:23:13.307 [main] DEBUG com.github.dockerjava.zerodep.shaded.org.apache.hc.client5.http.impl.classic.InternalHttpClient - ex-0000000007 acquiring endpoint (3 MINUTES)
2026-07-21 16:23:13.307 [main] DEBUG com.github.dockerjava.zerodep.shaded.org.apache.hc.client5.http.impl.io.PoolingHttpClientConnectionManager - ex-0000000007 endpoint lease request (3 MINUTES) [route: {}->[unix://localhost:2375]][total available: 1; route allocated: 1 of 2147483647; total allocated: 1 of 2147483647]
2026-07-21 16:23:13.307 [main] DEBUG com.github.dockerjava.zerodep.shaded.org.apache.hc.client5.http.impl.io.PoolingHttpClientConnectionManager - ex-0000000007 endpoint leased [route: {}->[unix://localhost:2375]][total available: 0; route allocated: 1 of 2147483647; total allocated: 1 of 2147483647]
2026-07-21 16:23:13.307 [main] DEBUG com.github.dockerjava.zerodep.shaded.org.apache.hc.client5.http.impl.io.PoolingHttpClientConnectionManager - ex-0000000007 acquired ep-0000000007
2026-07-21 16:23:13.307 [main] DEBUG com.github.dockerjava.zerodep.shaded.org.apache.hc.client5.http.impl.classic.InternalHttpClient - ex-0000000007 acquired endpoint ep-0000000007
2026-07-21 16:23:13.307 [main] DEBUG com.github.dockerjava.zerodep.shaded.org.apache.hc.client5.http.impl.classic.MainClientExec - ex-0000000007 executing GET /v1.44/containers/089c2ad8a501937a684ed4b0178abb1a9bff5cc2b8cc2f9f053ebcc4e43a86ff/json
2026-07-21 16:23:13.307 [main] DEBUG com.github.dockerjava.zerodep.shaded.org.apache.hc.client5.http.protocol.RequestAddCookies - ex-0000000007 Cookie spec selected: strict
2026-07-21 16:23:13.307 [main] DEBUG com.github.dockerjava.zerodep.shaded.org.apache.hc.client5.http.impl.classic.InternalHttpClient - ep-0000000007 start execution ex-0000000007
2026-07-21 16:23:13.307 [main] DEBUG com.github.dockerjava.zerodep.shaded.org.apache.hc.client5.http.impl.io.PoolingHttpClientConnectionManager - ep-0000000007 executing exchange ex-0000000007 over http-outgoing-0
2026-07-21 16:23:13.307 [main] DEBUG com.github.dockerjava.zerodep.shaded.org.apache.hc.client5.http.headers - http-outgoing-0 >> GET /v1.44/containers/089c2ad8a501937a684ed4b0178abb1a9bff5cc2b8cc2f9f053ebcc4e43a86ff/json HTTP/1.1
2026-07-21 16:23:13.307 [main] DEBUG com.github.dockerjava.zerodep.shaded.org.apache.hc.client5.http.headers - http-outgoing-0 >> accept: application/json
2026-07-21 16:23:13.307 [main] DEBUG com.github.dockerjava.zerodep.shaded.org.apache.hc.client5.http.headers - http-outgoing-0 >> x-tc-sid: c2815888-2ad9-4d1b-b81d-ff10c2a3009c
2026-07-21 16:23:13.307 [main] DEBUG com.github.dockerjava.zerodep.shaded.org.apache.hc.client5.http.headers - http-outgoing-0 >> User-Agent: tc-java/2.0.5
2026-07-21 16:23:13.307 [main] DEBUG com.github.dockerjava.zerodep.shaded.org.apache.hc.client5.http.headers - http-outgoing-0 >> Accept-Encoding: gzip, x-gzip, deflate
2026-07-21 16:23:13.308 [main] DEBUG com.github.dockerjava.zerodep.shaded.org.apache.hc.client5.http.headers - http-outgoing-0 >> Host: localhost:2375
2026-07-21 16:23:13.308 [main] DEBUG com.github.dockerjava.zerodep.shaded.org.apache.hc.client5.http.headers - http-outgoing-0 >> Connection: keep-alive
2026-07-21 16:23:13.308 [main] DEBUG com.github.dockerjava.zerodep.shaded.org.apache.hc.client5.http.wire - http-outgoing-0 >> "GET /v1.44/containers/089c2ad8a501937a684ed4b0178abb1a9bff5cc2b8cc2f9f053ebcc4e43a86ff/json HTTP/1.1[\r][\n]"
2026-07-21 16:23:13.308 [main] DEBUG com.github.dockerjava.zerodep.shaded.org.apache.hc.client5.http.wire - http-outgoing-0 >> "accept: application/json[\r][\n]"
2026-07-21 16:23:13.308 [main] DEBUG com.github.dockerjava.zerodep.shaded.org.apache.hc.client5.http.wire - http-outgoing-0 >> "x-tc-sid: c2815888-2ad9-4d1b-b81d-ff10c2a3009c[\r][\n]"
2026-07-21 16:23:13.308 [main] DEBUG com.github.dockerjava.zerodep.shaded.org.apache.hc.client5.http.wire - http-outgoing-0 >> "User-Agent: tc-java/2.0.5[\r][\n]"
2026-07-21 16:23:13.308 [main] DEBUG com.github.dockerjava.zerodep.shaded.org.apache.hc.client5.http.wire - http-outgoing-0 >> "Accept-Encoding: gzip, x-gzip, deflate[\r][\n]"
2026-07-21 16:23:13.308 [main] DEBUG com.github.dockerjava.zerodep.shaded.org.apache.hc.client5.http.wire - http-outgoing-0 >> "Host: localhost:2375[\r][\n]"
2026-07-21 16:23:13.308 [main] DEBUG com.github.dockerjava.zerodep.shaded.org.apache.hc.client5.http.wire - http-outgoing-0 >> "Connection: keep-alive[\r][\n]"
2026-07-21 16:23:13.308 [main] DEBUG com.github.dockerjava.zerodep.shaded.org.apache.hc.client5.http.wire - http-outgoing-0 >> "[\r][\n]"
2026-07-21 16:23:13.309 [main] DEBUG com.github.dockerjava.zerodep.shaded.org.apache.hc.client5.http.wire - http-outgoing-0 << "HTTP/1.1 200 OK[\r][\n]"
2026-07-21 16:23:13.309 [main] DEBUG com.github.dockerjava.zerodep.shaded.org.apache.hc.client5.http.wire - http-outgoing-0 << "Api-Version: 1.54[\r][\n]"
2026-07-21 16:23:13.309 [main] DEBUG com.github.dockerjava.zerodep.shaded.org.apache.hc.client5.http.wire - http-outgoing-0 << "Content-Type: application/json[\r][\n]"
2026-07-21 16:23:13.309 [main] DEBUG com.github.dockerjava.zerodep.shaded.org.apache.hc.client5.http.wire - http-outgoing-0 << "Date: Tue, 21 Jul 2026 13:23:13 GMT[\r][\n]"
2026-07-21 16:23:13.309 [main] DEBUG com.github.dockerjava.zerodep.shaded.org.apache.hc.client5.http.wire - http-outgoing-0 << "Docker-Experimental: false[\r][\n]"
2026-07-21 16:23:13.309 [main] DEBUG com.github.dockerjava.zerodep.shaded.org.apache.hc.client5.http.wire - http-outgoing-0 << "Ostype: linux[\r][\n]"
2026-07-21 16:23:13.310 [main] DEBUG com.github.dockerjava.zerodep.shaded.org.apache.hc.client5.http.wire - http-outgoing-0 << "Server: Docker/29.5.3 (linux)[\r][\n]"
2026-07-21 16:23:13.310 [main] DEBUG com.github.dockerjava.zerodep.shaded.org.apache.hc.client5.http.wire - http-outgoing-0 << "Transfer-Encoding: chunked[\r][\n]"
2026-07-21 16:23:13.310 [main] DEBUG com.github.dockerjava.zerodep.shaded.org.apache.hc.client5.http.wire - http-outgoing-0 << "[\r][\n]"
2026-07-21 16:23:13.310 [main] DEBUG com.github.dockerjava.zerodep.shaded.org.apache.hc.client5.http.headers - http-outgoing-0 << HTTP/1.1 200 OK
2026-07-21 16:23:13.310 [main] DEBUG com.github.dockerjava.zerodep.shaded.org.apache.hc.client5.http.headers - http-outgoing-0 << Api-Version: 1.54
2026-07-21 16:23:13.310 [main] DEBUG com.github.dockerjava.zerodep.shaded.org.apache.hc.client5.http.headers - http-outgoing-0 << Content-Type: application/json
2026-07-21 16:23:13.310 [main] DEBUG com.github.dockerjava.zerodep.shaded.org.apache.hc.client5.http.headers - http-outgoing-0 << Date: Tue, 21 Jul 2026 13:23:13 GMT
2026-07-21 16:23:13.310 [main] DEBUG com.github.dockerjava.zerodep.shaded.org.apache.hc.client5.http.headers - http-outgoing-0 << Docker-Experimental: false
2026-07-21 16:23:13.310 [main] DEBUG com.github.dockerjava.zerodep.shaded.org.apache.hc.client5.http.headers - http-outgoing-0 << Ostype: linux
2026-07-21 16:23:13.310 [main] DEBUG com.github.dockerjava.zerodep.shaded.org.apache.hc.client5.http.headers - http-outgoing-0 << Server: Docker/29.5.3 (linux)
2026-07-21 16:23:13.310 [main] DEBUG com.github.dockerjava.zerodep.shaded.org.apache.hc.client5.http.headers - http-outgoing-0 << Transfer-Encoding: chunked
2026-07-21 16:23:13.310 [main] DEBUG com.github.dockerjava.zerodep.shaded.org.apache.hc.client5.http.impl.classic.MainClientExec - ex-0000000007 connection can be kept alive for 3 MINUTES
2026-07-21 16:23:13.310 [main] DEBUG com.github.dockerjava.zerodep.shaded.org.apache.hc.client5.http.wire - http-outgoing-0 << "120b[\r][\n]"
2026-07-21 16:23:13.310 [main] DEBUG com.github.dockerjava.zerodep.shaded.org.apache.hc.client5.http.wire - http-outgoing-0 << "{"Id":"089c2ad8a501937a684ed4b0178abb1a9bff5cc2b8cc2f9f053ebcc4e43a86ff","Created":"2026-07-21T13:23:13.188295251Z","Path":"/bin/ryuk","Args":[],"State":{"Status":"running","Running":true,"Paused":false,"Restarting":false,"OOMKilled":false,"Dead":false,"Pid":59505,"ExitCode":0,"Error":"","StartedAt":"2026-07-21T13:23:13.234372168Z","FinishedAt":"0001-01-01T00:00:00Z"},"Image":"sha256:52785d2485ac7df684b8740e233427b5ed4d0ee39132f1bb54ddc54df767bf38","ResolvConfPath":"/var/lib/docker/containers/089c2ad8a501937a684ed4b0178abb1a9bff5cc2b8cc2f9f053ebcc4e43a86ff/resolv.conf","HostnamePath":"/var/lib/docker/containers/089c2ad8a501937a684ed4b0178abb1a9bff5cc2b8cc2f9f053ebcc4e43a86ff/hostname","HostsPath":"/var/lib/docker/containers/089c2ad8a501937a684ed4b0178abb1a9bff5cc2b8cc2f9f053ebcc4e43a86ff/hosts","LogPath":"/var/lib/docker/containers/089c2ad8a501937a684ed4b0178abb1a9bff5cc2b8cc2f9f053ebcc4e43a86ff/089c2ad8a501937a684ed4b0178abb1a9bff5cc2b8cc2f9f053ebcc4e43a86ff-json.log","Name":"/testcontainers-ryuk-c2815888-2ad9-4d1b-b81d-ff10c2a3009c","RestartCount":0,"Driver":"overlay2","Platform":"linux","MountLabel":"","ProcessLabel":"","AppArmorProfile":"","ExecIDs":null,"HostConfig":{"Binds":["/var/run/docker.sock:/var/run/docker.sock:rw"],"ContainerIDFile":"","LogConfig":{"Type":"json-file","Config":{}},"NetworkMode":"bridge","PortBindings":{"8080/tcp":[{"HostIp":"","HostPort":""}]},"RestartPolicy":{"Name":"no","MaximumRetryCount":0},"AutoRemove":true,"VolumeDriver":"","VolumesFrom":[],"ConsoleSize":[0,0],"CapAdd":null,"CapDrop":null,"CgroupnsMode":"private","Dns":null,"DnsOptions":null,"DnsSearch":null,"ExtraHosts":[],"GroupAdd":null,"IpcMode":"private","Cgroup":"","Links":null,"OomScoreAdj":0,"PidMode":"","Privileged":true,"PublishAllPorts":false,"ReadonlyRootfs":false,"SecurityOpt":["label=disable"],"UTSMode":"","UsernsMode":"","ShmSize":67108864,"Runtime":"runc","Isolation":"","CpuShares":0,"Memory":0,"NanoCpus":0,"CgroupParent":"","BlkioWeight":0,"BlkioWeightDevice":null,"BlkioDeviceReadBps":null,"BlkioDeviceWriteBps":null,"BlkioDeviceReadIOps":null,"BlkioDeviceWriteIOps":null,"CpuPeriod":0,"CpuQuota":0,"CpuRealtimePeriod":0,"CpuRealtimeRuntime":0,"CpusetCpus":"","CpusetMems":"","Devices":null,"DeviceCgroupRules":null,"DeviceRequests":null,"MemoryReservation":0,"MemorySwap":0,"MemorySwappiness":null,"OomKillDisable":null,"PidsLimit":null,"Ulimits":null,"CpuCount":0,"CpuPercent":0,"IOMaximumIOps":0,"IOMaximumBandwidth":0,"MaskedPaths":null,"ReadonlyPaths":null},"GraphDriver":{"Data":{"ID":"089c2ad8a501937a684ed4b0178abb1a9bff5cc2b8cc2f9f053ebcc4e43a86ff","LowerDir":"/var/lib/docker/overlay2/9d3313218c3c90ab9f68aa56a6c34d981e1f9667dabf6bad0e0fcd21828e4f16-init/diff:/var/lib/docker/overlay2/1e3fa54882e90e90fd230f13d309d5d08621efc3a66ed0a56116b785546c8f65/diff:/var/lib/docker/overlay2/425ae3a631aef12910133729710e0cd849ab451bf15f5330b323bb99c4fa0f49/diff","MergedDir":"/var/lib/docker/overlay2/9d3313218c3c90ab9f68aa56a6c34d981e1f9667dabf6bad0e0fcd21828e4f16/merged","UpperDir":"/var/lib/docker/overlay2/9d3313218c3c90ab9f68aa56a6c34d981e1f9667dabf6bad0e0fcd21828e4f16/diff","WorkDir":"/var/lib/docker/overlay2/9d3313218c3c90ab9f68aa56a6c34d981e1f9667dabf6bad0e0fcd21828e4f16/work"},"Name":"overlay2"},"Mounts":[{"Type":"bind","Source":"/var/run/docker.sock","Destination":"/var/run/docker.sock","Mode":"rw","RW":true,"Propagation":"rprivate"}],"Config":{"Hostname":"089c2ad8a501","Domainname":"","User":"","AttachStdin":false,"AttachStdout":false,"AttachStderr":false,"ExposedPorts":{"8080/tcp":{}},"Tty":false,"OpenStdin":false,"StdinOnce":false,"Env":["PATH=/usr/local/sbin:/usr/local/bin:/usr/sbin:/usr/bin:/sbin:/bin"],"Cmd":["/bin/ryuk"],"Image":"testcontainers/ryuk:0.14.0","Volumes":null,"WorkingDir":"/","Entrypoint":null,"Labels":{"org.testcontainers":"true","org.testcontainers.lang":"java","org.testcontainers.ryuk":"true","org.testcontainers.version":"2.0.5"},"StopTimeout":1},"NetworkSettings":{"SandboxID":"824186b062fd08ac0a29005a84ddfb85d5c87e70c37d88a6dfd41412b99b3b77","SandboxKey":"/var/run/docker/netns/824186b062fd","Ports":{"8080/tcp":[{"HostIp":"0.0.0.0","HostPort":"59619"},{"HostIp":"::","HostPort":"59619"}]},"Networks":{"bridge":{"IPAMConfig":null,"Links":null,"Aliases":null,"DriverOpts":null,"GwPriority":0,"NetworkID":"998d6244bdfb5e5563c0dbbe14df5cbe693c238c2c93dcb841f601252b85ef2f","EndpointID":"5b751aeff652fefe6c672d1f30ac073a5fd6e283f882875b9104a97509389f34","Gateway":"172.17.0.1","IPAddress":"172.17.0.3","MacAddress":"9a:c7:75:fa:46:fc","IPPrefixLen":16,"IPv6Gateway":"","GlobalIPv6Address":"","GlobalIPv6PrefixLen":0,"DNSNames":null}}}}[\n]"
2026-07-21 16:23:13.310 [main] DEBUG com.github.dockerjava.zerodep.shaded.org.apache.hc.client5.http.wire - http-outgoing-0 << "[\r][\n]"
2026-07-21 16:23:13.310 [main] DEBUG com.github.dockerjava.zerodep.shaded.org.apache.hc.client5.http.wire - http-outgoing-0 << "0[\r][\n]"
2026-07-21 16:23:13.310 [main] DEBUG com.github.dockerjava.zerodep.shaded.org.apache.hc.client5.http.wire - http-outgoing-0 << "[\r][\n]"
2026-07-21 16:23:13.343 [main] DEBUG com.github.dockerjava.zerodep.shaded.org.apache.hc.client5.http.impl.classic.InternalHttpClient - ep-0000000007 releasing valid endpoint
2026-07-21 16:23:13.343 [main] DEBUG com.github.dockerjava.zerodep.shaded.org.apache.hc.client5.http.impl.io.PoolingHttpClientConnectionManager - ep-0000000007 releasing endpoint
2026-07-21 16:23:13.343 [main] DEBUG com.github.dockerjava.zerodep.shaded.org.apache.hc.client5.http.impl.io.PoolingHttpClientConnectionManager - ep-0000000007 connection http-outgoing-0 can be kept alive for 3 MINUTES
2026-07-21 16:23:13.343 [main] DEBUG com.github.dockerjava.zerodep.shaded.org.apache.hc.client5.http.impl.io.PoolingHttpClientConnectionManager - ep-0000000007 connection released [route: {}->[unix://localhost:2375]][total available: 1; route allocated: 1 of 2147483647; total allocated: 1 of 2147483647]
2026-07-21 16:23:13.344 [main] DEBUG org.testcontainers.shaded.com.github.dockerjava.core.command.AbstrDockerCmd - Cmd: sha256:52785d2485ac7df684b8740e233427b5ed4d0ee39132f1bb54ddc54df767bf38
2026-07-21 16:23:13.344 [main] TRACE org.testcontainers.shaded.com.github.dockerjava.core.exec.InspectImageCmdExec - GET: DefaultWebTarget{path=[/images/sha256:52785d2485ac7df684b8740e233427b5ed4d0ee39132f1bb54ddc54df767bf38/json], queryParams={}}
2026-07-21 16:23:13.345 [main] DEBUG com.github.dockerjava.zerodep.shaded.org.apache.hc.client5.http.impl.classic.InternalHttpClient - ex-0000000008 preparing request execution
2026-07-21 16:23:13.345 [main] DEBUG com.github.dockerjava.zerodep.shaded.org.apache.hc.client5.http.impl.classic.ProtocolExec - ex-0000000008 target auth state: UNCHALLENGED
2026-07-21 16:23:13.345 [main] DEBUG com.github.dockerjava.zerodep.shaded.org.apache.hc.client5.http.impl.classic.ProtocolExec - ex-0000000008 proxy auth state: UNCHALLENGED
2026-07-21 16:23:13.345 [main] DEBUG com.github.dockerjava.zerodep.shaded.org.apache.hc.client5.http.impl.classic.ConnectExec - ex-0000000008 acquiring connection with route {}->[unix://localhost:2375]
2026-07-21 16:23:13.345 [main] DEBUG com.github.dockerjava.zerodep.shaded.org.apache.hc.client5.http.impl.classic.InternalHttpClient - ex-0000000008 acquiring endpoint (3 MINUTES)
2026-07-21 16:23:13.345 [main] DEBUG com.github.dockerjava.zerodep.shaded.org.apache.hc.client5.http.impl.io.PoolingHttpClientConnectionManager - ex-0000000008 endpoint lease request (3 MINUTES) [route: {}->[unix://localhost:2375]][total available: 1; route allocated: 1 of 2147483647; total allocated: 1 of 2147483647]
2026-07-21 16:23:13.345 [main] DEBUG com.github.dockerjava.zerodep.shaded.org.apache.hc.client5.http.impl.io.PoolingHttpClientConnectionManager - ex-0000000008 endpoint leased [route: {}->[unix://localhost:2375]][total available: 0; route allocated: 1 of 2147483647; total allocated: 1 of 2147483647]
2026-07-21 16:23:13.345 [main] DEBUG com.github.dockerjava.zerodep.shaded.org.apache.hc.client5.http.impl.io.PoolingHttpClientConnectionManager - ex-0000000008 acquired ep-0000000008
2026-07-21 16:23:13.345 [main] DEBUG com.github.dockerjava.zerodep.shaded.org.apache.hc.client5.http.impl.classic.InternalHttpClient - ex-0000000008 acquired endpoint ep-0000000008
2026-07-21 16:23:13.345 [main] DEBUG com.github.dockerjava.zerodep.shaded.org.apache.hc.client5.http.impl.classic.MainClientExec - ex-0000000008 executing GET /v1.44/images/sha256:52785d2485ac7df684b8740e233427b5ed4d0ee39132f1bb54ddc54df767bf38/json
2026-07-21 16:23:13.345 [main] DEBUG com.github.dockerjava.zerodep.shaded.org.apache.hc.client5.http.protocol.RequestAddCookies - ex-0000000008 Cookie spec selected: strict
2026-07-21 16:23:13.345 [main] DEBUG com.github.dockerjava.zerodep.shaded.org.apache.hc.client5.http.impl.classic.InternalHttpClient - ep-0000000008 start execution ex-0000000008
2026-07-21 16:23:13.345 [main] DEBUG com.github.dockerjava.zerodep.shaded.org.apache.hc.client5.http.impl.io.PoolingHttpClientConnectionManager - ep-0000000008 executing exchange ex-0000000008 over http-outgoing-0
2026-07-21 16:23:13.345 [main] DEBUG com.github.dockerjava.zerodep.shaded.org.apache.hc.client5.http.headers - http-outgoing-0 >> GET /v1.44/images/sha256:52785d2485ac7df684b8740e233427b5ed4d0ee39132f1bb54ddc54df767bf38/json HTTP/1.1
2026-07-21 16:23:13.345 [main] DEBUG com.github.dockerjava.zerodep.shaded.org.apache.hc.client5.http.headers - http-outgoing-0 >> accept: application/json
2026-07-21 16:23:13.345 [main] DEBUG com.github.dockerjava.zerodep.shaded.org.apache.hc.client5.http.headers - http-outgoing-0 >> x-tc-sid: c2815888-2ad9-4d1b-b81d-ff10c2a3009c
2026-07-21 16:23:13.345 [main] DEBUG com.github.dockerjava.zerodep.shaded.org.apache.hc.client5.http.headers - http-outgoing-0 >> User-Agent: tc-java/2.0.5
2026-07-21 16:23:13.345 [main] DEBUG com.github.dockerjava.zerodep.shaded.org.apache.hc.client5.http.headers - http-outgoing-0 >> Accept-Encoding: gzip, x-gzip, deflate
2026-07-21 16:23:13.345 [main] DEBUG com.github.dockerjava.zerodep.shaded.org.apache.hc.client5.http.headers - http-outgoing-0 >> Host: localhost:2375
2026-07-21 16:23:13.345 [main] DEBUG com.github.dockerjava.zerodep.shaded.org.apache.hc.client5.http.headers - http-outgoing-0 >> Connection: keep-alive
2026-07-21 16:23:13.345 [main] DEBUG com.github.dockerjava.zerodep.shaded.org.apache.hc.client5.http.wire - http-outgoing-0 >> "GET /v1.44/images/sha256:52785d2485ac7df684b8740e233427b5ed4d0ee39132f1bb54ddc54df767bf38/json HTTP/1.1[\r][\n]"
2026-07-21 16:23:13.345 [main] DEBUG com.github.dockerjava.zerodep.shaded.org.apache.hc.client5.http.wire - http-outgoing-0 >> "accept: application/json[\r][\n]"
2026-07-21 16:23:13.345 [main] DEBUG com.github.dockerjava.zerodep.shaded.org.apache.hc.client5.http.wire - http-outgoing-0 >> "x-tc-sid: c2815888-2ad9-4d1b-b81d-ff10c2a3009c[\r][\n]"
2026-07-21 16:23:13.345 [main] DEBUG com.github.dockerjava.zerodep.shaded.org.apache.hc.client5.http.wire - http-outgoing-0 >> "User-Agent: tc-java/2.0.5[\r][\n]"
2026-07-21 16:23:13.345 [main] DEBUG com.github.dockerjava.zerodep.shaded.org.apache.hc.client5.http.wire - http-outgoing-0 >> "Accept-Encoding: gzip, x-gzip, deflate[\r][\n]"
2026-07-21 16:23:13.345 [main] DEBUG com.github.dockerjava.zerodep.shaded.org.apache.hc.client5.http.wire - http-outgoing-0 >> "Host: localhost:2375[\r][\n]"
2026-07-21 16:23:13.346 [main] DEBUG com.github.dockerjava.zerodep.shaded.org.apache.hc.client5.http.wire - http-outgoing-0 >> "Connection: keep-alive[\r][\n]"
2026-07-21 16:23:13.346 [main] DEBUG com.github.dockerjava.zerodep.shaded.org.apache.hc.client5.http.wire - http-outgoing-0 >> "[\r][\n]"
2026-07-21 16:23:13.347 [main] DEBUG com.github.dockerjava.zerodep.shaded.org.apache.hc.client5.http.wire - http-outgoing-0 << "HTTP/1.1 200 OK[\r][\n]"
2026-07-21 16:23:13.347 [main] DEBUG com.github.dockerjava.zerodep.shaded.org.apache.hc.client5.http.wire - http-outgoing-0 << "Api-Version: 1.54[\r][\n]"
2026-07-21 16:23:13.347 [main] DEBUG com.github.dockerjava.zerodep.shaded.org.apache.hc.client5.http.wire - http-outgoing-0 << "Content-Type: application/json[\r][\n]"
2026-07-21 16:23:13.347 [main] DEBUG com.github.dockerjava.zerodep.shaded.org.apache.hc.client5.http.wire - http-outgoing-0 << "Date: Tue, 21 Jul 2026 13:23:13 GMT[\r][\n]"
2026-07-21 16:23:13.347 [main] DEBUG com.github.dockerjava.zerodep.shaded.org.apache.hc.client5.http.wire - http-outgoing-0 << "Docker-Experimental: false[\r][\n]"
2026-07-21 16:23:13.347 [main] DEBUG com.github.dockerjava.zerodep.shaded.org.apache.hc.client5.http.wire - http-outgoing-0 << "Ostype: linux[\r][\n]"
2026-07-21 16:23:13.347 [main] DEBUG com.github.dockerjava.zerodep.shaded.org.apache.hc.client5.http.wire - http-outgoing-0 << "Server: Docker/29.5.3 (linux)[\r][\n]"
2026-07-21 16:23:13.347 [main] DEBUG com.github.dockerjava.zerodep.shaded.org.apache.hc.client5.http.wire - http-outgoing-0 << "Transfer-Encoding: chunked[\r][\n]"
2026-07-21 16:23:13.347 [main] DEBUG com.github.dockerjava.zerodep.shaded.org.apache.hc.client5.http.wire - http-outgoing-0 << "[\r][\n]"
2026-07-21 16:23:13.348 [main] DEBUG com.github.dockerjava.zerodep.shaded.org.apache.hc.client5.http.headers - http-outgoing-0 << HTTP/1.1 200 OK
2026-07-21 16:23:13.348 [main] DEBUG com.github.dockerjava.zerodep.shaded.org.apache.hc.client5.http.headers - http-outgoing-0 << Api-Version: 1.54
2026-07-21 16:23:13.348 [main] DEBUG com.github.dockerjava.zerodep.shaded.org.apache.hc.client5.http.headers - http-outgoing-0 << Content-Type: application/json
2026-07-21 16:23:13.348 [main] DEBUG com.github.dockerjava.zerodep.shaded.org.apache.hc.client5.http.headers - http-outgoing-0 << Date: Tue, 21 Jul 2026 13:23:13 GMT
2026-07-21 16:23:13.348 [main] DEBUG com.github.dockerjava.zerodep.shaded.org.apache.hc.client5.http.headers - http-outgoing-0 << Docker-Experimental: false
2026-07-21 16:23:13.348 [main] DEBUG com.github.dockerjava.zerodep.shaded.org.apache.hc.client5.http.headers - http-outgoing-0 << Ostype: linux
2026-07-21 16:23:13.348 [main] DEBUG com.github.dockerjava.zerodep.shaded.org.apache.hc.client5.http.headers - http-outgoing-0 << Server: Docker/29.5.3 (linux)
2026-07-21 16:23:13.348 [main] DEBUG com.github.dockerjava.zerodep.shaded.org.apache.hc.client5.http.headers - http-outgoing-0 << Transfer-Encoding: chunked
2026-07-21 16:23:13.348 [main] DEBUG com.github.dockerjava.zerodep.shaded.org.apache.hc.client5.http.impl.classic.MainClientExec - ex-0000000008 connection can be kept alive for 3 MINUTES
2026-07-21 16:23:13.348 [main] DEBUG com.github.dockerjava.zerodep.shaded.org.apache.hc.client5.http.wire - http-outgoing-0 << "7c6[\r][\n]"
2026-07-21 16:23:13.348 [main] DEBUG com.github.dockerjava.zerodep.shaded.org.apache.hc.client5.http.wire - http-outgoing-0 << "{"Architecture":"arm64","Author":"","Comment":"buildkit.dockerfile.v0","Config":{"ArgsEscaped":true,"AttachStderr":false,"AttachStdin":false,"AttachStdout":false,"Cmd":["/bin/ryuk"],"Domainname":"","Entrypoint":null,"Env":["PATH=/usr/local/sbin:/usr/local/bin:/usr/sbin:/usr/bin:/sbin:/bin"],"Hostname":"","Image":"","Labels":{"org.testcontainers.ryuk":"true"},"OnBuild":null,"OpenStdin":false,"StdinOnce":false,"Tty":false,"User":"","Volumes":null,"WorkingDir":"/"},"Container":"","ContainerConfig":{"Hostname":"","Domainname":"","User":"","AttachStdin":false,"AttachStdout":false,"AttachStderr":false,"Tty":false,"OpenStdin":false,"StdinOnce":false,"Env":null,"Cmd":null,"Image":"","Volumes":null,"WorkingDir":"","Entrypoint":null,"Labels":null},"Created":"2025-09-26T09:02:08.983440048Z","DockerVersion":"","GraphDriver":{"Data":{"LowerDir":"/var/lib/docker/overlay2/425ae3a631aef12910133729710e0cd849ab451bf15f5330b323bb99c4fa0f49/diff","MergedDir":"/var/lib/docker/overlay2/1e3fa54882e90e90fd230f13d309d5d08621efc3a66ed0a56116b785546c8f65/merged","UpperDir":"/var/lib/docker/overlay2/1e3fa54882e90e90fd230f13d309d5d08621efc3a66ed0a56116b785546c8f65/diff","WorkDir":"/var/lib/docker/overlay2/1e3fa54882e90e90fd230f13d309d5d08621efc3a66ed0a56116b785546c8f65/work"},"Name":"overlay2"},"Id":"sha256:52785d2485ac7df684b8740e233427b5ed4d0ee39132f1bb54ddc54df767bf38","Metadata":{"LastTagTime":"0001-01-01T00:00:00Z"},"Os":"linux","Parent":"","RepoDigests":["docker-proxy.artifactory.tcsbank.ru/testcontainers/ryuk@sha256:7c1a8a9a47c780ed0f983770a662f80deb115d95cce3e2daa3d12115b8cd28f0","testcontainers/ryuk@sha256:7c1a8a9a47c780ed0f983770a662f80deb115d95cce3e2daa3d12115b8cd28f0"],"RepoTags":["docker-proxy.artifactory.tcsbank.ru/testcontainers/ryuk:0.14.0","testcontainers/ryuk:0.14.0"],"RootFS":{"Layers":["sha256:cd33c313a23a2c33e58a5b30256b2699cb5d298a1669f0c92432964de5d55ff2","sha256:02558db1d38f0e13c75de4d5dedcc45cbc66e5678f01222cdb31279a9874ea41"],"Type":"layers"},"Size":2112073}[\n]"
2026-07-21 16:23:13.348 [main] DEBUG com.github.dockerjava.zerodep.shaded.org.apache.hc.client5.http.wire - http-outgoing-0 << "[\r][\n]"
2026-07-21 16:23:13.348 [main] DEBUG com.github.dockerjava.zerodep.shaded.org.apache.hc.client5.http.wire - http-outgoing-0 << "0[\r][\n]"
2026-07-21 16:23:13.348 [main] DEBUG com.github.dockerjava.zerodep.shaded.org.apache.hc.client5.http.wire - http-outgoing-0 << "[\r][\n]"
2026-07-21 16:23:13.352 [main] DEBUG com.github.dockerjava.zerodep.shaded.org.apache.hc.client5.http.impl.classic.InternalHttpClient - ep-0000000008 releasing valid endpoint
2026-07-21 16:23:13.352 [main] DEBUG com.github.dockerjava.zerodep.shaded.org.apache.hc.client5.http.impl.io.PoolingHttpClientConnectionManager - ep-0000000008 releasing endpoint
2026-07-21 16:23:13.352 [main] DEBUG com.github.dockerjava.zerodep.shaded.org.apache.hc.client5.http.impl.io.PoolingHttpClientConnectionManager - ep-0000000008 connection http-outgoing-0 can be kept alive for 3 MINUTES
2026-07-21 16:23:13.352 [main] DEBUG com.github.dockerjava.zerodep.shaded.org.apache.hc.client5.http.impl.io.PoolingHttpClientConnectionManager - ep-0000000008 connection released [route: {}->[unix://localhost:2375]][total available: 1; route allocated: 1 of 2147483647; total allocated: 1 of 2147483647]
2026-07-21 16:23:13.352 [main] DEBUG org.testcontainers.shaded.com.github.dockerjava.core.command.AbstrDockerCmd - Cmd: 
2026-07-21 16:23:13.352 [main] TRACE org.testcontainers.shaded.com.github.dockerjava.core.exec.VersionCmdExec - GET: DefaultWebTarget{path=[/version], queryParams={}}
2026-07-21 16:23:13.352 [main] DEBUG com.github.dockerjava.zerodep.shaded.org.apache.hc.client5.http.impl.classic.InternalHttpClient - ex-0000000009 preparing request execution
2026-07-21 16:23:13.353 [main] DEBUG com.github.dockerjava.zerodep.shaded.org.apache.hc.client5.http.impl.classic.ProtocolExec - ex-0000000009 target auth state: UNCHALLENGED
2026-07-21 16:23:13.353 [main] DEBUG com.github.dockerjava.zerodep.shaded.org.apache.hc.client5.http.impl.classic.ProtocolExec - ex-0000000009 proxy auth state: UNCHALLENGED
2026-07-21 16:23:13.353 [main] DEBUG com.github.dockerjava.zerodep.shaded.org.apache.hc.client5.http.impl.classic.ConnectExec - ex-0000000009 acquiring connection with route {}->[unix://localhost:2375]
2026-07-21 16:23:13.353 [main] DEBUG com.github.dockerjava.zerodep.shaded.org.apache.hc.client5.http.impl.classic.InternalHttpClient - ex-0000000009 acquiring endpoint (3 MINUTES)
2026-07-21 16:23:13.353 [main] DEBUG com.github.dockerjava.zerodep.shaded.org.apache.hc.client5.http.impl.io.PoolingHttpClientConnectionManager - ex-0000000009 endpoint lease request (3 MINUTES) [route: {}->[unix://localhost:2375]][total available: 1; route allocated: 1 of 2147483647; total allocated: 1 of 2147483647]
2026-07-21 16:23:13.353 [main] DEBUG com.github.dockerjava.zerodep.shaded.org.apache.hc.client5.http.impl.io.PoolingHttpClientConnectionManager - ex-0000000009 endpoint leased [route: {}->[unix://localhost:2375]][total available: 0; route allocated: 1 of 2147483647; total allocated: 1 of 2147483647]
2026-07-21 16:23:13.353 [main] DEBUG com.github.dockerjava.zerodep.shaded.org.apache.hc.client5.http.impl.io.PoolingHttpClientConnectionManager - ex-0000000009 acquired ep-0000000009
2026-07-21 16:23:13.353 [main] DEBUG com.github.dockerjava.zerodep.shaded.org.apache.hc.client5.http.impl.classic.InternalHttpClient - ex-0000000009 acquired endpoint ep-0000000009
2026-07-21 16:23:13.353 [main] DEBUG com.github.dockerjava.zerodep.shaded.org.apache.hc.client5.http.impl.classic.MainClientExec - ex-0000000009 executing GET /v1.44/version
2026-07-21 16:23:13.353 [main] DEBUG com.github.dockerjava.zerodep.shaded.org.apache.hc.client5.http.protocol.RequestAddCookies - ex-0000000009 Cookie spec selected: strict
2026-07-21 16:23:13.353 [main] DEBUG com.github.dockerjava.zerodep.shaded.org.apache.hc.client5.http.impl.classic.InternalHttpClient - ep-0000000009 start execution ex-0000000009
2026-07-21 16:23:13.353 [main] DEBUG com.github.dockerjava.zerodep.shaded.org.apache.hc.client5.http.impl.io.PoolingHttpClientConnectionManager - ep-0000000009 executing exchange ex-0000000009 over http-outgoing-0
2026-07-21 16:23:13.353 [main] DEBUG com.github.dockerjava.zerodep.shaded.org.apache.hc.client5.http.headers - http-outgoing-0 >> GET /v1.44/version HTTP/1.1
2026-07-21 16:23:13.353 [main] DEBUG com.github.dockerjava.zerodep.shaded.org.apache.hc.client5.http.headers - http-outgoing-0 >> accept: application/json
2026-07-21 16:23:13.353 [main] DEBUG com.github.dockerjava.zerodep.shaded.org.apache.hc.client5.http.headers - http-outgoing-0 >> x-tc-sid: c2815888-2ad9-4d1b-b81d-ff10c2a3009c
2026-07-21 16:23:13.353 [main] DEBUG com.github.dockerjava.zerodep.shaded.org.apache.hc.client5.http.headers - http-outgoing-0 >> User-Agent: tc-java/2.0.5
2026-07-21 16:23:13.353 [main] DEBUG com.github.dockerjava.zerodep.shaded.org.apache.hc.client5.http.headers - http-outgoing-0 >> Accept-Encoding: gzip, x-gzip, deflate
2026-07-21 16:23:13.353 [main] DEBUG com.github.dockerjava.zerodep.shaded.org.apache.hc.client5.http.headers - http-outgoing-0 >> Host: localhost:2375
2026-07-21 16:23:13.353 [main] DEBUG com.github.dockerjava.zerodep.shaded.org.apache.hc.client5.http.headers - http-outgoing-0 >> Connection: keep-alive
2026-07-21 16:23:13.353 [main] DEBUG com.github.dockerjava.zerodep.shaded.org.apache.hc.client5.http.wire - http-outgoing-0 >> "GET /v1.44/version HTTP/1.1[\r][\n]"
2026-07-21 16:23:13.353 [main] DEBUG com.github.dockerjava.zerodep.shaded.org.apache.hc.client5.http.wire - http-outgoing-0 >> "accept: application/json[\r][\n]"
2026-07-21 16:23:13.353 [main] DEBUG com.github.dockerjava.zerodep.shaded.org.apache.hc.client5.http.wire - http-outgoing-0 >> "x-tc-sid: c2815888-2ad9-4d1b-b81d-ff10c2a3009c[\r][\n]"
2026-07-21 16:23:13.353 [main] DEBUG com.github.dockerjava.zerodep.shaded.org.apache.hc.client5.http.wire - http-outgoing-0 >> "User-Agent: tc-java/2.0.5[\r][\n]"
2026-07-21 16:23:13.353 [main] DEBUG com.github.dockerjava.zerodep.shaded.org.apache.hc.client5.http.wire - http-outgoing-0 >> "Accept-Encoding: gzip, x-gzip, deflate[\r][\n]"
2026-07-21 16:23:13.353 [main] DEBUG com.github.dockerjava.zerodep.shaded.org.apache.hc.client5.http.wire - http-outgoing-0 >> "Host: localhost:2375[\r][\n]"
2026-07-21 16:23:13.353 [main] DEBUG com.github.dockerjava.zerodep.shaded.org.apache.hc.client5.http.wire - http-outgoing-0 >> "Connection: keep-alive[\r][\n]"
2026-07-21 16:23:13.353 [main] DEBUG com.github.dockerjava.zerodep.shaded.org.apache.hc.client5.http.wire - http-outgoing-0 >> "[\r][\n]"
2026-07-21 16:23:13.360 [main] DEBUG com.github.dockerjava.zerodep.shaded.org.apache.hc.client5.http.wire - http-outgoing-0 << "HTTP/1.1 200 OK[\r][\n]"
2026-07-21 16:23:13.360 [main] DEBUG com.github.dockerjava.zerodep.shaded.org.apache.hc.client5.http.wire - http-outgoing-0 << "Api-Version: 1.54[\r][\n]"
2026-07-21 16:23:13.360 [main] DEBUG com.github.dockerjava.zerodep.shaded.org.apache.hc.client5.http.wire - http-outgoing-0 << "Content-Type: application/json[\r][\n]"
2026-07-21 16:23:13.360 [main] DEBUG com.github.dockerjava.zerodep.shaded.org.apache.hc.client5.http.wire - http-outgoing-0 << "Date: Tue, 21 Jul 2026 13:23:13 GMT[\r][\n]"
2026-07-21 16:23:13.360 [main] DEBUG com.github.dockerjava.zerodep.shaded.org.apache.hc.client5.http.wire - http-outgoing-0 << "Docker-Experimental: false[\r][\n]"
2026-07-21 16:23:13.360 [main] DEBUG com.github.dockerjava.zerodep.shaded.org.apache.hc.client5.http.wire - http-outgoing-0 << "Ostype: linux[\r][\n]"
2026-07-21 16:23:13.360 [main] DEBUG com.github.dockerjava.zerodep.shaded.org.apache.hc.client5.http.wire - http-outgoing-0 << "Server: Docker/29.5.3 (linux)[\r][\n]"
2026-07-21 16:23:13.360 [main] DEBUG com.github.dockerjava.zerodep.shaded.org.apache.hc.client5.http.wire - http-outgoing-0 << "Transfer-Encoding: chunked[\r][\n]"
2026-07-21 16:23:13.360 [main] DEBUG com.github.dockerjava.zerodep.shaded.org.apache.hc.client5.http.wire - http-outgoing-0 << "[\r][\n]"
2026-07-21 16:23:13.360 [main] DEBUG com.github.dockerjava.zerodep.shaded.org.apache.hc.client5.http.headers - http-outgoing-0 << HTTP/1.1 200 OK
2026-07-21 16:23:13.360 [main] DEBUG com.github.dockerjava.zerodep.shaded.org.apache.hc.client5.http.headers - http-outgoing-0 << Api-Version: 1.54
2026-07-21 16:23:13.360 [main] DEBUG com.github.dockerjava.zerodep.shaded.org.apache.hc.client5.http.headers - http-outgoing-0 << Content-Type: application/json
2026-07-21 16:23:13.360 [main] DEBUG com.github.dockerjava.zerodep.shaded.org.apache.hc.client5.http.headers - http-outgoing-0 << Date: Tue, 21 Jul 2026 13:23:13 GMT
2026-07-21 16:23:13.360 [main] DEBUG com.github.dockerjava.zerodep.shaded.org.apache.hc.client5.http.headers - http-outgoing-0 << Docker-Experimental: false
2026-07-21 16:23:13.360 [main] DEBUG com.github.dockerjava.zerodep.shaded.org.apache.hc.client5.http.headers - http-outgoing-0 << Ostype: linux
2026-07-21 16:23:13.360 [main] DEBUG com.github.dockerjava.zerodep.shaded.org.apache.hc.client5.http.headers - http-outgoing-0 << Server: Docker/29.5.3 (linux)
2026-07-21 16:23:13.360 [main] DEBUG com.github.dockerjava.zerodep.shaded.org.apache.hc.client5.http.headers - http-outgoing-0 << Transfer-Encoding: chunked
2026-07-21 16:23:13.361 [main] DEBUG com.github.dockerjava.zerodep.shaded.org.apache.hc.client5.http.impl.classic.MainClientExec - ex-0000000009 connection can be kept alive for 3 MINUTES
2026-07-21 16:23:13.361 [main] DEBUG com.github.dockerjava.zerodep.shaded.org.apache.hc.client5.http.wire - http-outgoing-0 << "37e[\r][\n]"
2026-07-21 16:23:13.361 [main] DEBUG com.github.dockerjava.zerodep.shaded.org.apache.hc.client5.http.wire - http-outgoing-0 << "{"Platform":{"Name":"Docker Desktop 4.78.0 (229452)"},"Version":"29.5.3","ApiVersion":"1.54","MinAPIVersion":"1.40","Os":"linux","Arch":"arm64","Components":[{"Name":"Engine","Version":"29.5.3","Details":{"ApiVersion":"1.54","Arch":"arm64","BuildTime":"2026-06-03T18:00:14.000000000+00:00","Experimental":"false","GitCommit":"285b471","GoVersion":"go1.26.4","KernelVersion":"6.12.76-linuxkit","MinAPIVersion":"1.40","Module":"github.com/moby/moby/v2","ModuleVersion":"v2.0.0+unknown","Os":"linux"}},{"Name":"containerd","Version":"v2.2.4","Details":{"GitCommit":"193637f7ee8ae5f5aa5248f49e7baa3e6164966e"}},{"Name":"runc","Version":"1.3.5","Details":{"GitCommit":"v1.3.5-0-g488fc13e"}},{"Name":"docker-init","Version":"0.19.0","Details":{"GitCommit":"de40ad0"}}],"GitCommit":"285b471","GoVersion":"go1.26.4","KernelVersion":"6.12.76-linuxkit","BuildTime":"2026-06-03T18:00:14.000000000+00:00"}[\n]"
2026-07-21 16:23:13.361 [main] DEBUG com.github.dockerjava.zerodep.shaded.org.apache.hc.client5.http.wire - http-outgoing-0 << "[\r][\n]"
2026-07-21 16:23:13.361 [main] DEBUG com.github.dockerjava.zerodep.shaded.org.apache.hc.client5.http.wire - http-outgoing-0 << "0[\r][\n]"
2026-07-21 16:23:13.361 [main] DEBUG com.github.dockerjava.zerodep.shaded.org.apache.hc.client5.http.wire - http-outgoing-0 << "[\r][\n]"
2026-07-21 16:23:13.364 [main] DEBUG com.github.dockerjava.zerodep.shaded.org.apache.hc.client5.http.impl.classic.InternalHttpClient - ep-0000000009 releasing valid endpoint
2026-07-21 16:23:13.364 [main] DEBUG com.github.dockerjava.zerodep.shaded.org.apache.hc.client5.http.impl.io.PoolingHttpClientConnectionManager - ep-0000000009 releasing endpoint
2026-07-21 16:23:13.364 [main] DEBUG com.github.dockerjava.zerodep.shaded.org.apache.hc.client5.http.impl.io.PoolingHttpClientConnectionManager - ep-0000000009 connection http-outgoing-0 can be kept alive for 3 MINUTES
2026-07-21 16:23:13.365 [main] DEBUG com.github.dockerjava.zerodep.shaded.org.apache.hc.client5.http.impl.io.PoolingHttpClientConnectionManager - ep-0000000009 connection released [route: {}->[unix://localhost:2375]][total available: 1; route allocated: 1 of 2147483647; total allocated: 1 of 2147483647]
2026-07-21 16:23:13.369 [main] TRACE org.testcontainers.shaded.com.github.dockerjava.core.exec.LogContainerCmdExec - GET: DefaultWebTarget{path=[/containers/089c2ad8a501937a684ed4b0178abb1a9bff5cc2b8cc2f9f053ebcc4e43a86ff/logs], queryParams={stdout=[true], stderr=[true], follow=[true], since=[0]}}
2026-07-21 16:23:13.370 [docker-java-stream--409404025] DEBUG com.github.dockerjava.zerodep.shaded.org.apache.hc.client5.http.impl.classic.InternalHttpClient - ex-0000000010 preparing request execution
2026-07-21 16:23:13.370 [docker-java-stream--409404025] DEBUG com.github.dockerjava.zerodep.shaded.org.apache.hc.client5.http.impl.classic.ProtocolExec - ex-0000000010 target auth state: UNCHALLENGED
2026-07-21 16:23:13.370 [docker-java-stream--409404025] DEBUG com.github.dockerjava.zerodep.shaded.org.apache.hc.client5.http.impl.classic.ProtocolExec - ex-0000000010 proxy auth state: UNCHALLENGED
2026-07-21 16:23:13.370 [docker-java-stream--409404025] DEBUG com.github.dockerjava.zerodep.shaded.org.apache.hc.client5.http.impl.classic.ConnectExec - ex-0000000010 acquiring connection with route {}->[unix://localhost:2375]
2026-07-21 16:23:13.370 [docker-java-stream--409404025] DEBUG com.github.dockerjava.zerodep.shaded.org.apache.hc.client5.http.impl.classic.InternalHttpClient - ex-0000000010 acquiring endpoint (3 MINUTES)
2026-07-21 16:23:13.371 [docker-java-stream--409404025] DEBUG com.github.dockerjava.zerodep.shaded.org.apache.hc.client5.http.impl.io.PoolingHttpClientConnectionManager - ex-0000000010 endpoint lease request (3 MINUTES) [route: {}->[unix://localhost:2375]][total available: 1; route allocated: 1 of 2147483647; total allocated: 1 of 2147483647]
2026-07-21 16:23:13.371 [docker-java-stream--409404025] DEBUG com.github.dockerjava.zerodep.shaded.org.apache.hc.client5.http.impl.io.PoolingHttpClientConnectionManager - ex-0000000010 endpoint leased [route: {}->[unix://localhost:2375]][total available: 0; route allocated: 1 of 2147483647; total allocated: 1 of 2147483647]
2026-07-21 16:23:13.371 [docker-java-stream--409404025] DEBUG com.github.dockerjava.zerodep.shaded.org.apache.hc.client5.http.impl.io.PoolingHttpClientConnectionManager - ex-0000000010 acquired ep-0000000010
2026-07-21 16:23:13.371 [docker-java-stream--409404025] DEBUG com.github.dockerjava.zerodep.shaded.org.apache.hc.client5.http.impl.classic.InternalHttpClient - ex-0000000010 acquired endpoint ep-0000000010
2026-07-21 16:23:13.371 [docker-java-stream--409404025] DEBUG com.github.dockerjava.zerodep.shaded.org.apache.hc.client5.http.impl.classic.MainClientExec - ex-0000000010 executing GET /v1.44/containers/089c2ad8a501937a684ed4b0178abb1a9bff5cc2b8cc2f9f053ebcc4e43a86ff/logs?stdout=true&stderr=true&follow=true&since=0
2026-07-21 16:23:13.371 [docker-java-stream--409404025] DEBUG com.github.dockerjava.zerodep.shaded.org.apache.hc.client5.http.protocol.RequestAddCookies - ex-0000000010 Cookie spec selected: strict
2026-07-21 16:23:13.371 [docker-java-stream--409404025] DEBUG com.github.dockerjava.zerodep.shaded.org.apache.hc.client5.http.impl.classic.InternalHttpClient - ep-0000000010 start execution ex-0000000010
2026-07-21 16:23:13.371 [docker-java-stream--409404025] DEBUG com.github.dockerjava.zerodep.shaded.org.apache.hc.client5.http.impl.io.PoolingHttpClientConnectionManager - ep-0000000010 executing exchange ex-0000000010 over http-outgoing-0
2026-07-21 16:23:13.371 [docker-java-stream--409404025] DEBUG com.github.dockerjava.zerodep.shaded.org.apache.hc.client5.http.headers - http-outgoing-0 >> GET /v1.44/containers/089c2ad8a501937a684ed4b0178abb1a9bff5cc2b8cc2f9f053ebcc4e43a86ff/logs?stdout=true&stderr=true&follow=true&since=0 HTTP/1.1
2026-07-21 16:23:13.371 [docker-java-stream--409404025] DEBUG com.github.dockerjava.zerodep.shaded.org.apache.hc.client5.http.headers - http-outgoing-0 >> x-tc-sid: c2815888-2ad9-4d1b-b81d-ff10c2a3009c
2026-07-21 16:23:13.371 [docker-java-stream--409404025] DEBUG com.github.dockerjava.zerodep.shaded.org.apache.hc.client5.http.headers - http-outgoing-0 >> User-Agent: tc-java/2.0.5
2026-07-21 16:23:13.371 [docker-java-stream--409404025] DEBUG com.github.dockerjava.zerodep.shaded.org.apache.hc.client5.http.headers - http-outgoing-0 >> Accept-Encoding: gzip, x-gzip, deflate
2026-07-21 16:23:13.371 [docker-java-stream--409404025] DEBUG com.github.dockerjava.zerodep.shaded.org.apache.hc.client5.http.headers - http-outgoing-0 >> Host: localhost:2375
2026-07-21 16:23:13.371 [docker-java-stream--409404025] DEBUG com.github.dockerjava.zerodep.shaded.org.apache.hc.client5.http.headers - http-outgoing-0 >> Connection: keep-alive
2026-07-21 16:23:13.371 [docker-java-stream--409404025] DEBUG com.github.dockerjava.zerodep.shaded.org.apache.hc.client5.http.wire - http-outgoing-0 >> "GET /v1.44/containers/089c2ad8a501937a684ed4b0178abb1a9bff5cc2b8cc2f9f053ebcc4e43a86ff/logs?stdout=true&stderr=true&follow=true&since=0 HTTP/1.1[\r][\n]"
2026-07-21 16:23:13.371 [docker-java-stream--409404025] DEBUG com.github.dockerjava.zerodep.shaded.org.apache.hc.client5.http.wire - http-outgoing-0 >> "x-tc-sid: c2815888-2ad9-4d1b-b81d-ff10c2a3009c[\r][\n]"
2026-07-21 16:23:13.371 [docker-java-stream--409404025] DEBUG com.github.dockerjava.zerodep.shaded.org.apache.hc.client5.http.wire - http-outgoing-0 >> "User-Agent: tc-java/2.0.5[\r][\n]"
2026-07-21 16:23:13.371 [docker-java-stream--409404025] DEBUG com.github.dockerjava.zerodep.shaded.org.apache.hc.client5.http.wire - http-outgoing-0 >> "Accept-Encoding: gzip, x-gzip, deflate[\r][\n]"
2026-07-21 16:23:13.371 [docker-java-stream--409404025] DEBUG com.github.dockerjava.zerodep.shaded.org.apache.hc.client5.http.wire - http-outgoing-0 >> "Host: localhost:2375[\r][\n]"
2026-07-21 16:23:13.371 [docker-java-stream--409404025] DEBUG com.github.dockerjava.zerodep.shaded.org.apache.hc.client5.http.wire - http-outgoing-0 >> "Connection: keep-alive[\r][\n]"
2026-07-21 16:23:13.371 [docker-java-stream--409404025] DEBUG com.github.dockerjava.zerodep.shaded.org.apache.hc.client5.http.wire - http-outgoing-0 >> "[\r][\n]"
2026-07-21 16:23:13.372 [docker-java-stream--409404025] DEBUG com.github.dockerjava.zerodep.shaded.org.apache.hc.client5.http.wire - http-outgoing-0 << "HTTP/1.1 200 OK[\r][\n]"
2026-07-21 16:23:13.372 [docker-java-stream--409404025] DEBUG com.github.dockerjava.zerodep.shaded.org.apache.hc.client5.http.wire - http-outgoing-0 << "Api-Version: 1.54[\r][\n]"
2026-07-21 16:23:13.372 [docker-java-stream--409404025] DEBUG com.github.dockerjava.zerodep.shaded.org.apache.hc.client5.http.wire - http-outgoing-0 << "Content-Type: application/vnd.docker.multiplexed-stream[\r][\n]"
2026-07-21 16:23:13.372 [docker-java-stream--409404025] DEBUG com.github.dockerjava.zerodep.shaded.org.apache.hc.client5.http.wire - http-outgoing-0 << "Date: Tue, 21 Jul 2026 13:23:13 GMT[\r][\n]"
2026-07-21 16:23:13.372 [docker-java-stream--409404025] DEBUG com.github.dockerjava.zerodep.shaded.org.apache.hc.client5.http.wire - http-outgoing-0 << "Docker-Experimental: false[\r][\n]"
2026-07-21 16:23:13.372 [docker-java-stream--409404025] DEBUG com.github.dockerjava.zerodep.shaded.org.apache.hc.client5.http.wire - http-outgoing-0 << "Ostype: linux[\r][\n]"
2026-07-21 16:23:13.372 [docker-java-stream--409404025] DEBUG com.github.dockerjava.zerodep.shaded.org.apache.hc.client5.http.wire - http-outgoing-0 << "Server: Docker/29.5.3 (linux)[\r][\n]"
2026-07-21 16:23:13.372 [docker-java-stream--409404025] DEBUG com.github.dockerjava.zerodep.shaded.org.apache.hc.client5.http.wire - http-outgoing-0 << "Transfer-Encoding: chunked[\r][\n]"
2026-07-21 16:23:13.372 [docker-java-stream--409404025] DEBUG com.github.dockerjava.zerodep.shaded.org.apache.hc.client5.http.wire - http-outgoing-0 << "[\r][\n]"
2026-07-21 16:23:13.373 [docker-java-stream--409404025] DEBUG com.github.dockerjava.zerodep.shaded.org.apache.hc.client5.http.headers - http-outgoing-0 << HTTP/1.1 200 OK
2026-07-21 16:23:13.373 [docker-java-stream--409404025] DEBUG com.github.dockerjava.zerodep.shaded.org.apache.hc.client5.http.headers - http-outgoing-0 << Api-Version: 1.54
2026-07-21 16:23:13.373 [docker-java-stream--409404025] DEBUG com.github.dockerjava.zerodep.shaded.org.apache.hc.client5.http.headers - http-outgoing-0 << Content-Type: application/vnd.docker.multiplexed-stream
2026-07-21 16:23:13.373 [docker-java-stream--409404025] DEBUG com.github.dockerjava.zerodep.shaded.org.apache.hc.client5.http.headers - http-outgoing-0 << Date: Tue, 21 Jul 2026 13:23:13 GMT
2026-07-21 16:23:13.373 [docker-java-stream--409404025] DEBUG com.github.dockerjava.zerodep.shaded.org.apache.hc.client5.http.headers - http-outgoing-0 << Docker-Experimental: false
2026-07-21 16:23:13.373 [docker-java-stream--409404025] DEBUG com.github.dockerjava.zerodep.shaded.org.apache.hc.client5.http.headers - http-outgoing-0 << Ostype: linux
2026-07-21 16:23:13.373 [docker-java-stream--409404025] DEBUG com.github.dockerjava.zerodep.shaded.org.apache.hc.client5.http.headers - http-outgoing-0 << Server: Docker/29.5.3 (linux)
2026-07-21 16:23:13.373 [docker-java-stream--409404025] DEBUG com.github.dockerjava.zerodep.shaded.org.apache.hc.client5.http.headers - http-outgoing-0 << Transfer-Encoding: chunked
2026-07-21 16:23:13.373 [docker-java-stream--409404025] DEBUG com.github.dockerjava.zerodep.shaded.org.apache.hc.client5.http.impl.classic.MainClientExec - ex-0000000010 connection can be kept alive for 3 MINUTES
2026-07-21 16:23:13.416 [docker-java-stream--409404025] DEBUG com.github.dockerjava.zerodep.shaded.org.apache.hc.client5.http.wire - http-outgoing-0 << "18f[\r][\n]"
2026-07-21 16:23:13.417 [docker-java-stream--409404025] DEBUG com.github.dockerjava.zerodep.shaded.org.apache.hc.client5.http.wire - http-outgoing-0 << "[0x1][0x0][0x0][0x0][0x0][0x0][0x0][0xffffffe7]time=2026-07-21T13:23:13.415Z level=INFO msg=starting connection_timeout=1m0s reconnection_timeout=10s request_timeout=10s shutdown_timeout=10m0s remove_retries=10 retry_offset=-1s changes_retry_interval=1s port=8080 verbose=false[\n]"
2026-07-21 16:23:13.417 [docker-java-stream--409404025] DEBUG com.github.dockerjava.zerodep.shaded.org.apache.hc.client5.http.wire - http-outgoing-0 << "[0x1][0x0][0x0][0x0][0x0][0x0][0x0]Gtime=2026-07-21T13:23:13.416Z level=INFO msg=Started address=[::]:8080[\n]"
2026-07-21 16:23:13.417 [docker-java-stream--409404025] DEBUG com.github.dockerjava.zerodep.shaded.org.apache.hc.client5.http.wire - http-outgoing-0 << "[0x1][0x0][0x0][0x0][0x0][0x0][0x0]Itime=2026-07-21T13:23:13.416Z level=INFO msg="client processing started"[\n]"
2026-07-21 16:23:13.417 [docker-java-stream--409404025] DEBUG com.github.dockerjava.zerodep.shaded.org.apache.hc.client5.http.wire - http-outgoing-0 << "[\r][\n]"
2026-07-21 16:23:13.418 [main] DEBUG org.testcontainers.containers.output.WaitingConsumer - STDOUT: time=2026-07-21T13:23:13.416Z level=INFO msg=Started address=[::]:8080
2026-07-21 16:23:13.419 [main] DEBUG com.github.dockerjava.zerodep.shaded.org.apache.hc.client5.http.impl.classic.InternalHttpClient - ep-0000000010 cancel
2026-07-21 16:23:13.419 [docker-java-stream--409404025] DEBUG com.github.dockerjava.zerodep.shaded.org.apache.hc.client5.http.wire - http-outgoing-0 << "[read] I/O error: null"
2026-07-21 16:23:13.419 [docker-java-stream--409404025] DEBUG com.github.dockerjava.zerodep.shaded.org.apache.hc.client5.http.wire - http-outgoing-0 << "[read] I/O error: null"
2026-07-21 16:23:13.419 [main] DEBUG com.github.dockerjava.zerodep.shaded.org.apache.hc.client5.http.impl.io.DefaultManagedHttpClientConnection - http-outgoing-0 set socket timeout to 1 SECONDS
2026-07-21 16:23:13.419 [main] DEBUG com.github.dockerjava.zerodep.shaded.org.apache.hc.client5.http.impl.io.DefaultManagedHttpClientConnection - http-outgoing-0 close connection IMMEDIATE
2026-07-21 16:23:13.419 [main] DEBUG com.github.dockerjava.zerodep.shaded.org.apache.hc.client5.http.impl.classic.InternalHttpClient - ep-0000000010 endpoint closed
2026-07-21 16:23:13.419 [main] DEBUG com.github.dockerjava.zerodep.shaded.org.apache.hc.client5.http.impl.classic.InternalHttpClient - ep-0000000010 discarding endpoint
2026-07-21 16:23:13.419 [main] DEBUG com.github.dockerjava.zerodep.shaded.org.apache.hc.client5.http.impl.io.PoolingHttpClientConnectionManager - ep-0000000010 releasing endpoint
2026-07-21 16:23:13.419 [main] DEBUG com.github.dockerjava.zerodep.shaded.org.apache.hc.client5.http.impl.io.PoolingHttpClientConnectionManager - ep-0000000010 connection is not kept alive
2026-07-21 16:23:13.419 [main] DEBUG com.github.dockerjava.zerodep.shaded.org.apache.hc.client5.http.impl.io.PoolingHttpClientConnectionManager - ep-0000000010 connection released [route: {}->[unix://localhost:2375]][total available: 0; route allocated: 0 of 2147483647; total allocated: 0 of 2147483647]
2026-07-21 16:23:13.420 [main] INFO  tc.testcontainers/ryuk:0.14.0 - Container testcontainers/ryuk:0.14.0 started in PT0.425437S
2026-07-21 16:23:13.419 [docker-java-stream--409404025] DEBUG com.github.dockerjava.zerodep.ApacheDockerHttpClientImpl$ApacheResponse - Failed to close the response
java.nio.channels.ClosedChannelException: null
	at java.base/sun.nio.ch.SocketChannelImpl.ensureOpenAndConnected(SocketChannelImpl.java:222) ~[?:?]
	at java.base/sun.nio.ch.SocketChannelImpl.blockingRead(SocketChannelImpl.java:1311) ~[?:?]
	at java.base/sun.nio.ch.SocketInputStream.read(SocketInputStream.java:70) ~[?:?]
	at com.github.dockerjava.zerodep.shaded.org.apache.hc.client5.http.impl.io.LoggingInputStream.read(LoggingInputStream.java:83) ~[docker-java-transport-zerodep-3.7.1.jar:?]
	at com.github.dockerjava.zerodep.shaded.org.apache.hc.core5.http.impl.io.SessionInputBufferImpl.fillBuffer(SessionInputBufferImpl.java:149) ~[docker-java-transport-zerodep-3.7.1.jar:?]
	at com.github.dockerjava.zerodep.shaded.org.apache.hc.core5.http.impl.io.SessionInputBufferImpl.readLine(SessionInputBufferImpl.java:280) ~[docker-java-transport-zerodep-3.7.1.jar:?]
	at com.github.dockerjava.zerodep.shaded.org.apache.hc.core5.http.impl.io.ChunkedInputStream.getChunkSize(ChunkedInputStream.java:262) ~[docker-java-transport-zerodep-3.7.1.jar:?]
	at com.github.dockerjava.zerodep.shaded.org.apache.hc.core5.http.impl.io.ChunkedInputStream.nextChunk(ChunkedInputStream.java:223) ~[docker-java-transport-zerodep-3.7.1.jar:?]
	at com.github.dockerjava.zerodep.shaded.org.apache.hc.core5.http.impl.io.ChunkedInputStream.read(ChunkedInputStream.java:147) ~[docker-java-transport-zerodep-3.7.1.jar:?]
	at com.github.dockerjava.zerodep.shaded.org.apache.hc.core5.http.impl.io.ChunkedInputStream.close(ChunkedInputStream.java:315) ~[docker-java-transport-zerodep-3.7.1.jar:?]
	at com.github.dockerjava.zerodep.shaded.org.apache.hc.core5.io.Closer.close(Closer.java:48) ~[docker-java-transport-zerodep-3.7.1.jar:?]
	at com.github.dockerjava.zerodep.shaded.org.apache.hc.core5.http.impl.io.IncomingHttpEntity.close(IncomingHttpEntity.java:111) ~[docker-java-transport-zerodep-3.7.1.jar:?]
	at com.github.dockerjava.zerodep.shaded.org.apache.hc.core5.http.io.entity.HttpEntityWrapper.close(HttpEntityWrapper.java:120) ~[docker-java-transport-zerodep-3.7.1.jar:?]
	at com.github.dockerjava.zerodep.shaded.org.apache.hc.client5.http.impl.classic.ResponseEntityProxy.close(ResponseEntityProxy.java:180) ~[docker-java-transport-zerodep-3.7.1.jar:?]
	at com.github.dockerjava.zerodep.shaded.org.apache.hc.core5.io.Closer.close(Closer.java:48) ~[docker-java-transport-zerodep-3.7.1.jar:?]
	at com.github.dockerjava.zerodep.shaded.org.apache.hc.core5.http.message.BasicClassicHttpResponse.close(BasicClassicHttpResponse.java:93) ~[docker-java-transport-zerodep-3.7.1.jar:?]
	at com.github.dockerjava.zerodep.shaded.org.apache.hc.client5.http.impl.classic.CloseableHttpResponse.lambda$new$0(CloseableHttpResponse.java:95) ~[docker-java-transport-zerodep-3.7.1.jar:?]
	at com.github.dockerjava.zerodep.shaded.org.apache.hc.client5.http.impl.classic.CloseableHttpResponse.doClose(CloseableHttpResponse.java:236) ~[docker-java-transport-zerodep-3.7.1.jar:?]
	at com.github.dockerjava.zerodep.shaded.org.apache.hc.client5.http.impl.classic.CloseableHttpResponse.close(CloseableHttpResponse.java:252) ~[docker-java-transport-zerodep-3.7.1.jar:?]
	at com.github.dockerjava.zerodep.ApacheDockerHttpClientImpl$ApacheResponse.close(ApacheDockerHttpClientImpl.java:254) [docker-java-transport-zerodep-3.7.1.jar:?]
	at org.testcontainers.shaded.com.github.dockerjava.core.DefaultInvocationBuilder.lambda$executeAndStream$1(DefaultInvocationBuilder.java:277) [testcontainers-2.0.5.jar:2.0.5]
	at java.base/java.lang.Thread.run(Thread.java:1583) [?:?]
2026-07-21 16:23:13.422 [testcontainers-ryuk] DEBUG org.testcontainers.utility.ResourceReaper - Sending 'label=org.testcontainers%3Dtrue&label=org.testcontainers.lang%3Djava&label=org.testcontainers.version%3D2.0.5&label=org.testcontainers.sessionId%3Dc2815888-2ad9-4d1b-b81d-ff10c2a3009c' to Ryuk
2026-07-21 16:23:13.424 [testcontainers-ryuk] DEBUG org.testcontainers.utility.RyukResourceReaper - Received 'ACK' from Ryuk
2026-07-21 16:23:13.424 [main] INFO  org.testcontainers.utility.RyukResourceReaper - Ryuk started - will monitor and terminate Testcontainers containers on JVM exit
2026-07-21 16:23:13.424 [main] DEBUG org.testcontainers.DockerClientFactory - Checks are enabled
2026-07-21 16:23:13.424 [main] INFO  org.testcontainers.DockerClientFactory - Checking the system...
2026-07-21 16:23:13.425 [main] INFO  org.testcontainers.DockerClientFactory - ✔︎ Docker server version should be at least 1.6.0
2026-07-21 16:23:13.425 [main] DEBUG org.testcontainers.utility.PrefixingImageNameSubstitutor - No prefix is configured
2026-07-21 16:23:13.425 [main] DEBUG org.testcontainers.utility.ImageNameSubstitutor - Did not find a substitute image for gvenzl/oracle-free:slim-faststart (using image substitutor: DefaultImageNameSubstitutor (composite of 'ConfigurationFileImageNameSubstitutor' and 'PrefixingImageNameSubstitutor'))
2026-07-21 16:23:13.425 [main] TRACE tc.gvenzl/oracle-free:slim-faststart - gvenzl/oracle-free:slim-faststart is already in image name cache
2026-07-21 16:23:13.425 [main] DEBUG org.testcontainers.images.AbstractImagePullPolicy - Using locally available and not pulling image: gvenzl/oracle-free:slim-faststart
2026-07-21 16:23:13.425 [main] DEBUG tc.gvenzl/oracle-free:slim-faststart - Starting container: gvenzl/oracle-free:slim-faststart
2026-07-21 16:23:13.426 [main] DEBUG tc.gvenzl/oracle-free:slim-faststart - Trying to start container: gvenzl/oracle-free:slim-faststart (attempt 1/1)
2026-07-21 16:23:13.426 [main] DEBUG tc.gvenzl/oracle-free:slim-faststart - Starting container: gvenzl/oracle-free:slim-faststart
2026-07-21 16:23:13.426 [main] INFO  tc.gvenzl/oracle-free:slim-faststart - Creating container for image: gvenzl/oracle-free:slim-faststart
2026-07-21 16:23:13.426 [main] DEBUG org.testcontainers.utility.RegistryAuthLocator - Looking up auth config for image: gvenzl/oracle-free:slim-faststart at registry: https://index.docker.io/v1/
2026-07-21 16:23:13.426 [main] DEBUG org.testcontainers.utility.RegistryAuthLocator - No matching Auth Configs - falling back to defaultAuthConfig [null]
2026-07-21 16:23:13.426 [main] DEBUG org.testcontainers.dockerclient.AuthDelegatingDockerClientConfig - Effective auth config [null]
2026-07-21 16:23:13.427 [main] DEBUG org.testcontainers.shaded.com.github.dockerjava.core.command.AbstrDockerCmd - Cmd: org.testcontainers.shaded.com.github.dockerjava.core.command.CreateContainerCmdImpl@456bcb74[aliases=<null>,argsEscaped=<null>,attachStderr=<null>,attachStdin=<null>,attachStdout=<null>,authConfig=<null>,cmd={},domainName=<null>,entrypoint=<null>,env={ORACLE_PASSWORD=test,APP_USER=test,APP_USER_PASSWORD=test},exposedPorts=ExposedPorts(exposedPorts=[1521/tcp]),healthcheck=<null>,hostConfig=HostConfig(binds=[], blkioWeight=null, blkioWeightDevice=null, blkioDeviceReadBps=null, blkioDeviceWriteBps=null, blkioDeviceReadIOps=null, blkioDeviceWriteIOps=null, memorySwappiness=null, nanoCPUs=null, annotations=null, capAdd=null, capDrop=null, containerIDFile=null, cpuPeriod=null, cpuRealtimePeriod=null, cpuRealtimeRuntime=null, cpuShares=null, cpuQuota=null, cpusetCpus=null, cpusetMems=null, devices=null, deviceCgroupRules=null, deviceRequests=null, diskQuota=null, dns=null, dnsOptions=null, dnsSearch=null, extraHosts=[], groupAdd=null, ipcMode=null, cgroup=null, links=[], logConfig=LogConfig(type=null, config=null), lxcConf=null, memory=null, memorySwap=null, memoryReservation=null, kernelMemory=null, networkMode=null, oomKillDisable=null, init=null, autoRemove=null, oomScoreAdj=null, portBindings={1521/tcp=[Lcom.github.dockerjava.api.model.Ports$Binding;@3b332962}, privileged=null, publishAllPorts=null, readonlyRootfs=null, restartPolicy=null, ulimits=null, cpuCount=null, cpuPercent=null, ioMaximumIOps=null, ioMaximumBandwidth=null, volumesFrom=[], mounts=null, pidMode=null, isolation=null, securityOpts=null, storageOpt=null, cgroupParent=null, volumeDriver=null, shmSize=null, pidsLimit=null, runtime=null, tmpFs=null, utSMode=null, usernsMode=null, sysctls=null, consoleSize=null, cgroupnsMode=null),hostName=<null>,image=gvenzl/oracle-free:slim-faststart,ipv4Address=<null>,ipv6Address=<null>,labels={org.testcontainers=true, org.testcontainers.lang=java, org.testcontainers.version=2.0.5, org.testcontainers.sessionId=c2815888-2ad9-4d1b-b81d-ff10c2a3009c},macAddress=<null>,name=<null>,networkDisabled=<null>,networkingConfig=<null>,onBuild=<null>,platform=<null>,portSpecs=<null>,shell=<null>,stdInOnce=<null>,stdinOpen=<null>,stopSignal=<null>,stopTimeout=<null>,tty=<null>,user=<null>,volumes=Volumes(volumes=[]),workingDir=<null>]
2026-07-21 16:23:13.427 [main] TRACE org.testcontainers.shaded.com.github.dockerjava.core.exec.CreateContainerCmdExec - POST: DefaultWebTarget{path=[/containers/create], queryParams={}} 
2026-07-21 16:23:13.428 [main] DEBUG com.github.dockerjava.zerodep.shaded.org.apache.hc.client5.http.impl.classic.InternalHttpClient - ex-0000000011 preparing request execution
2026-07-21 16:23:13.428 [main] DEBUG com.github.dockerjava.zerodep.shaded.org.apache.hc.client5.http.impl.classic.ProtocolExec - ex-0000000011 target auth state: UNCHALLENGED
2026-07-21 16:23:13.428 [main] DEBUG com.github.dockerjava.zerodep.shaded.org.apache.hc.client5.http.impl.classic.ProtocolExec - ex-0000000011 proxy auth state: UNCHALLENGED
2026-07-21 16:23:13.428 [main] DEBUG com.github.dockerjava.zerodep.shaded.org.apache.hc.client5.http.impl.classic.ConnectExec - ex-0000000011 acquiring connection with route {}->[unix://localhost:2375]
2026-07-21 16:23:13.428 [main] DEBUG com.github.dockerjava.zerodep.shaded.org.apache.hc.client5.http.impl.classic.InternalHttpClient - ex-0000000011 acquiring endpoint (3 MINUTES)
2026-07-21 16:23:13.428 [main] DEBUG com.github.dockerjava.zerodep.shaded.org.apache.hc.client5.http.impl.io.PoolingHttpClientConnectionManager - ex-0000000011 endpoint lease request (3 MINUTES) [route: {}->[unix://localhost:2375]][total available: 0; route allocated: 0 of 2147483647; total allocated: 0 of 2147483647]
2026-07-21 16:23:13.428 [main] DEBUG com.github.dockerjava.zerodep.shaded.org.apache.hc.client5.http.impl.io.PoolingHttpClientConnectionManager - ex-0000000011 endpoint leased [route: {}->[unix://localhost:2375]][total available: 0; route allocated: 1 of 2147483647; total allocated: 1 of 2147483647]
2026-07-21 16:23:13.428 [main] DEBUG com.github.dockerjava.zerodep.shaded.org.apache.hc.client5.http.impl.io.PoolingHttpClientConnectionManager - ex-0000000011 acquired ep-0000000011
2026-07-21 16:23:13.428 [main] DEBUG com.github.dockerjava.zerodep.shaded.org.apache.hc.client5.http.impl.classic.InternalHttpClient - ex-0000000011 acquired endpoint ep-0000000011
2026-07-21 16:23:13.428 [main] DEBUG com.github.dockerjava.zerodep.shaded.org.apache.hc.client5.http.impl.classic.ConnectExec - ex-0000000011 opening connection {}->[unix://localhost:2375]
2026-07-21 16:23:13.428 [main] DEBUG com.github.dockerjava.zerodep.shaded.org.apache.hc.client5.http.impl.classic.InternalHttpClient - ep-0000000011 connecting endpoint (null)
2026-07-21 16:23:13.428 [main] DEBUG com.github.dockerjava.zerodep.shaded.org.apache.hc.client5.http.impl.io.PoolingHttpClientConnectionManager - ep-0000000011 connecting endpoint to unix://localhost:2375 (3 MINUTES)
2026-07-21 16:23:13.428 [main] DEBUG com.github.dockerjava.zerodep.shaded.org.apache.hc.client5.http.impl.io.DefaultHttpClientConnectionOperator - unix://localhost:2375 connecting null->localhost/127.0.0.1:2375 (3 MINUTES)
2026-07-21 16:23:13.429 [main] DEBUG com.github.dockerjava.zerodep.shaded.org.apache.hc.client5.http.impl.io.DefaultHttpClientConnectionOperator - http-outgoing-1 unix://localhost:2375 connected /var/run/docker.sock->/var/run/docker.sock
2026-07-21 16:23:13.429 [main] DEBUG com.github.dockerjava.zerodep.shaded.org.apache.hc.client5.http.impl.io.PoolingHttpClientConnectionManager - ep-0000000011 connected http-outgoing-1
2026-07-21 16:23:13.429 [main] DEBUG com.github.dockerjava.zerodep.shaded.org.apache.hc.client5.http.impl.classic.InternalHttpClient - ep-0000000011 endpoint connected
2026-07-21 16:23:13.429 [main] DEBUG com.github.dockerjava.zerodep.shaded.org.apache.hc.client5.http.impl.classic.MainClientExec - ex-0000000011 executing POST /v1.44/containers/create
2026-07-21 16:23:13.429 [main] DEBUG com.github.dockerjava.zerodep.shaded.org.apache.hc.client5.http.protocol.RequestAddCookies - ex-0000000011 Cookie spec selected: strict
2026-07-21 16:23:13.429 [main] DEBUG com.github.dockerjava.zerodep.shaded.org.apache.hc.client5.http.impl.classic.InternalHttpClient - ep-0000000011 start execution ex-0000000011
2026-07-21 16:23:13.429 [main] DEBUG com.github.dockerjava.zerodep.shaded.org.apache.hc.client5.http.impl.io.PoolingHttpClientConnectionManager - ep-0000000011 executing exchange ex-0000000011 over http-outgoing-1
2026-07-21 16:23:13.429 [main] DEBUG com.github.dockerjava.zerodep.shaded.org.apache.hc.client5.http.headers - http-outgoing-1 >> POST /v1.44/containers/create HTTP/1.1
2026-07-21 16:23:13.429 [main] DEBUG com.github.dockerjava.zerodep.shaded.org.apache.hc.client5.http.headers - http-outgoing-1 >> accept: application/json
2026-07-21 16:23:13.429 [main] DEBUG com.github.dockerjava.zerodep.shaded.org.apache.hc.client5.http.headers - http-outgoing-1 >> content-type: application/json
2026-07-21 16:23:13.429 [main] DEBUG com.github.dockerjava.zerodep.shaded.org.apache.hc.client5.http.headers - http-outgoing-1 >> x-tc-sid: c2815888-2ad9-4d1b-b81d-ff10c2a3009c
2026-07-21 16:23:13.429 [main] DEBUG com.github.dockerjava.zerodep.shaded.org.apache.hc.client5.http.headers - http-outgoing-1 >> User-Agent: tc-java/2.0.5
2026-07-21 16:23:13.429 [main] DEBUG com.github.dockerjava.zerodep.shaded.org.apache.hc.client5.http.headers - http-outgoing-1 >> Accept-Encoding: gzip, x-gzip, deflate
2026-07-21 16:23:13.429 [main] DEBUG com.github.dockerjava.zerodep.shaded.org.apache.hc.client5.http.headers - http-outgoing-1 >> Host: localhost:2375
2026-07-21 16:23:13.429 [main] DEBUG com.github.dockerjava.zerodep.shaded.org.apache.hc.client5.http.headers - http-outgoing-1 >> Content-Length: 2067
2026-07-21 16:23:13.429 [main] DEBUG com.github.dockerjava.zerodep.shaded.org.apache.hc.client5.http.headers - http-outgoing-1 >> Connection: keep-alive
2026-07-21 16:23:13.429 [main] DEBUG com.github.dockerjava.zerodep.shaded.org.apache.hc.client5.http.wire - http-outgoing-1 >> "POST /v1.44/containers/create HTTP/1.1[\r][\n]"
2026-07-21 16:23:13.429 [main] DEBUG com.github.dockerjava.zerodep.shaded.org.apache.hc.client5.http.wire - http-outgoing-1 >> "accept: application/json[\r][\n]"
2026-07-21 16:23:13.429 [main] DEBUG com.github.dockerjava.zerodep.shaded.org.apache.hc.client5.http.wire - http-outgoing-1 >> "content-type: application/json[\r][\n]"
2026-07-21 16:23:13.429 [main] DEBUG com.github.dockerjava.zerodep.shaded.org.apache.hc.client5.http.wire - http-outgoing-1 >> "x-tc-sid: c2815888-2ad9-4d1b-b81d-ff10c2a3009c[\r][\n]"
2026-07-21 16:23:13.429 [main] DEBUG com.github.dockerjava.zerodep.shaded.org.apache.hc.client5.http.wire - http-outgoing-1 >> "User-Agent: tc-java/2.0.5[\r][\n]"
2026-07-21 16:23:13.429 [main] DEBUG com.github.dockerjava.zerodep.shaded.org.apache.hc.client5.http.wire - http-outgoing-1 >> "Accept-Encoding: gzip, x-gzip, deflate[\r][\n]"
2026-07-21 16:23:13.429 [main] DEBUG com.github.dockerjava.zerodep.shaded.org.apache.hc.client5.http.wire - http-outgoing-1 >> "Host: localhost:2375[\r][\n]"
2026-07-21 16:23:13.430 [main] DEBUG com.github.dockerjava.zerodep.shaded.org.apache.hc.client5.http.wire - http-outgoing-1 >> "Content-Length: 2067[\r][\n]"
2026-07-21 16:23:13.430 [main] DEBUG com.github.dockerjava.zerodep.shaded.org.apache.hc.client5.http.wire - http-outgoing-1 >> "Connection: keep-alive[\r][\n]"
2026-07-21 16:23:13.430 [main] DEBUG com.github.dockerjava.zerodep.shaded.org.apache.hc.client5.http.wire - http-outgoing-1 >> "[\r][\n]"
2026-07-21 16:23:13.430 [main] DEBUG com.github.dockerjava.zerodep.shaded.org.apache.hc.client5.http.wire - http-outgoing-1 >> "{"Hostname":null,"Domainname":null,"User":null,"AttachStdin":null,"AttachStdout":null,"AttachStderr":null,"PortSpecs":null,"Tty":null,"OpenStdin":null,"StdinOnce":null,"Env":["ORACLE_PASSWORD=test","APP_USER=test","APP_USER_PASSWORD=test"],"Cmd":[],"Healthcheck":null,"ArgsEscaped":null,"Entrypoint":null,"Image":"gvenzl/oracle-free:slim-faststart","Volumes":{},"WorkingDir":null,"MacAddress":null,"OnBuild":null,"NetworkDisabled":null,"ExposedPorts":{"1521/tcp":{}},"StopSignal":null,"StopTimeout":null,"HostConfig":{"Binds":[],"BlkioWeight":null,"BlkioWeightDevice":null,"BlkioDeviceReadBps":null,"BlkioDeviceWriteBps":null,"BlkioDeviceReadIOps":null,"BlkioDeviceWriteIOps":null,"MemorySwappiness":null,"NanoCpus":null,"Annotations":null,"CapAdd":null,"CapDrop":null,"ContainerIDFile":null,"CpuPeriod":null,"CpuRealtimePeriod":null,"CpuRealtimeRuntime":null,"CpuShares":null,"CpuQuota":null,"CpusetCpus":null,"CpusetMems":null,"Devices":null,"DeviceCgroupRules":null,"DeviceRequests":null,"DiskQuota":null,"Dns":null,"DnsOptions":null,"DnsSearch":null,"ExtraHosts":[],"GroupAdd":null,"IpcMode":null,"Cgroup":null,"Links":[],"LogConfig":null,"LxcConf":null,"Memory":null,"MemorySwap":null,"MemoryReservation":null,"KernelMemory":null,"NetworkMode":null,"OomKillDisable":null,"Init":null,"AutoRemove":null,"OomScoreAdj":null,"PortBindings":{"1521/tcp":[{"HostIp":"","HostPort":""}]},"Privileged":null,"PublishAllPorts":null,"ReadonlyRootfs":null,"RestartPolicy":null,"Ulimits":null,"CpuCount":null,"CpuPercent":null,"IOMaximumIOps":null,"IOMaximumBandwidth":null,"VolumesFrom":[],"Mounts":null,"PidMode":null,"Isolation":null,"SecurityOpt":null,"StorageOpt":null,"CgroupParent":null,"VolumeDriver":null,"ShmSize":null,"PidsLimit":null,"Runtime":null,"Tmpfs":null,"UTSMode":null,"UsernsMode":null,"Sysctls":null,"ConsoleSize":null,"CgroupnsMode":null},"Labels":{"org.testcontainers":"true","org.testcontainers.lang":"java","org.testcontainers.version":"2.0.5","org.testcontainers.sessionId":"c2815888-2ad9-4d1b-b81d-ff10c2a3009c"},"Shell":null,"NetworkingConfig":null}"
2026-07-21 16:23:13.454 [main] DEBUG com.github.dockerjava.zerodep.shaded.org.apache.hc.client5.http.wire - http-outgoing-1 << "HTTP/1.1 201 Created[\r][\n]"
2026-07-21 16:23:13.454 [main] DEBUG com.github.dockerjava.zerodep.shaded.org.apache.hc.client5.http.wire - http-outgoing-1 << "Api-Version: 1.54[\r][\n]"
2026-07-21 16:23:13.454 [main] DEBUG com.github.dockerjava.zerodep.shaded.org.apache.hc.client5.http.wire - http-outgoing-1 << "Content-Type: application/json[\r][\n]"
2026-07-21 16:23:13.454 [main] DEBUG com.github.dockerjava.zerodep.shaded.org.apache.hc.client5.http.wire - http-outgoing-1 << "Date: Tue, 21 Jul 2026 13:23:13 GMT[\r][\n]"
2026-07-21 16:23:13.454 [main] DEBUG com.github.dockerjava.zerodep.shaded.org.apache.hc.client5.http.wire - http-outgoing-1 << "Docker-Experimental: false[\r][\n]"
2026-07-21 16:23:13.454 [main] DEBUG com.github.dockerjava.zerodep.shaded.org.apache.hc.client5.http.wire - http-outgoing-1 << "Ostype: linux[\r][\n]"
2026-07-21 16:23:13.454 [main] DEBUG com.github.dockerjava.zerodep.shaded.org.apache.hc.client5.http.wire - http-outgoing-1 << "Server: Docker/29.5.3 (linux)[\r][\n]"
2026-07-21 16:23:13.454 [main] DEBUG com.github.dockerjava.zerodep.shaded.org.apache.hc.client5.http.wire - http-outgoing-1 << "Transfer-Encoding: chunked[\r][\n]"
2026-07-21 16:23:13.454 [main] DEBUG com.github.dockerjava.zerodep.shaded.org.apache.hc.client5.http.wire - http-outgoing-1 << "[\r][\n]"
2026-07-21 16:23:13.454 [main] DEBUG com.github.dockerjava.zerodep.shaded.org.apache.hc.client5.http.wire - http-outgoing-1 << "58[\r][\n]"
2026-07-21 16:23:13.454 [main] DEBUG com.github.dockerjava.zerodep.shaded.org.apache.hc.client5.http.wire - http-outgoing-1 << "{"Id":"4e9ba704eaff7a01804ba14682ba0985818f6aa5951b28e3cc0c65d18b6db2fc","Warnings":[]}[\n]"
2026-07-21 16:23:13.454 [main] DEBUG com.github.dockerjava.zerodep.shaded.org.apache.hc.client5.http.wire - http-outgoing-1 << "[\r][\n]"
2026-07-21 16:23:13.454 [main] DEBUG com.github.dockerjava.zerodep.shaded.org.apache.hc.client5.http.headers - http-outgoing-1 << HTTP/1.1 201 Created
2026-07-21 16:23:13.454 [main] DEBUG com.github.dockerjava.zerodep.shaded.org.apache.hc.client5.http.headers - http-outgoing-1 << Api-Version: 1.54
2026-07-21 16:23:13.454 [main] DEBUG com.github.dockerjava.zerodep.shaded.org.apache.hc.client5.http.headers - http-outgoing-1 << Content-Type: application/json
2026-07-21 16:23:13.454 [main] DEBUG com.github.dockerjava.zerodep.shaded.org.apache.hc.client5.http.headers - http-outgoing-1 << Date: Tue, 21 Jul 2026 13:23:13 GMT
2026-07-21 16:23:13.454 [main] DEBUG com.github.dockerjava.zerodep.shaded.org.apache.hc.client5.http.headers - http-outgoing-1 << Docker-Experimental: false
2026-07-21 16:23:13.454 [main] DEBUG com.github.dockerjava.zerodep.shaded.org.apache.hc.client5.http.headers - http-outgoing-1 << Ostype: linux
2026-07-21 16:23:13.454 [main] DEBUG com.github.dockerjava.zerodep.shaded.org.apache.hc.client5.http.headers - http-outgoing-1 << Server: Docker/29.5.3 (linux)
2026-07-21 16:23:13.454 [main] DEBUG com.github.dockerjava.zerodep.shaded.org.apache.hc.client5.http.headers - http-outgoing-1 << Transfer-Encoding: chunked
2026-07-21 16:23:13.454 [main] DEBUG com.github.dockerjava.zerodep.shaded.org.apache.hc.client5.http.impl.classic.MainClientExec - ex-0000000011 connection can be kept alive for 3 MINUTES
2026-07-21 16:23:13.455 [main] DEBUG com.github.dockerjava.zerodep.shaded.org.apache.hc.client5.http.wire - http-outgoing-1 << "0[\r][\n]"
2026-07-21 16:23:13.455 [main] DEBUG com.github.dockerjava.zerodep.shaded.org.apache.hc.client5.http.wire - http-outgoing-1 << "[\r][\n]"
2026-07-21 16:23:13.455 [main] DEBUG com.github.dockerjava.zerodep.shaded.org.apache.hc.client5.http.impl.classic.InternalHttpClient - ep-0000000011 releasing valid endpoint
2026-07-21 16:23:13.455 [main] DEBUG com.github.dockerjava.zerodep.shaded.org.apache.hc.client5.http.impl.io.PoolingHttpClientConnectionManager - ep-0000000011 releasing endpoint
2026-07-21 16:23:13.455 [main] DEBUG com.github.dockerjava.zerodep.shaded.org.apache.hc.client5.http.impl.io.PoolingHttpClientConnectionManager - ep-0000000011 connection http-outgoing-1 can be kept alive for 3 MINUTES
2026-07-21 16:23:13.455 [main] DEBUG com.github.dockerjava.zerodep.shaded.org.apache.hc.client5.http.impl.io.PoolingHttpClientConnectionManager - ep-0000000011 connection released [route: {}->[unix://localhost:2375]][total available: 1; route allocated: 1 of 2147483647; total allocated: 1 of 2147483647]
2026-07-21 16:23:13.455 [main] INFO  tc.gvenzl/oracle-free:slim-faststart - Container gvenzl/oracle-free:slim-faststart is starting: 4e9ba704eaff7a01804ba14682ba0985818f6aa5951b28e3cc0c65d18b6db2fc
2026-07-21 16:23:13.456 [main] DEBUG org.testcontainers.shaded.com.github.dockerjava.core.command.AbstrDockerCmd - Cmd: 4e9ba704eaff7a01804ba14682ba0985818f6aa5951b28e3cc0c65d18b6db2fc
2026-07-21 16:23:13.456 [main] TRACE org.testcontainers.shaded.com.github.dockerjava.core.exec.StartContainerCmdExec - POST: DefaultWebTarget{path=[/containers/4e9ba704eaff7a01804ba14682ba0985818f6aa5951b28e3cc0c65d18b6db2fc/start], queryParams={}}
2026-07-21 16:23:13.456 [main] DEBUG com.github.dockerjava.zerodep.shaded.org.apache.hc.client5.http.impl.classic.InternalHttpClient - ex-0000000012 preparing request execution
2026-07-21 16:23:13.456 [main] DEBUG com.github.dockerjava.zerodep.shaded.org.apache.hc.client5.http.impl.classic.ProtocolExec - ex-0000000012 target auth state: UNCHALLENGED
2026-07-21 16:23:13.456 [main] DEBUG com.github.dockerjava.zerodep.shaded.org.apache.hc.client5.http.impl.classic.ProtocolExec - ex-0000000012 proxy auth state: UNCHALLENGED
2026-07-21 16:23:13.456 [main] DEBUG com.github.dockerjava.zerodep.shaded.org.apache.hc.client5.http.impl.classic.ConnectExec - ex-0000000012 acquiring connection with route {}->[unix://localhost:2375]
2026-07-21 16:23:13.456 [main] DEBUG com.github.dockerjava.zerodep.shaded.org.apache.hc.client5.http.impl.classic.InternalHttpClient - ex-0000000012 acquiring endpoint (3 MINUTES)
2026-07-21 16:23:13.456 [main] DEBUG com.github.dockerjava.zerodep.shaded.org.apache.hc.client5.http.impl.io.PoolingHttpClientConnectionManager - ex-0000000012 endpoint lease request (3 MINUTES) [route: {}->[unix://localhost:2375]][total available: 1; route allocated: 1 of 2147483647; total allocated: 1 of 2147483647]
2026-07-21 16:23:13.456 [main] DEBUG com.github.dockerjava.zerodep.shaded.org.apache.hc.client5.http.impl.io.PoolingHttpClientConnectionManager - ex-0000000012 endpoint leased [route: {}->[unix://localhost:2375]][total available: 0; route allocated: 1 of 2147483647; total allocated: 1 of 2147483647]
2026-07-21 16:23:13.456 [main] DEBUG com.github.dockerjava.zerodep.shaded.org.apache.hc.client5.http.impl.io.PoolingHttpClientConnectionManager - ex-0000000012 acquired ep-0000000012
2026-07-21 16:23:13.456 [main] DEBUG com.github.dockerjava.zerodep.shaded.org.apache.hc.client5.http.impl.classic.InternalHttpClient - ex-0000000012 acquired endpoint ep-0000000012
2026-07-21 16:23:13.456 [main] DEBUG com.github.dockerjava.zerodep.shaded.org.apache.hc.client5.http.impl.classic.MainClientExec - ex-0000000012 executing POST /v1.44/containers/4e9ba704eaff7a01804ba14682ba0985818f6aa5951b28e3cc0c65d18b6db2fc/start
2026-07-21 16:23:13.456 [main] DEBUG com.github.dockerjava.zerodep.shaded.org.apache.hc.client5.http.protocol.RequestAddCookies - ex-0000000012 Cookie spec selected: strict
2026-07-21 16:23:13.456 [main] DEBUG com.github.dockerjava.zerodep.shaded.org.apache.hc.client5.http.impl.classic.InternalHttpClient - ep-0000000012 start execution ex-0000000012
2026-07-21 16:23:13.456 [main] DEBUG com.github.dockerjava.zerodep.shaded.org.apache.hc.client5.http.impl.io.PoolingHttpClientConnectionManager - ep-0000000012 executing exchange ex-0000000012 over http-outgoing-1
2026-07-21 16:23:13.456 [main] DEBUG com.github.dockerjava.zerodep.shaded.org.apache.hc.client5.http.headers - http-outgoing-1 >> POST /v1.44/containers/4e9ba704eaff7a01804ba14682ba0985818f6aa5951b28e3cc0c65d18b6db2fc/start HTTP/1.1
2026-07-21 16:23:13.456 [main] DEBUG com.github.dockerjava.zerodep.shaded.org.apache.hc.client5.http.headers - http-outgoing-1 >> accept: application/json
2026-07-21 16:23:13.456 [main] DEBUG com.github.dockerjava.zerodep.shaded.org.apache.hc.client5.http.headers - http-outgoing-1 >> content-type: application/json
2026-07-21 16:23:13.456 [main] DEBUG com.github.dockerjava.zerodep.shaded.org.apache.hc.client5.http.headers - http-outgoing-1 >> x-tc-sid: c2815888-2ad9-4d1b-b81d-ff10c2a3009c
2026-07-21 16:23:13.456 [main] DEBUG com.github.dockerjava.zerodep.shaded.org.apache.hc.client5.http.headers - http-outgoing-1 >> User-Agent: tc-java/2.0.5
2026-07-21 16:23:13.456 [main] DEBUG com.github.dockerjava.zerodep.shaded.org.apache.hc.client5.http.headers - http-outgoing-1 >> Accept-Encoding: gzip, x-gzip, deflate
2026-07-21 16:23:13.456 [main] DEBUG com.github.dockerjava.zerodep.shaded.org.apache.hc.client5.http.headers - http-outgoing-1 >> Host: localhost:2375
2026-07-21 16:23:13.457 [main] DEBUG com.github.dockerjava.zerodep.shaded.org.apache.hc.client5.http.headers - http-outgoing-1 >> Content-Length: 0
2026-07-21 16:23:13.457 [main] DEBUG com.github.dockerjava.zerodep.shaded.org.apache.hc.client5.http.headers - http-outgoing-1 >> Connection: keep-alive
2026-07-21 16:23:13.457 [main] DEBUG com.github.dockerjava.zerodep.shaded.org.apache.hc.client5.http.wire - http-outgoing-1 >> "POST /v1.44/containers/4e9ba704eaff7a01804ba14682ba0985818f6aa5951b28e3cc0c65d18b6db2fc/start HTTP/1.1[\r][\n]"
2026-07-21 16:23:13.457 [main] DEBUG com.github.dockerjava.zerodep.shaded.org.apache.hc.client5.http.wire - http-outgoing-1 >> "accept: application/json[\r][\n]"
2026-07-21 16:23:13.457 [main] DEBUG com.github.dockerjava.zerodep.shaded.org.apache.hc.client5.http.wire - http-outgoing-1 >> "content-type: application/json[\r][\n]"
2026-07-21 16:23:13.457 [main] DEBUG com.github.dockerjava.zerodep.shaded.org.apache.hc.client5.http.wire - http-outgoing-1 >> "x-tc-sid: c2815888-2ad9-4d1b-b81d-ff10c2a3009c[\r][\n]"
2026-07-21 16:23:13.457 [main] DEBUG com.github.dockerjava.zerodep.shaded.org.apache.hc.client5.http.wire - http-outgoing-1 >> "User-Agent: tc-java/2.0.5[\r][\n]"
2026-07-21 16:23:13.457 [main] DEBUG com.github.dockerjava.zerodep.shaded.org.apache.hc.client5.http.wire - http-outgoing-1 >> "Accept-Encoding: gzip, x-gzip, deflate[\r][\n]"
2026-07-21 16:23:13.457 [main] DEBUG com.github.dockerjava.zerodep.shaded.org.apache.hc.client5.http.wire - http-outgoing-1 >> "Host: localhost:2375[\r][\n]"
2026-07-21 16:23:13.457 [main] DEBUG com.github.dockerjava.zerodep.shaded.org.apache.hc.client5.http.wire - http-outgoing-1 >> "Content-Length: 0[\r][\n]"
2026-07-21 16:23:13.457 [main] DEBUG com.github.dockerjava.zerodep.shaded.org.apache.hc.client5.http.wire - http-outgoing-1 >> "Connection: keep-alive[\r][\n]"
2026-07-21 16:23:13.457 [main] DEBUG com.github.dockerjava.zerodep.shaded.org.apache.hc.client5.http.wire - http-outgoing-1 >> "[\r][\n]"
2026-07-21 16:23:13.538 [main] DEBUG com.github.dockerjava.zerodep.shaded.org.apache.hc.client5.http.wire - http-outgoing-1 << "HTTP/1.1 204 No Content[\r][\n]"
2026-07-21 16:23:13.539 [main] DEBUG com.github.dockerjava.zerodep.shaded.org.apache.hc.client5.http.wire - http-outgoing-1 << "Api-Version: 1.54[\r][\n]"
2026-07-21 16:23:13.539 [main] DEBUG com.github.dockerjava.zerodep.shaded.org.apache.hc.client5.http.wire - http-outgoing-1 << "Date: Tue, 21 Jul 2026 13:23:13 GMT[\r][\n]"
2026-07-21 16:23:13.539 [main] DEBUG com.github.dockerjava.zerodep.shaded.org.apache.hc.client5.http.wire - http-outgoing-1 << "Docker-Experimental: false[\r][\n]"
2026-07-21 16:23:13.539 [main] DEBUG com.github.dockerjava.zerodep.shaded.org.apache.hc.client5.http.wire - http-outgoing-1 << "Ostype: linux[\r][\n]"
2026-07-21 16:23:13.539 [main] DEBUG com.github.dockerjava.zerodep.shaded.org.apache.hc.client5.http.wire - http-outgoing-1 << "Server: Docker/29.5.3 (linux)[\r][\n]"
2026-07-21 16:23:13.539 [main] DEBUG com.github.dockerjava.zerodep.shaded.org.apache.hc.client5.http.wire - http-outgoing-1 << "[\r][\n]"
2026-07-21 16:23:13.539 [main] DEBUG com.github.dockerjava.zerodep.shaded.org.apache.hc.client5.http.headers - http-outgoing-1 << HTTP/1.1 204 No Content
2026-07-21 16:23:13.539 [main] DEBUG com.github.dockerjava.zerodep.shaded.org.apache.hc.client5.http.headers - http-outgoing-1 << Api-Version: 1.54
2026-07-21 16:23:13.539 [main] DEBUG com.github.dockerjava.zerodep.shaded.org.apache.hc.client5.http.headers - http-outgoing-1 << Date: Tue, 21 Jul 2026 13:23:13 GMT
2026-07-21 16:23:13.539 [main] DEBUG com.github.dockerjava.zerodep.shaded.org.apache.hc.client5.http.headers - http-outgoing-1 << Docker-Experimental: false
2026-07-21 16:23:13.539 [main] DEBUG com.github.dockerjava.zerodep.shaded.org.apache.hc.client5.http.headers - http-outgoing-1 << Ostype: linux
2026-07-21 16:23:13.539 [main] DEBUG com.github.dockerjava.zerodep.shaded.org.apache.hc.client5.http.headers - http-outgoing-1 << Server: Docker/29.5.3 (linux)
2026-07-21 16:23:13.539 [main] DEBUG com.github.dockerjava.zerodep.shaded.org.apache.hc.client5.http.impl.classic.MainClientExec - ex-0000000012 connection can be kept alive for 3 MINUTES
2026-07-21 16:23:13.539 [main] DEBUG com.github.dockerjava.zerodep.shaded.org.apache.hc.client5.http.impl.classic.InternalHttpClient - ep-0000000012 releasing valid endpoint
2026-07-21 16:23:13.539 [main] DEBUG com.github.dockerjava.zerodep.shaded.org.apache.hc.client5.http.impl.io.PoolingHttpClientConnectionManager - ep-0000000012 releasing endpoint
2026-07-21 16:23:13.539 [main] DEBUG com.github.dockerjava.zerodep.shaded.org.apache.hc.client5.http.impl.io.PoolingHttpClientConnectionManager - ep-0000000012 connection http-outgoing-1 can be kept alive for 3 MINUTES
2026-07-21 16:23:13.539 [main] DEBUG com.github.dockerjava.zerodep.shaded.org.apache.hc.client5.http.impl.io.PoolingHttpClientConnectionManager - ep-0000000012 connection released [route: {}->[unix://localhost:2375]][total available: 1; route allocated: 1 of 2147483647; total allocated: 1 of 2147483647]
2026-07-21 16:23:13.539 [main] DEBUG org.testcontainers.shaded.com.github.dockerjava.core.command.AbstrDockerCmd - Cmd: 4e9ba704eaff7a01804ba14682ba0985818f6aa5951b28e3cc0c65d18b6db2fc,false
2026-07-21 16:23:13.539 [main] DEBUG org.testcontainers.shaded.com.github.dockerjava.core.exec.InspectContainerCmdExec - GET: DefaultWebTarget{path=[/containers/4e9ba704eaff7a01804ba14682ba0985818f6aa5951b28e3cc0c65d18b6db2fc/json], queryParams={}}
2026-07-21 16:23:13.539 [main] DEBUG com.github.dockerjava.zerodep.shaded.org.apache.hc.client5.http.impl.classic.InternalHttpClient - ex-0000000013 preparing request execution
2026-07-21 16:23:13.540 [main] DEBUG com.github.dockerjava.zerodep.shaded.org.apache.hc.client5.http.impl.classic.ProtocolExec - ex-0000000013 target auth state: UNCHALLENGED
2026-07-21 16:23:13.540 [main] DEBUG com.github.dockerjava.zerodep.shaded.org.apache.hc.client5.http.impl.classic.ProtocolExec - ex-0000000013 proxy auth state: UNCHALLENGED
2026-07-21 16:23:13.540 [main] DEBUG com.github.dockerjava.zerodep.shaded.org.apache.hc.client5.http.impl.classic.ConnectExec - ex-0000000013 acquiring connection with route {}->[unix://localhost:2375]
2026-07-21 16:23:13.540 [main] DEBUG com.github.dockerjava.zerodep.shaded.org.apache.hc.client5.http.impl.classic.InternalHttpClient - ex-0000000013 acquiring endpoint (3 MINUTES)
2026-07-21 16:23:13.540 [main] DEBUG com.github.dockerjava.zerodep.shaded.org.apache.hc.client5.http.impl.io.PoolingHttpClientConnectionManager - ex-0000000013 endpoint lease request (3 MINUTES) [route: {}->[unix://localhost:2375]][total available: 1; route allocated: 1 of 2147483647; total allocated: 1 of 2147483647]
2026-07-21 16:23:13.540 [main] DEBUG com.github.dockerjava.zerodep.shaded.org.apache.hc.client5.http.impl.io.PoolingHttpClientConnectionManager - ex-0000000013 endpoint leased [route: {}->[unix://localhost:2375]][total available: 0; route allocated: 1 of 2147483647; total allocated: 1 of 2147483647]
2026-07-21 16:23:13.540 [main] DEBUG com.github.dockerjava.zerodep.shaded.org.apache.hc.client5.http.impl.io.PoolingHttpClientConnectionManager - ex-0000000013 acquired ep-0000000013
2026-07-21 16:23:13.540 [main] DEBUG com.github.dockerjava.zerodep.shaded.org.apache.hc.client5.http.impl.classic.InternalHttpClient - ex-0000000013 acquired endpoint ep-0000000013
2026-07-21 16:23:13.540 [main] DEBUG com.github.dockerjava.zerodep.shaded.org.apache.hc.client5.http.impl.classic.MainClientExec - ex-0000000013 executing GET /v1.44/containers/4e9ba704eaff7a01804ba14682ba0985818f6aa5951b28e3cc0c65d18b6db2fc/json
2026-07-21 16:23:13.540 [main] DEBUG com.github.dockerjava.zerodep.shaded.org.apache.hc.client5.http.protocol.RequestAddCookies - ex-0000000013 Cookie spec selected: strict
2026-07-21 16:23:13.540 [main] DEBUG com.github.dockerjava.zerodep.shaded.org.apache.hc.client5.http.impl.classic.InternalHttpClient - ep-0000000013 start execution ex-0000000013
2026-07-21 16:23:13.540 [main] DEBUG com.github.dockerjava.zerodep.shaded.org.apache.hc.client5.http.impl.io.PoolingHttpClientConnectionManager - ep-0000000013 executing exchange ex-0000000013 over http-outgoing-1
2026-07-21 16:23:13.540 [main] DEBUG com.github.dockerjava.zerodep.shaded.org.apache.hc.client5.http.headers - http-outgoing-1 >> GET /v1.44/containers/4e9ba704eaff7a01804ba14682ba0985818f6aa5951b28e3cc0c65d18b6db2fc/json HTTP/1.1
2026-07-21 16:23:13.540 [main] DEBUG com.github.dockerjava.zerodep.shaded.org.apache.hc.client5.http.headers - http-outgoing-1 >> accept: application/json
2026-07-21 16:23:13.540 [main] DEBUG com.github.dockerjava.zerodep.shaded.org.apache.hc.client5.http.headers - http-outgoing-1 >> x-tc-sid: c2815888-2ad9-4d1b-b81d-ff10c2a3009c
2026-07-21 16:23:13.540 [main] DEBUG com.github.dockerjava.zerodep.shaded.org.apache.hc.client5.http.headers - http-outgoing-1 >> User-Agent: tc-java/2.0.5
2026-07-21 16:23:13.540 [main] DEBUG com.github.dockerjava.zerodep.shaded.org.apache.hc.client5.http.headers - http-outgoing-1 >> Accept-Encoding: gzip, x-gzip, deflate
2026-07-21 16:23:13.540 [main] DEBUG com.github.dockerjava.zerodep.shaded.org.apache.hc.client5.http.headers - http-outgoing-1 >> Host: localhost:2375
2026-07-21 16:23:13.540 [main] DEBUG com.github.dockerjava.zerodep.shaded.org.apache.hc.client5.http.headers - http-outgoing-1 >> Connection: keep-alive
2026-07-21 16:23:13.540 [main] DEBUG com.github.dockerjava.zerodep.shaded.org.apache.hc.client5.http.wire - http-outgoing-1 >> "GET /v1.44/containers/4e9ba704eaff7a01804ba14682ba0985818f6aa5951b28e3cc0c65d18b6db2fc/json HTTP/1.1[\r][\n]"
2026-07-21 16:23:13.540 [main] DEBUG com.github.dockerjava.zerodep.shaded.org.apache.hc.client5.http.wire - http-outgoing-1 >> "accept: application/json[\r][\n]"
2026-07-21 16:23:13.540 [main] DEBUG com.github.dockerjava.zerodep.shaded.org.apache.hc.client5.http.wire - http-outgoing-1 >> "x-tc-sid: c2815888-2ad9-4d1b-b81d-ff10c2a3009c[\r][\n]"
2026-07-21 16:23:13.540 [main] DEBUG com.github.dockerjava.zerodep.shaded.org.apache.hc.client5.http.wire - http-outgoing-1 >> "User-Agent: tc-java/2.0.5[\r][\n]"
2026-07-21 16:23:13.540 [main] DEBUG com.github.dockerjava.zerodep.shaded.org.apache.hc.client5.http.wire - http-outgoing-1 >> "Accept-Encoding: gzip, x-gzip, deflate[\r][\n]"
2026-07-21 16:23:13.540 [main] DEBUG com.github.dockerjava.zerodep.shaded.org.apache.hc.client5.http.wire - http-outgoing-1 >> "Host: localhost:2375[\r][\n]"
2026-07-21 16:23:13.540 [main] DEBUG com.github.dockerjava.zerodep.shaded.org.apache.hc.client5.http.wire - http-outgoing-1 >> "Connection: keep-alive[\r][\n]"
2026-07-21 16:23:13.540 [main] DEBUG com.github.dockerjava.zerodep.shaded.org.apache.hc.client5.http.wire - http-outgoing-1 >> "[\r][\n]"
2026-07-21 16:23:13.542 [main] DEBUG com.github.dockerjava.zerodep.shaded.org.apache.hc.client5.http.wire - http-outgoing-1 << "HTTP/1.1 200 OK[\r][\n]"
2026-07-21 16:23:13.542 [main] DEBUG com.github.dockerjava.zerodep.shaded.org.apache.hc.client5.http.wire - http-outgoing-1 << "Api-Version: 1.54[\r][\n]"
2026-07-21 16:23:13.542 [main] DEBUG com.github.dockerjava.zerodep.shaded.org.apache.hc.client5.http.wire - http-outgoing-1 << "Content-Type: application/json[\r][\n]"
2026-07-21 16:23:13.542 [main] DEBUG com.github.dockerjava.zerodep.shaded.org.apache.hc.client5.http.wire - http-outgoing-1 << "Date: Tue, 21 Jul 2026 13:23:13 GMT[\r][\n]"
2026-07-21 16:23:13.542 [main] DEBUG com.github.dockerjava.zerodep.shaded.org.apache.hc.client5.http.wire - http-outgoing-1 << "Docker-Experimental: false[\r][\n]"
2026-07-21 16:23:13.542 [main] DEBUG com.github.dockerjava.zerodep.shaded.org.apache.hc.client5.http.wire - http-outgoing-1 << "Ostype: linux[\r][\n]"
2026-07-21 16:23:13.542 [main] DEBUG com.github.dockerjava.zerodep.shaded.org.apache.hc.client5.http.wire - http-outgoing-1 << "Server: Docker/29.5.3 (linux)[\r][\n]"
2026-07-21 16:23:13.542 [main] DEBUG com.github.dockerjava.zerodep.shaded.org.apache.hc.client5.http.wire - http-outgoing-1 << "Transfer-Encoding: chunked[\r][\n]"
2026-07-21 16:23:13.542 [main] DEBUG com.github.dockerjava.zerodep.shaded.org.apache.hc.client5.http.wire - http-outgoing-1 << "[\r][\n]"
2026-07-21 16:23:13.542 [main] DEBUG com.github.dockerjava.zerodep.shaded.org.apache.hc.client5.http.wire - http-outgoing-1 << "1855[\r][\n]"
2026-07-21 16:23:13.542 [main] DEBUG com.github.dockerjava.zerodep.shaded.org.apache.hc.client5.http.wire - http-outgoing-1 << "{"Id":"4e9ba704eaff7a01804ba14682ba0985818f6aa5951b28e3cc0c65d18b6db2fc","Created":"2026-07-21T13:23:13.432641418Z","Path":"container-entrypoint.sh","Args":[],"State":{"Status":"running","Running":true,"Paused":false,"Restarting":false,"OOMKilled":false,"Dead":false,"Pid":59568,"ExitCode":0,"Error":"","StartedAt":"2026-07-21T13:23:13.470022709Z","FinishedAt":"0001-01-01T00:00:00Z"},"Image":"sha256:1195813a9237d2f0c10a212e4e38f4b1dc3ede89e18712043f1c0ac406b1a986","ResolvConfPath":"/var/lib/docker/containers/4e9ba704eaff7a01804ba14682ba0985818f6aa5951b28e3cc0c65d18b6db2fc/resolv.conf","HostnamePath":"/var/lib/docker/containers/4e9ba704eaff7a01804ba14682ba0985818f6aa5951b28e3cc0c65d18b6db2fc/hostname","HostsPath":"/var/lib/docker/containers/4e9ba704eaff7a01804ba14682ba0985818f6aa5951b28e3cc0c65d18b6db2fc/hosts","LogPath":"/var/lib/docker/containers/4e9ba704eaff7a01804ba14682ba0985818f6aa5951b28e3cc0c65d18b6db2fc/4e9ba704eaff7a01804ba14682ba0985818f6aa5951b28e3cc0c65d18b6db2fc-json.log","Name":"/pensive_goldwasser","RestartCount":0,"Driver":"overlay2","Platform":"linux","MountLabel":"","ProcessLabel":"","AppArmorProfile":"","ExecIDs":null,"HostConfig":{"Binds":[],"ContainerIDFile":"","LogConfig":{"Type":"json-file","Config":{}},"NetworkMode":"bridge","PortBindings":{"1521/tcp":[{"HostIp":"","HostPort":""}]},"RestartPolicy":{"Name":"no","MaximumRetryCount":0},"AutoRemove":false,"VolumeDriver":"","VolumesFrom":[],"ConsoleSize":[0,0],"CapAdd":null,"CapDrop":null,"CgroupnsMode":"private","Dns":null,"DnsOptions":null,"DnsSearch":null,"ExtraHosts":[],"GroupAdd":null,"IpcMode":"private","Cgroup":"","Links":null,"OomScoreAdj":0,"PidMode":"","Privileged":false,"PublishAllPorts":false,"ReadonlyRootfs":false,"SecurityOpt":null,"UTSMode":"","UsernsMode":"","ShmSize":67108864,"Runtime":"runc","Isolation":"","CpuShares":0,"Memory":0,"NanoCpus":0,"CgroupParent":"","BlkioWeight":0,"BlkioWeightDevice":null,"BlkioDeviceReadBps":null,"BlkioDeviceWriteBps":null,"BlkioDeviceReadIOps":null,"BlkioDeviceWriteIOps":null,"CpuPeriod":0,"CpuQuota":0,"CpuRealtimePeriod":0,"CpuRealtimeRuntime":0,"CpusetCpus":"","CpusetMems":"","Devices":null,"DeviceCgroupRules":null,"DeviceRequests":null,"MemoryReservation":0,"MemorySwap":0,"MemorySwappiness":null,"OomKillDisable":null,"PidsLimit":null,"Ulimits":null,"CpuCount":0,"CpuPercent":0,"IOMaximumIOps":0,"IOMaximumBandwidth":0,"MaskedPaths":["/proc/acpi","/proc/asound","/proc/interrupts","/proc/kcore","/proc/keys","/proc/latency_stats","/proc/sched_debug","/proc/scsi","/proc/timer_list","/proc/timer_stats","/sys/devices/virtual/powercap","/sys/firmware"],"ReadonlyPaths":["/proc/bus","/proc/fs","/proc/irq","/proc/sys","/proc/sysrq-trigger"]},"GraphDriver":{"Data":{"ID":"4e9ba704eaff7a01804ba14682ba0985818f6aa5951b28e3cc0c65d18b6db2fc","LowerDir":"/var/lib/docker/overlay2/4dfd627ec10990e99a843efe9896af230bf0f2572e90c149bcf76981a7a26214-init/diff:/var/lib/docker/overlay2/11bb84405bed155ee87be83c03d283efa240f8e8686be5f9b1a2540d0b250719/diff:/var/lib/docker/overlay2/5fd68ce8c01e3f58a7392a4be9786c39b54ea9f2968fcec1cd29f285dd619d94/diff:/var/lib/docker/overlay2/4325ed8685f7b17698f058be12d3c063712eca348d77f5d2652f0b1863e612dc/diff:/var/lib/docker/overlay2/7f83fb59807d2ae9fd17ddcc22bfada8ff5cea2dbb2e49be8f3b6c3c6466c6d6/diff:/var/lib/docker/overlay2/e875946526dcd439b7d1128876268fb5707fb427d2fc930724046629f4f842d9/diff:/var/lib/docker/overlay2/50b36ea6e913938c555fea56912f4f465fb092e63c3e84dc38bc122b858ef17d/diff:/var/lib/docker/overlay2/b19d24ba04711fe5d02491a39c78c7c219605ebb8e3d3cb83f8021da6126c5e3/diff:/var/lib/docker/overlay2/ba454dac3efb622dc41b6326b4804d01c9d9d3bebddbda1303921580573a7b9c/diff:/var/lib/docker/overlay2/82b56b6b1a874198fe76dacfb13327b53b6aca559e5953249054c86c7a782c47/diff","MergedDir":"/var/lib/docker/overlay2/4dfd627ec10990e99a843efe9896af230bf0f2572e90c149bcf76981a7a26214/merged","UpperDir":"/var/lib/docker/overlay2/4dfd627ec10990e99a843efe9896af230bf0f2572e90c149bcf76981a7a26214/diff","WorkDir":"/var/lib/docker/overlay2/4dfd627ec10990e99a843efe9896af230bf0f2572e90c149bcf76981a7a26214/work"},"Name":"overlay2"},"Mounts":[],"Config":{"Hostname":"4e9ba704eaff","Domainname":"","User":"oracle","AttachStdin":false,"AttachStdout":false,"AttachStderr":false,"ExposedPorts":{"1521/tcp":{}},"Tty":false,"OpenStdin":false,"StdinOnce":false,"Env":["ORACLE_PASSWORD=test","APP_USER=test","APP_USER_PASSWORD=test","PATH=/usr/local/sbin:/usr/local/bin:/usr/sbin:/usr/bin:/sbin:/bin:/opt/oracle/product/23ai/dbhomeFree/bin:/opt/oracle","ORACLE_BASE=/opt/oracle","ORACLE_BASE_CONFIG=/opt/oracle/product/23ai/dbhomeFree","ORACLE_BASE_HOME=/opt/oracle/product/23ai/dbhomeFree","ORACLE_HOME=/opt/oracle/product/23ai/dbhomeFree","ORACLE_SID=FREE","NLS_LANG=.AL32UTF8"],"Cmd":null,"Image":"gvenzl/oracle-free:slim-faststart","Volumes":null,"WorkingDir":"/opt/oracle","Entrypoint":["container-entrypoint.sh"],"Labels":{"io.buildah.version":"1.33.7","org.opencontainers.image.authors":"Gerald Venzl","org.opencontainers.image.description":"Oracle Database Free for everyone!","org.opencontainers.image.documentation":"https://github.com/gvenzl/oci-oracle-free/blob/main/README.md","org.opencontainers.image.licenses":"Apache-2.0","org.opencontainers.image.source":"https://github.com/gvenzl/oci-oracle-free","org.opencontainers.image.title":"Oracle Database Free Container images","org.testcontainers":"true","org.testcontainers.lang":"java","org.testcontainers.sessionId":"c2815888-2ad9-4d1b-b81d-ff10c2a3009c","org.testcontainers.version":"2.0.5"},"StopTimeout":1},"NetworkSettings":{"SandboxID":"999225c058369d945fe87760aaf2658e2689c3f3a36b4f48baf3679d0e2f4e6d","SandboxKey":"/var/run/docker/netns/999225c05836","Ports":{"1521/tcp":[{"HostIp":"0.0.0.0","HostPort":"59621"},{"HostIp":"::","HostPort":"59621"}]},"Networks":{"bridge":{"IPAMConfig":null,"Links":null,"Aliases":null,"DriverOpts":null,"GwPriority":0,"NetworkID":"998d6244bdfb5e5563c0dbbe14df5cbe693c238c2c93dcb841f601252b85ef2f","EndpointID":"69904ef74fad9b9d40cb30439a0f0205690fe5a26b27329fcfe892ce198760ee","Gateway":"172.17.0.1","IPAddress":"172.17.0.4","MacAddress":"ba:b9:d1:b2:9b:24","IPPrefixLen":16,"IPv6Gateway":"","GlobalIPv6Address":"","GlobalIPv6PrefixLen":0,"DNSNames":null}}}}[\n]"
2026-07-21 16:23:13.542 [main] DEBUG com.github.dockerjava.zerodep.shaded.org.apache.hc.client5.http.wire - http-outgoing-1 << "[\r][\n]"
2026-07-21 16:23:13.542 [main] DEBUG com.github.dockerjava.zerodep.shaded.org.apache.hc.client5.http.headers - http-outgoing-1 << HTTP/1.1 200 OK
2026-07-21 16:23:13.542 [main] DEBUG com.github.dockerjava.zerodep.shaded.org.apache.hc.client5.http.headers - http-outgoing-1 << Api-Version: 1.54
2026-07-21 16:23:13.542 [main] DEBUG com.github.dockerjava.zerodep.shaded.org.apache.hc.client5.http.headers - http-outgoing-1 << Content-Type: application/json
2026-07-21 16:23:13.542 [main] DEBUG com.github.dockerjava.zerodep.shaded.org.apache.hc.client5.http.headers - http-outgoing-1 << Date: Tue, 21 Jul 2026 13:23:13 GMT
2026-07-21 16:23:13.542 [main] DEBUG com.github.dockerjava.zerodep.shaded.org.apache.hc.client5.http.headers - http-outgoing-1 << Docker-Experimental: false
2026-07-21 16:23:13.542 [main] DEBUG com.github.dockerjava.zerodep.shaded.org.apache.hc.client5.http.headers - http-outgoing-1 << Ostype: linux
2026-07-21 16:23:13.542 [main] DEBUG com.github.dockerjava.zerodep.shaded.org.apache.hc.client5.http.headers - http-outgoing-1 << Server: Docker/29.5.3 (linux)
2026-07-21 16:23:13.542 [main] DEBUG com.github.dockerjava.zerodep.shaded.org.apache.hc.client5.http.headers - http-outgoing-1 << Transfer-Encoding: chunked
2026-07-21 16:23:13.542 [main] DEBUG com.github.dockerjava.zerodep.shaded.org.apache.hc.client5.http.impl.classic.MainClientExec - ex-0000000013 connection can be kept alive for 3 MINUTES
2026-07-21 16:23:13.543 [main] DEBUG com.github.dockerjava.zerodep.shaded.org.apache.hc.client5.http.wire - http-outgoing-1 << "0[\r][\n]"
2026-07-21 16:23:13.543 [main] DEBUG com.github.dockerjava.zerodep.shaded.org.apache.hc.client5.http.wire - http-outgoing-1 << "[\r][\n]"
2026-07-21 16:23:13.543 [main] DEBUG com.github.dockerjava.zerodep.shaded.org.apache.hc.client5.http.impl.classic.InternalHttpClient - ep-0000000013 releasing valid endpoint
2026-07-21 16:23:13.543 [main] DEBUG com.github.dockerjava.zerodep.shaded.org.apache.hc.client5.http.impl.io.PoolingHttpClientConnectionManager - ep-0000000013 releasing endpoint
2026-07-21 16:23:13.543 [main] DEBUG com.github.dockerjava.zerodep.shaded.org.apache.hc.client5.http.impl.io.PoolingHttpClientConnectionManager - ep-0000000013 connection http-outgoing-1 can be kept alive for 3 MINUTES
2026-07-21 16:23:13.543 [main] DEBUG com.github.dockerjava.zerodep.shaded.org.apache.hc.client5.http.impl.io.PoolingHttpClientConnectionManager - ep-0000000013 connection released [route: {}->[unix://localhost:2375]][total available: 1; route allocated: 1 of 2147483647; total allocated: 1 of 2147483647]
2026-07-21 16:23:13.544 [main] DEBUG org.testcontainers.shaded.com.github.dockerjava.core.command.AbstrDockerCmd - Cmd: sha256:1195813a9237d2f0c10a212e4e38f4b1dc3ede89e18712043f1c0ac406b1a986
2026-07-21 16:23:13.544 [main] TRACE org.testcontainers.shaded.com.github.dockerjava.core.exec.InspectImageCmdExec - GET: DefaultWebTarget{path=[/images/sha256:1195813a9237d2f0c10a212e4e38f4b1dc3ede89e18712043f1c0ac406b1a986/json], queryParams={}}
2026-07-21 16:23:13.544 [main] DEBUG com.github.dockerjava.zerodep.shaded.org.apache.hc.client5.http.impl.classic.InternalHttpClient - ex-0000000014 preparing request execution
2026-07-21 16:23:13.544 [main] DEBUG com.github.dockerjava.zerodep.shaded.org.apache.hc.client5.http.impl.classic.ProtocolExec - ex-0000000014 target auth state: UNCHALLENGED
2026-07-21 16:23:13.544 [main] DEBUG com.github.dockerjava.zerodep.shaded.org.apache.hc.client5.http.impl.classic.ProtocolExec - ex-0000000014 proxy auth state: UNCHALLENGED
2026-07-21 16:23:13.544 [main] DEBUG com.github.dockerjava.zerodep.shaded.org.apache.hc.client5.http.impl.classic.ConnectExec - ex-0000000014 acquiring connection with route {}->[unix://localhost:2375]
2026-07-21 16:23:13.544 [main] DEBUG com.github.dockerjava.zerodep.shaded.org.apache.hc.client5.http.impl.classic.InternalHttpClient - ex-0000000014 acquiring endpoint (3 MINUTES)
2026-07-21 16:23:13.544 [main] DEBUG com.github.dockerjava.zerodep.shaded.org.apache.hc.client5.http.impl.io.PoolingHttpClientConnectionManager - ex-0000000014 endpoint lease request (3 MINUTES) [route: {}->[unix://localhost:2375]][total available: 1; route allocated: 1 of 2147483647; total allocated: 1 of 2147483647]
2026-07-21 16:23:13.544 [main] DEBUG com.github.dockerjava.zerodep.shaded.org.apache.hc.client5.http.impl.io.PoolingHttpClientConnectionManager - ex-0000000014 endpoint leased [route: {}->[unix://localhost:2375]][total available: 0; route allocated: 1 of 2147483647; total allocated: 1 of 2147483647]
2026-07-21 16:23:13.544 [main] DEBUG com.github.dockerjava.zerodep.shaded.org.apache.hc.client5.http.impl.io.PoolingHttpClientConnectionManager - ex-0000000014 acquired ep-0000000014
2026-07-21 16:23:13.544 [main] DEBUG com.github.dockerjava.zerodep.shaded.org.apache.hc.client5.http.impl.classic.InternalHttpClient - ex-0000000014 acquired endpoint ep-0000000014
2026-07-21 16:23:13.544 [main] DEBUG com.github.dockerjava.zerodep.shaded.org.apache.hc.client5.http.impl.classic.MainClientExec - ex-0000000014 executing GET /v1.44/images/sha256:1195813a9237d2f0c10a212e4e38f4b1dc3ede89e18712043f1c0ac406b1a986/json
2026-07-21 16:23:13.544 [main] DEBUG com.github.dockerjava.zerodep.shaded.org.apache.hc.client5.http.protocol.RequestAddCookies - ex-0000000014 Cookie spec selected: strict
2026-07-21 16:23:13.544 [main] DEBUG com.github.dockerjava.zerodep.shaded.org.apache.hc.client5.http.impl.classic.InternalHttpClient - ep-0000000014 start execution ex-0000000014
2026-07-21 16:23:13.544 [main] DEBUG com.github.dockerjava.zerodep.shaded.org.apache.hc.client5.http.impl.io.PoolingHttpClientConnectionManager - ep-0000000014 executing exchange ex-0000000014 over http-outgoing-1
2026-07-21 16:23:13.544 [main] DEBUG com.github.dockerjava.zerodep.shaded.org.apache.hc.client5.http.headers - http-outgoing-1 >> GET /v1.44/images/sha256:1195813a9237d2f0c10a212e4e38f4b1dc3ede89e18712043f1c0ac406b1a986/json HTTP/1.1
2026-07-21 16:23:13.544 [main] DEBUG com.github.dockerjava.zerodep.shaded.org.apache.hc.client5.http.headers - http-outgoing-1 >> accept: application/json
2026-07-21 16:23:13.544 [main] DEBUG com.github.dockerjava.zerodep.shaded.org.apache.hc.client5.http.headers - http-outgoing-1 >> x-tc-sid: c2815888-2ad9-4d1b-b81d-ff10c2a3009c
2026-07-21 16:23:13.544 [main] DEBUG com.github.dockerjava.zerodep.shaded.org.apache.hc.client5.http.headers - http-outgoing-1 >> User-Agent: tc-java/2.0.5
2026-07-21 16:23:13.544 [main] DEBUG com.github.dockerjava.zerodep.shaded.org.apache.hc.client5.http.headers - http-outgoing-1 >> Accept-Encoding: gzip, x-gzip, deflate
2026-07-21 16:23:13.544 [main] DEBUG com.github.dockerjava.zerodep.shaded.org.apache.hc.client5.http.headers - http-outgoing-1 >> Host: localhost:2375
2026-07-21 16:23:13.544 [main] DEBUG com.github.dockerjava.zerodep.shaded.org.apache.hc.client5.http.headers - http-outgoing-1 >> Connection: keep-alive
2026-07-21 16:23:13.544 [main] DEBUG com.github.dockerjava.zerodep.shaded.org.apache.hc.client5.http.wire - http-outgoing-1 >> "GET /v1.44/images/sha256:1195813a9237d2f0c10a212e4e38f4b1dc3ede89e18712043f1c0ac406b1a986/json HTTP/1.1[\r][\n]"
2026-07-21 16:23:13.545 [main] DEBUG com.github.dockerjava.zerodep.shaded.org.apache.hc.client5.http.wire - http-outgoing-1 >> "accept: application/json[\r][\n]"
2026-07-21 16:23:13.545 [main] DEBUG com.github.dockerjava.zerodep.shaded.org.apache.hc.client5.http.wire - http-outgoing-1 >> "x-tc-sid: c2815888-2ad9-4d1b-b81d-ff10c2a3009c[\r][\n]"
2026-07-21 16:23:13.545 [main] DEBUG com.github.dockerjava.zerodep.shaded.org.apache.hc.client5.http.wire - http-outgoing-1 >> "User-Agent: tc-java/2.0.5[\r][\n]"
2026-07-21 16:23:13.545 [main] DEBUG com.github.dockerjava.zerodep.shaded.org.apache.hc.client5.http.wire - http-outgoing-1 >> "Accept-Encoding: gzip, x-gzip, deflate[\r][\n]"
2026-07-21 16:23:13.545 [main] DEBUG com.github.dockerjava.zerodep.shaded.org.apache.hc.client5.http.wire - http-outgoing-1 >> "Host: localhost:2375[\r][\n]"
2026-07-21 16:23:13.545 [main] DEBUG com.github.dockerjava.zerodep.shaded.org.apache.hc.client5.http.wire - http-outgoing-1 >> "Connection: keep-alive[\r][\n]"
2026-07-21 16:23:13.545 [main] DEBUG com.github.dockerjava.zerodep.shaded.org.apache.hc.client5.http.wire - http-outgoing-1 >> "[\r][\n]"
2026-07-21 16:23:13.547 [main] DEBUG com.github.dockerjava.zerodep.shaded.org.apache.hc.client5.http.wire - http-outgoing-1 << "HTTP/1.1 200 OK[\r][\n]"
2026-07-21 16:23:13.547 [main] DEBUG com.github.dockerjava.zerodep.shaded.org.apache.hc.client5.http.wire - http-outgoing-1 << "Api-Version: 1.54[\r][\n]"
2026-07-21 16:23:13.547 [main] DEBUG com.github.dockerjava.zerodep.shaded.org.apache.hc.client5.http.wire - http-outgoing-1 << "Content-Type: application/json[\r][\n]"
2026-07-21 16:23:13.547 [main] DEBUG com.github.dockerjava.zerodep.shaded.org.apache.hc.client5.http.wire - http-outgoing-1 << "Date: Tue, 21 Jul 2026 13:23:13 GMT[\r][\n]"
2026-07-21 16:23:13.547 [main] DEBUG com.github.dockerjava.zerodep.shaded.org.apache.hc.client5.http.wire - http-outgoing-1 << "Docker-Experimental: false[\r][\n]"
2026-07-21 16:23:13.547 [main] DEBUG com.github.dockerjava.zerodep.shaded.org.apache.hc.client5.http.wire - http-outgoing-1 << "Ostype: linux[\r][\n]"
2026-07-21 16:23:13.547 [main] DEBUG com.github.dockerjava.zerodep.shaded.org.apache.hc.client5.http.wire - http-outgoing-1 << "Server: Docker/29.5.3 (linux)[\r][\n]"
2026-07-21 16:23:13.547 [main] DEBUG com.github.dockerjava.zerodep.shaded.org.apache.hc.client5.http.wire - http-outgoing-1 << "Transfer-Encoding: chunked[\r][\n]"
2026-07-21 16:23:13.547 [main] DEBUG com.github.dockerjava.zerodep.shaded.org.apache.hc.client5.http.wire - http-outgoing-1 << "[\r][\n]"
2026-07-21 16:23:13.547 [main] DEBUG com.github.dockerjava.zerodep.shaded.org.apache.hc.client5.http.headers - http-outgoing-1 << HTTP/1.1 200 OK
2026-07-21 16:23:13.547 [main] DEBUG com.github.dockerjava.zerodep.shaded.org.apache.hc.client5.http.headers - http-outgoing-1 << Api-Version: 1.54
2026-07-21 16:23:13.547 [main] DEBUG com.github.dockerjava.zerodep.shaded.org.apache.hc.client5.http.headers - http-outgoing-1 << Content-Type: application/json
2026-07-21 16:23:13.547 [main] DEBUG com.github.dockerjava.zerodep.shaded.org.apache.hc.client5.http.headers - http-outgoing-1 << Date: Tue, 21 Jul 2026 13:23:13 GMT
2026-07-21 16:23:13.547 [main] DEBUG com.github.dockerjava.zerodep.shaded.org.apache.hc.client5.http.headers - http-outgoing-1 << Docker-Experimental: false
2026-07-21 16:23:13.547 [main] DEBUG com.github.dockerjava.zerodep.shaded.org.apache.hc.client5.http.headers - http-outgoing-1 << Ostype: linux
2026-07-21 16:23:13.547 [main] DEBUG com.github.dockerjava.zerodep.shaded.org.apache.hc.client5.http.headers - http-outgoing-1 << Server: Docker/29.5.3 (linux)
2026-07-21 16:23:13.547 [main] DEBUG com.github.dockerjava.zerodep.shaded.org.apache.hc.client5.http.headers - http-outgoing-1 << Transfer-Encoding: chunked
2026-07-21 16:23:13.547 [main] DEBUG com.github.dockerjava.zerodep.shaded.org.apache.hc.client5.http.impl.classic.MainClientExec - ex-0000000014 connection can be kept alive for 3 MINUTES
2026-07-21 16:23:13.547 [main] DEBUG com.github.dockerjava.zerodep.shaded.org.apache.hc.client5.http.wire - http-outgoing-1 << "e74[\r][\n]"
2026-07-21 16:23:13.548 [main] DEBUG com.github.dockerjava.zerodep.shaded.org.apache.hc.client5.http.wire - http-outgoing-1 << "{"Architecture":"arm64","Author":"","Comment":"FROM 322129093ae4","Config":{"AttachStderr":false,"AttachStdin":false,"AttachStdout":false,"Cmd":null,"Domainname":"","Entrypoint":["container-entrypoint.sh"],"Env":["PATH=/usr/local/sbin:/usr/local/bin:/usr/sbin:/usr/bin:/sbin:/bin:/opt/oracle/product/23ai/dbhomeFree/bin:/opt/oracle","ORACLE_BASE=/opt/oracle","ORACLE_BASE_CONFIG=/opt/oracle/product/23ai/dbhomeFree","ORACLE_BASE_HOME=/opt/oracle/product/23ai/dbhomeFree","ORACLE_HOME=/opt/oracle/product/23ai/dbhomeFree","ORACLE_SID=FREE","NLS_LANG=.AL32UTF8"],"Hostname":"","Image":"","Labels":{"io.buildah.version":"1.33.7","org.opencontainers.image.authors":"Gerald Venzl","org.opencontainers.image.description":"Oracle Database Free for everyone!","org.opencontainers.image.documentation":"https://github.com/gvenzl/oci-oracle-free/blob/main/README.md","org.opencontainers.image.licenses":"Apache-2.0","org.opencontainers.image.source":"https://github.com/gvenzl/oci-oracle-free","org.opencontainers.image.title":"Oracle Database Free Container images"},"OnBuild":null,"OpenStdin":false,"StdinOnce":false,"Tty":false,"User":"oracle","Volumes":null,"WorkingDir":"/opt/oracle"},"Container":"","ContainerConfig":{"Hostname":"","Domainname":"","User":"","AttachStdin":false,"AttachStdout":false,"AttachStderr":false,"Tty":false,"OpenStdin":false,"StdinOnce":false,"Env":null,"Cmd":null,"Image":"","Volumes":null,"WorkingDir":"","Entrypoint":null,"Labels":null},"Created":"2025-08-02T17:16:28.589332677Z","DockerVersion":"","GraphDriver":{"Data":{"LowerDir":"/var/lib/docker/overlay2/5fd68ce8c01e3f58a7392a4be9786c39b54ea9f2968fcec1cd29f285dd619d94/diff:/var/lib/docker/overlay2/4325ed8685f7b17698f058be12d3c063712eca348d77f5d2652f0b1863e612dc/diff:/var/lib/docker/overlay2/7f83fb59807d2ae9fd17ddcc22bfada8ff5cea2dbb2e49be8f3b6c3c6466c6d6/diff:/var/lib/docker/overlay2/e875946526dcd439b7d1128876268fb5707fb427d2fc930724046629f4f842d9/diff:/var/lib/docker/overlay2/50b36ea6e913938c555fea56912f4f465fb092e63c3e84dc38bc122b858ef17d/diff:/var/lib/docker/overlay2/b19d24ba04711fe5d02491a39c78c7c219605ebb8e3d3cb83f8021da6126c5e3/diff:/var/lib/docker/overlay2/ba454dac3efb622dc41b6326b4804d01c9d9d3bebddbda1303921580573a7b9c/diff:/var/lib/docker/overlay2/82b56b6b1a874198fe76dacfb13327b53b6aca559e5953249054c86c7a782c47/diff","MergedDir":"/var/lib/docker/overlay2/11bb84405bed155ee87be83c03d283efa240f8e8686be5f9b1a2540d0b250719/merged","UpperDir":"/var/lib/docker/overlay2/11bb84405bed155ee87be83c03d283efa240f8e8686be5f9b1a2540d0b250719/diff","WorkDir":"/var/lib/docker/overlay2/11bb84405bed155ee87be83c03d283efa240f8e8686be5f9b1a2540d0b250719/work"},"Name":"overlay2"},"Id":"sha256:1195813a9237d2f0c10a212e4e38f4b1dc3ede89e18712043f1c0ac406b1a986","Metadata":{"LastTagTime":"0001-01-01T00:00:00Z"},"Os":"linux","Parent":"","RepoDigests":["gvenzl/oracle-free@sha256:f75e5568cba81a337afc4ea98b8f8e6cb837774a3a5b175cce918b1c399d9403"],"RepoTags":["gvenzl/oracle-free:slim-faststart"],"RootFS":{"Layers":["sha256:6586b46513821913001ac95f160b0c75e3e8ae01c5c9dafaf70e99e078744f3f","sha256:445f5c34c0f0ab0bbc57ca25c4425c5cb3393bd8f935b99acffddfb31b05dce3","sha256:9cee1ae74570dda3a288fae8e4e5d5c7fcb5b9052fe1a39a76070707ab5f5c5d","sha256:c83ee3eb94c30879ca96a42c04b212befa2fdf7fcac362fd8c8269d7c5d611ee","sha256:2faf98d056d99ca9af1473cce11124981d047e7e58a8d25fe41e5ba74dc5bfdf","sha256:de1749f714d76865ba50d32bdaa79cb5a88dd2548095064c9b36bc90c492f7b4","sha256:b242dfff8728fefe0c589319a1d1a6f95dcdbeaf1df65d5eea551ac57be6dd28","sha256:a343453e174d0ebb83c210db4b3012673498ec96e137c277c0076bddfb17e488","sha256:27ba7974af9b3db9f89a5f80a8419f167688752f1680c3f05637b5cb54c9491b"],"Type":"layers"},"Size":4483386030}[\n]"
2026-07-21 16:23:13.548 [main] DEBUG com.github.dockerjava.zerodep.shaded.org.apache.hc.client5.http.wire - http-outgoing-1 << "[\r][\n]"
2026-07-21 16:23:13.548 [main] DEBUG com.github.dockerjava.zerodep.shaded.org.apache.hc.client5.http.wire - http-outgoing-1 << "0[\r][\n]"
2026-07-21 16:23:13.548 [main] DEBUG com.github.dockerjava.zerodep.shaded.org.apache.hc.client5.http.wire - http-outgoing-1 << "[\r][\n]"
2026-07-21 16:23:13.548 [main] DEBUG com.github.dockerjava.zerodep.shaded.org.apache.hc.client5.http.impl.classic.InternalHttpClient - ep-0000000014 releasing valid endpoint
2026-07-21 16:23:13.548 [main] DEBUG com.github.dockerjava.zerodep.shaded.org.apache.hc.client5.http.impl.io.PoolingHttpClientConnectionManager - ep-0000000014 releasing endpoint
2026-07-21 16:23:13.548 [main] DEBUG com.github.dockerjava.zerodep.shaded.org.apache.hc.client5.http.impl.io.PoolingHttpClientConnectionManager - ep-0000000014 connection http-outgoing-1 can be kept alive for 3 MINUTES
2026-07-21 16:23:13.548 [main] DEBUG com.github.dockerjava.zerodep.shaded.org.apache.hc.client5.http.impl.io.PoolingHttpClientConnectionManager - ep-0000000014 connection released [route: {}->[unix://localhost:2375]][total available: 1; route allocated: 1 of 2147483647; total allocated: 1 of 2147483647]
2026-07-21 16:23:13.548 [main] DEBUG org.testcontainers.shaded.com.github.dockerjava.core.command.AbstrDockerCmd - Cmd: 
2026-07-21 16:23:13.548 [main] TRACE org.testcontainers.shaded.com.github.dockerjava.core.exec.VersionCmdExec - GET: DefaultWebTarget{path=[/version], queryParams={}}
2026-07-21 16:23:13.548 [main] DEBUG com.github.dockerjava.zerodep.shaded.org.apache.hc.client5.http.impl.classic.InternalHttpClient - ex-0000000015 preparing request execution
2026-07-21 16:23:13.548 [main] DEBUG com.github.dockerjava.zerodep.shaded.org.apache.hc.client5.http.impl.classic.ProtocolExec - ex-0000000015 target auth state: UNCHALLENGED
2026-07-21 16:23:13.549 [main] DEBUG com.github.dockerjava.zerodep.shaded.org.apache.hc.client5.http.impl.classic.ProtocolExec - ex-0000000015 proxy auth state: UNCHALLENGED
2026-07-21 16:23:13.549 [main] DEBUG com.github.dockerjava.zerodep.shaded.org.apache.hc.client5.http.impl.classic.ConnectExec - ex-0000000015 acquiring connection with route {}->[unix://localhost:2375]
2026-07-21 16:23:13.549 [main] DEBUG com.github.dockerjava.zerodep.shaded.org.apache.hc.client5.http.impl.classic.InternalHttpClient - ex-0000000015 acquiring endpoint (3 MINUTES)
2026-07-21 16:23:13.549 [main] DEBUG com.github.dockerjava.zerodep.shaded.org.apache.hc.client5.http.impl.io.PoolingHttpClientConnectionManager - ex-0000000015 endpoint lease request (3 MINUTES) [route: {}->[unix://localhost:2375]][total available: 1; route allocated: 1 of 2147483647; total allocated: 1 of 2147483647]
2026-07-21 16:23:13.549 [main] DEBUG com.github.dockerjava.zerodep.shaded.org.apache.hc.client5.http.impl.io.PoolingHttpClientConnectionManager - ex-0000000015 endpoint leased [route: {}->[unix://localhost:2375]][total available: 0; route allocated: 1 of 2147483647; total allocated: 1 of 2147483647]
2026-07-21 16:23:13.549 [main] DEBUG com.github.dockerjava.zerodep.shaded.org.apache.hc.client5.http.impl.io.PoolingHttpClientConnectionManager - ex-0000000015 acquired ep-0000000015
2026-07-21 16:23:13.549 [main] DEBUG com.github.dockerjava.zerodep.shaded.org.apache.hc.client5.http.impl.classic.InternalHttpClient - ex-0000000015 acquired endpoint ep-0000000015
2026-07-21 16:23:13.549 [main] DEBUG com.github.dockerjava.zerodep.shaded.org.apache.hc.client5.http.impl.classic.MainClientExec - ex-0000000015 executing GET /v1.44/version
2026-07-21 16:23:13.549 [main] DEBUG com.github.dockerjava.zerodep.shaded.org.apache.hc.client5.http.protocol.RequestAddCookies - ex-0000000015 Cookie spec selected: strict
2026-07-21 16:23:13.549 [main] DEBUG com.github.dockerjava.zerodep.shaded.org.apache.hc.client5.http.impl.classic.InternalHttpClient - ep-0000000015 start execution ex-0000000015
2026-07-21 16:23:13.549 [main] DEBUG com.github.dockerjava.zerodep.shaded.org.apache.hc.client5.http.impl.io.PoolingHttpClientConnectionManager - ep-0000000015 executing exchange ex-0000000015 over http-outgoing-1
2026-07-21 16:23:13.549 [main] DEBUG com.github.dockerjava.zerodep.shaded.org.apache.hc.client5.http.headers - http-outgoing-1 >> GET /v1.44/version HTTP/1.1
2026-07-21 16:23:13.549 [main] DEBUG com.github.dockerjava.zerodep.shaded.org.apache.hc.client5.http.headers - http-outgoing-1 >> accept: application/json
2026-07-21 16:23:13.549 [main] DEBUG com.github.dockerjava.zerodep.shaded.org.apache.hc.client5.http.headers - http-outgoing-1 >> x-tc-sid: c2815888-2ad9-4d1b-b81d-ff10c2a3009c
2026-07-21 16:23:13.549 [main] DEBUG com.github.dockerjava.zerodep.shaded.org.apache.hc.client5.http.headers - http-outgoing-1 >> User-Agent: tc-java/2.0.5
2026-07-21 16:23:13.549 [main] DEBUG com.github.dockerjava.zerodep.shaded.org.apache.hc.client5.http.headers - http-outgoing-1 >> Accept-Encoding: gzip, x-gzip, deflate
2026-07-21 16:23:13.549 [main] DEBUG com.github.dockerjava.zerodep.shaded.org.apache.hc.client5.http.headers - http-outgoing-1 >> Host: localhost:2375
2026-07-21 16:23:13.549 [main] DEBUG com.github.dockerjava.zerodep.shaded.org.apache.hc.client5.http.headers - http-outgoing-1 >> Connection: keep-alive
2026-07-21 16:23:13.549 [main] DEBUG com.github.dockerjava.zerodep.shaded.org.apache.hc.client5.http.wire - http-outgoing-1 >> "GET /v1.44/version HTTP/1.1[\r][\n]"
2026-07-21 16:23:13.549 [main] DEBUG com.github.dockerjava.zerodep.shaded.org.apache.hc.client5.http.wire - http-outgoing-1 >> "accept: application/json[\r][\n]"
2026-07-21 16:23:13.549 [main] DEBUG com.github.dockerjava.zerodep.shaded.org.apache.hc.client5.http.wire - http-outgoing-1 >> "x-tc-sid: c2815888-2ad9-4d1b-b81d-ff10c2a3009c[\r][\n]"
2026-07-21 16:23:13.549 [main] DEBUG com.github.dockerjava.zerodep.shaded.org.apache.hc.client5.http.wire - http-outgoing-1 >> "User-Agent: tc-java/2.0.5[\r][\n]"
2026-07-21 16:23:13.549 [main] DEBUG com.github.dockerjava.zerodep.shaded.org.apache.hc.client5.http.wire - http-outgoing-1 >> "Accept-Encoding: gzip, x-gzip, deflate[\r][\n]"
2026-07-21 16:23:13.549 [main] DEBUG com.github.dockerjava.zerodep.shaded.org.apache.hc.client5.http.wire - http-outgoing-1 >> "Host: localhost:2375[\r][\n]"
2026-07-21 16:23:13.549 [main] DEBUG com.github.dockerjava.zerodep.shaded.org.apache.hc.client5.http.wire - http-outgoing-1 >> "Connection: keep-alive[\r][\n]"
2026-07-21 16:23:13.549 [main] DEBUG com.github.dockerjava.zerodep.shaded.org.apache.hc.client5.http.wire - http-outgoing-1 >> "[\r][\n]"
2026-07-21 16:23:13.556 [main] DEBUG com.github.dockerjava.zerodep.shaded.org.apache.hc.client5.http.wire - http-outgoing-1 << "HTTP/1.1 200 OK[\r][\n]"
2026-07-21 16:23:13.556 [main] DEBUG com.github.dockerjava.zerodep.shaded.org.apache.hc.client5.http.wire - http-outgoing-1 << "Api-Version: 1.54[\r][\n]"
2026-07-21 16:23:13.556 [main] DEBUG com.github.dockerjava.zerodep.shaded.org.apache.hc.client5.http.wire - http-outgoing-1 << "Content-Type: application/json[\r][\n]"
2026-07-21 16:23:13.556 [main] DEBUG com.github.dockerjava.zerodep.shaded.org.apache.hc.client5.http.wire - http-outgoing-1 << "Date: Tue, 21 Jul 2026 13:23:13 GMT[\r][\n]"
2026-07-21 16:23:13.556 [main] DEBUG com.github.dockerjava.zerodep.shaded.org.apache.hc.client5.http.wire - http-outgoing-1 << "Docker-Experimental: false[\r][\n]"
2026-07-21 16:23:13.556 [main] DEBUG com.github.dockerjava.zerodep.shaded.org.apache.hc.client5.http.wire - http-outgoing-1 << "Ostype: linux[\r][\n]"
2026-07-21 16:23:13.556 [main] DEBUG com.github.dockerjava.zerodep.shaded.org.apache.hc.client5.http.wire - http-outgoing-1 << "Server: Docker/29.5.3 (linux)[\r][\n]"
2026-07-21 16:23:13.556 [main] DEBUG com.github.dockerjava.zerodep.shaded.org.apache.hc.client5.http.wire - http-outgoing-1 << "Transfer-Encoding: chunked[\r][\n]"
2026-07-21 16:23:13.556 [main] DEBUG com.github.dockerjava.zerodep.shaded.org.apache.hc.client5.http.wire - http-outgoing-1 << "[\r][\n]"
2026-07-21 16:23:13.556 [main] DEBUG com.github.dockerjava.zerodep.shaded.org.apache.hc.client5.http.wire - http-outgoing-1 << "37e[\r][\n]"
2026-07-21 16:23:13.556 [main] DEBUG com.github.dockerjava.zerodep.shaded.org.apache.hc.client5.http.wire - http-outgoing-1 << "{"Platform":{"Name":"Docker Desktop 4.78.0 (229452)"},"Version":"29.5.3","ApiVersion":"1.54","MinAPIVersion":"1.40","Os":"linux","Arch":"arm64","Components":[{"Name":"Engine","Version":"29.5.3","Details":{"ApiVersion":"1.54","Arch":"arm64","BuildTime":"2026-06-03T18:00:14.000000000+00:00","Experimental":"false","GitCommit":"285b471","GoVersion":"go1.26.4","KernelVersion":"6.12.76-linuxkit","MinAPIVersion":"1.40","Module":"github.com/moby/moby/v2","ModuleVersion":"v2.0.0+unknown","Os":"linux"}},{"Name":"containerd","Version":"v2.2.4","Details":{"GitCommit":"193637f7ee8ae5f5aa5248f49e7baa3e6164966e"}},{"Name":"runc","Version":"1.3.5","Details":{"GitCommit":"v1.3.5-0-g488fc13e"}},{"Name":"docker-init","Version":"0.19.0","Details":{"GitCommit":"de40ad0"}}],"GitCommit":"285b471","GoVersion":"go1.26.4","KernelVersion":"6.12.76-linuxkit","BuildTime":"2026-06-03T18:00:14.000000000+00:00"}[\n]"
2026-07-21 16:23:13.556 [main] DEBUG com.github.dockerjava.zerodep.shaded.org.apache.hc.client5.http.wire - http-outgoing-1 << "[\r][\n]"
2026-07-21 16:23:13.557 [main] DEBUG com.github.dockerjava.zerodep.shaded.org.apache.hc.client5.http.headers - http-outgoing-1 << HTTP/1.1 200 OK
2026-07-21 16:23:13.557 [main] DEBUG com.github.dockerjava.zerodep.shaded.org.apache.hc.client5.http.headers - http-outgoing-1 << Api-Version: 1.54
2026-07-21 16:23:13.557 [main] DEBUG com.github.dockerjava.zerodep.shaded.org.apache.hc.client5.http.headers - http-outgoing-1 << Content-Type: application/json
2026-07-21 16:23:13.557 [main] DEBUG com.github.dockerjava.zerodep.shaded.org.apache.hc.client5.http.headers - http-outgoing-1 << Date: Tue, 21 Jul 2026 13:23:13 GMT
2026-07-21 16:23:13.557 [main] DEBUG com.github.dockerjava.zerodep.shaded.org.apache.hc.client5.http.headers - http-outgoing-1 << Docker-Experimental: false
2026-07-21 16:23:13.557 [main] DEBUG com.github.dockerjava.zerodep.shaded.org.apache.hc.client5.http.headers - http-outgoing-1 << Ostype: linux
2026-07-21 16:23:13.557 [main] DEBUG com.github.dockerjava.zerodep.shaded.org.apache.hc.client5.http.headers - http-outgoing-1 << Server: Docker/29.5.3 (linux)
2026-07-21 16:23:13.557 [main] DEBUG com.github.dockerjava.zerodep.shaded.org.apache.hc.client5.http.headers - http-outgoing-1 << Transfer-Encoding: chunked
2026-07-21 16:23:13.557 [main] DEBUG com.github.dockerjava.zerodep.shaded.org.apache.hc.client5.http.impl.classic.MainClientExec - ex-0000000015 connection can be kept alive for 3 MINUTES
2026-07-21 16:23:13.558 [main] DEBUG com.github.dockerjava.zerodep.shaded.org.apache.hc.client5.http.wire - http-outgoing-1 << "0[\r][\n]"
2026-07-21 16:23:13.558 [main] DEBUG com.github.dockerjava.zerodep.shaded.org.apache.hc.client5.http.wire - http-outgoing-1 << "[\r][\n]"
2026-07-21 16:23:13.558 [main] DEBUG com.github.dockerjava.zerodep.shaded.org.apache.hc.client5.http.impl.classic.InternalHttpClient - ep-0000000015 releasing valid endpoint
2026-07-21 16:23:13.558 [main] DEBUG com.github.dockerjava.zerodep.shaded.org.apache.hc.client5.http.impl.io.PoolingHttpClientConnectionManager - ep-0000000015 releasing endpoint
2026-07-21 16:23:13.558 [main] DEBUG com.github.dockerjava.zerodep.shaded.org.apache.hc.client5.http.impl.io.PoolingHttpClientConnectionManager - ep-0000000015 connection http-outgoing-1 can be kept alive for 3 MINUTES
2026-07-21 16:23:13.558 [main] DEBUG com.github.dockerjava.zerodep.shaded.org.apache.hc.client5.http.impl.io.PoolingHttpClientConnectionManager - ep-0000000015 connection released [route: {}->[unix://localhost:2375]][total available: 1; route allocated: 1 of 2147483647; total allocated: 1 of 2147483647]
2026-07-21 16:23:13.558 [main] TRACE org.testcontainers.shaded.com.github.dockerjava.core.exec.LogContainerCmdExec - GET: DefaultWebTarget{path=[/containers/4e9ba704eaff7a01804ba14682ba0985818f6aa5951b28e3cc0c65d18b6db2fc/logs], queryParams={stdout=[true], stderr=[true], follow=[true], since=[0]}}
2026-07-21 16:23:13.559 [docker-java-stream--645825463] DEBUG com.github.dockerjava.zerodep.shaded.org.apache.hc.client5.http.impl.classic.InternalHttpClient - ex-0000000016 preparing request execution
2026-07-21 16:23:13.559 [docker-java-stream--645825463] DEBUG com.github.dockerjava.zerodep.shaded.org.apache.hc.client5.http.impl.classic.ProtocolExec - ex-0000000016 target auth state: UNCHALLENGED
2026-07-21 16:23:13.559 [docker-java-stream--645825463] DEBUG com.github.dockerjava.zerodep.shaded.org.apache.hc.client5.http.impl.classic.ProtocolExec - ex-0000000016 proxy auth state: UNCHALLENGED
2026-07-21 16:23:13.559 [docker-java-stream--645825463] DEBUG com.github.dockerjava.zerodep.shaded.org.apache.hc.client5.http.impl.classic.ConnectExec - ex-0000000016 acquiring connection with route {}->[unix://localhost:2375]
2026-07-21 16:23:13.559 [docker-java-stream--645825463] DEBUG com.github.dockerjava.zerodep.shaded.org.apache.hc.client5.http.impl.classic.InternalHttpClient - ex-0000000016 acquiring endpoint (3 MINUTES)
2026-07-21 16:23:13.559 [docker-java-stream--645825463] DEBUG com.github.dockerjava.zerodep.shaded.org.apache.hc.client5.http.impl.io.PoolingHttpClientConnectionManager - ex-0000000016 endpoint lease request (3 MINUTES) [route: {}->[unix://localhost:2375]][total available: 1; route allocated: 1 of 2147483647; total allocated: 1 of 2147483647]
2026-07-21 16:23:13.559 [docker-java-stream--645825463] DEBUG com.github.dockerjava.zerodep.shaded.org.apache.hc.client5.http.impl.io.PoolingHttpClientConnectionManager - ex-0000000016 endpoint leased [route: {}->[unix://localhost:2375]][total available: 0; route allocated: 1 of 2147483647; total allocated: 1 of 2147483647]
2026-07-21 16:23:13.559 [docker-java-stream--645825463] DEBUG com.github.dockerjava.zerodep.shaded.org.apache.hc.client5.http.impl.io.PoolingHttpClientConnectionManager - ex-0000000016 acquired ep-0000000016
2026-07-21 16:23:13.559 [docker-java-stream--645825463] DEBUG com.github.dockerjava.zerodep.shaded.org.apache.hc.client5.http.impl.classic.InternalHttpClient - ex-0000000016 acquired endpoint ep-0000000016
2026-07-21 16:23:13.559 [docker-java-stream--645825463] DEBUG com.github.dockerjava.zerodep.shaded.org.apache.hc.client5.http.impl.classic.MainClientExec - ex-0000000016 executing GET /v1.44/containers/4e9ba704eaff7a01804ba14682ba0985818f6aa5951b28e3cc0c65d18b6db2fc/logs?stdout=true&stderr=true&follow=true&since=0
2026-07-21 16:23:13.559 [docker-java-stream--645825463] DEBUG com.github.dockerjava.zerodep.shaded.org.apache.hc.client5.http.protocol.RequestAddCookies - ex-0000000016 Cookie spec selected: strict
2026-07-21 16:23:13.559 [docker-java-stream--645825463] DEBUG com.github.dockerjava.zerodep.shaded.org.apache.hc.client5.http.impl.classic.InternalHttpClient - ep-0000000016 start execution ex-0000000016
2026-07-21 16:23:13.559 [docker-java-stream--645825463] DEBUG com.github.dockerjava.zerodep.shaded.org.apache.hc.client5.http.impl.io.PoolingHttpClientConnectionManager - ep-0000000016 executing exchange ex-0000000016 over http-outgoing-1
2026-07-21 16:23:13.559 [docker-java-stream--645825463] DEBUG com.github.dockerjava.zerodep.shaded.org.apache.hc.client5.http.headers - http-outgoing-1 >> GET /v1.44/containers/4e9ba704eaff7a01804ba14682ba0985818f6aa5951b28e3cc0c65d18b6db2fc/logs?stdout=true&stderr=true&follow=true&since=0 HTTP/1.1
2026-07-21 16:23:13.559 [docker-java-stream--645825463] DEBUG com.github.dockerjava.zerodep.shaded.org.apache.hc.client5.http.headers - http-outgoing-1 >> x-tc-sid: c2815888-2ad9-4d1b-b81d-ff10c2a3009c
2026-07-21 16:23:13.559 [docker-java-stream--645825463] DEBUG com.github.dockerjava.zerodep.shaded.org.apache.hc.client5.http.headers - http-outgoing-1 >> User-Agent: tc-java/2.0.5
2026-07-21 16:23:13.559 [docker-java-stream--645825463] DEBUG com.github.dockerjava.zerodep.shaded.org.apache.hc.client5.http.headers - http-outgoing-1 >> Accept-Encoding: gzip, x-gzip, deflate
2026-07-21 16:23:13.559 [docker-java-stream--645825463] DEBUG com.github.dockerjava.zerodep.shaded.org.apache.hc.client5.http.headers - http-outgoing-1 >> Host: localhost:2375
2026-07-21 16:23:13.559 [docker-java-stream--645825463] DEBUG com.github.dockerjava.zerodep.shaded.org.apache.hc.client5.http.headers - http-outgoing-1 >> Connection: keep-alive
2026-07-21 16:23:13.560 [docker-java-stream--645825463] DEBUG com.github.dockerjava.zerodep.shaded.org.apache.hc.client5.http.wire - http-outgoing-1 >> "GET /v1.44/containers/4e9ba704eaff7a01804ba14682ba0985818f6aa5951b28e3cc0c65d18b6db2fc/logs?stdout=true&stderr=true&follow=true&since=0 HTTP/1.1[\r][\n]"
2026-07-21 16:23:13.560 [docker-java-stream--645825463] DEBUG com.github.dockerjava.zerodep.shaded.org.apache.hc.client5.http.wire - http-outgoing-1 >> "x-tc-sid: c2815888-2ad9-4d1b-b81d-ff10c2a3009c[\r][\n]"
2026-07-21 16:23:13.560 [docker-java-stream--645825463] DEBUG com.github.dockerjava.zerodep.shaded.org.apache.hc.client5.http.wire - http-outgoing-1 >> "User-Agent: tc-java/2.0.5[\r][\n]"
2026-07-21 16:23:13.560 [docker-java-stream--645825463] DEBUG com.github.dockerjava.zerodep.shaded.org.apache.hc.client5.http.wire - http-outgoing-1 >> "Accept-Encoding: gzip, x-gzip, deflate[\r][\n]"
2026-07-21 16:23:13.560 [docker-java-stream--645825463] DEBUG com.github.dockerjava.zerodep.shaded.org.apache.hc.client5.http.wire - http-outgoing-1 >> "Host: localhost:2375[\r][\n]"
2026-07-21 16:23:13.560 [docker-java-stream--645825463] DEBUG com.github.dockerjava.zerodep.shaded.org.apache.hc.client5.http.wire - http-outgoing-1 >> "Connection: keep-alive[\r][\n]"
2026-07-21 16:23:13.560 [docker-java-stream--645825463] DEBUG com.github.dockerjava.zerodep.shaded.org.apache.hc.client5.http.wire - http-outgoing-1 >> "[\r][\n]"
2026-07-21 16:23:13.561 [docker-java-stream--645825463] DEBUG com.github.dockerjava.zerodep.shaded.org.apache.hc.client5.http.wire - http-outgoing-1 << "HTTP/1.1 200 OK[\r][\n]"
2026-07-21 16:23:13.561 [docker-java-stream--645825463] DEBUG com.github.dockerjava.zerodep.shaded.org.apache.hc.client5.http.wire - http-outgoing-1 << "Api-Version: 1.54[\r][\n]"
2026-07-21 16:23:13.561 [docker-java-stream--645825463] DEBUG com.github.dockerjava.zerodep.shaded.org.apache.hc.client5.http.wire - http-outgoing-1 << "Content-Type: application/vnd.docker.multiplexed-stream[\r][\n]"
2026-07-21 16:23:13.561 [docker-java-stream--645825463] DEBUG com.github.dockerjava.zerodep.shaded.org.apache.hc.client5.http.wire - http-outgoing-1 << "Date: Tue, 21 Jul 2026 13:23:13 GMT[\r][\n]"
2026-07-21 16:23:13.561 [docker-java-stream--645825463] DEBUG com.github.dockerjava.zerodep.shaded.org.apache.hc.client5.http.wire - http-outgoing-1 << "Docker-Experimental: false[\r][\n]"
2026-07-21 16:23:13.561 [docker-java-stream--645825463] DEBUG com.github.dockerjava.zerodep.shaded.org.apache.hc.client5.http.wire - http-outgoing-1 << "Ostype: linux[\r][\n]"
2026-07-21 16:23:13.561 [docker-java-stream--645825463] DEBUG com.github.dockerjava.zerodep.shaded.org.apache.hc.client5.http.wire - http-outgoing-1 << "Server: Docker/29.5.3 (linux)[\r][\n]"
2026-07-21 16:23:13.561 [docker-java-stream--645825463] DEBUG com.github.dockerjava.zerodep.shaded.org.apache.hc.client5.http.wire - http-outgoing-1 << "Transfer-Encoding: chunked[\r][\n]"
2026-07-21 16:23:13.561 [docker-java-stream--645825463] DEBUG com.github.dockerjava.zerodep.shaded.org.apache.hc.client5.http.wire - http-outgoing-1 << "[\r][\n]"
2026-07-21 16:23:13.561 [docker-java-stream--645825463] DEBUG com.github.dockerjava.zerodep.shaded.org.apache.hc.client5.http.wire - http-outgoing-1 << "22[\r][\n]"
2026-07-21 16:23:13.562 [docker-java-stream--645825463] DEBUG com.github.dockerjava.zerodep.shaded.org.apache.hc.client5.http.wire - http-outgoing-1 << "[0x1][0x0][0x0][0x0][0x0][0x0][0x0][0x1a]CONTAINER: starting up...[\n]"
2026-07-21 16:23:13.562 [docker-java-stream--645825463] DEBUG com.github.dockerjava.zerodep.shaded.org.apache.hc.client5.http.wire - http-outgoing-1 << "[\r][\n]"
2026-07-21 16:23:13.562 [docker-java-stream--645825463] DEBUG com.github.dockerjava.zerodep.shaded.org.apache.hc.client5.http.headers - http-outgoing-1 << HTTP/1.1 200 OK
2026-07-21 16:23:13.562 [docker-java-stream--645825463] DEBUG com.github.dockerjava.zerodep.shaded.org.apache.hc.client5.http.headers - http-outgoing-1 << Api-Version: 1.54
2026-07-21 16:23:13.562 [docker-java-stream--645825463] DEBUG com.github.dockerjava.zerodep.shaded.org.apache.hc.client5.http.headers - http-outgoing-1 << Content-Type: application/vnd.docker.multiplexed-stream
2026-07-21 16:23:13.562 [docker-java-stream--645825463] DEBUG com.github.dockerjava.zerodep.shaded.org.apache.hc.client5.http.headers - http-outgoing-1 << Date: Tue, 21 Jul 2026 13:23:13 GMT
2026-07-21 16:23:13.562 [docker-java-stream--645825463] DEBUG com.github.dockerjava.zerodep.shaded.org.apache.hc.client5.http.headers - http-outgoing-1 << Docker-Experimental: false
2026-07-21 16:23:13.562 [docker-java-stream--645825463] DEBUG com.github.dockerjava.zerodep.shaded.org.apache.hc.client5.http.headers - http-outgoing-1 << Ostype: linux
2026-07-21 16:23:13.562 [docker-java-stream--645825463] DEBUG com.github.dockerjava.zerodep.shaded.org.apache.hc.client5.http.headers - http-outgoing-1 << Server: Docker/29.5.3 (linux)
2026-07-21 16:23:13.562 [docker-java-stream--645825463] DEBUG com.github.dockerjava.zerodep.shaded.org.apache.hc.client5.http.headers - http-outgoing-1 << Transfer-Encoding: chunked
2026-07-21 16:23:13.562 [docker-java-stream--645825463] DEBUG com.github.dockerjava.zerodep.shaded.org.apache.hc.client5.http.impl.classic.MainClientExec - ex-0000000016 connection can be kept alive for 3 MINUTES
2026-07-21 16:23:13.562 [main] DEBUG org.testcontainers.containers.output.WaitingConsumer - STDOUT: CONTAINER: starting up...
2026-07-21 16:23:13.565 [docker-java-stream--645825463] DEBUG com.github.dockerjava.zerodep.shaded.org.apache.hc.client5.http.wire - http-outgoing-1 << "3b[\r][\n]"
2026-07-21 16:23:13.566 [docker-java-stream--645825463] DEBUG com.github.dockerjava.zerodep.shaded.org.apache.hc.client5.http.wire - http-outgoing-1 << "[0x1][0x0][0x0][0x0][0x0][0x0][0x0]3CONTAINER: first database startup, initializing...[\n]"
2026-07-21 16:23:13.566 [docker-java-stream--645825463] DEBUG com.github.dockerjava.zerodep.shaded.org.apache.hc.client5.http.wire - http-outgoing-1 << "[\r][\n]"
2026-07-21 16:23:13.573 [main] DEBUG org.testcontainers.containers.output.WaitingConsumer - STDOUT: CONTAINER: first database startup, initializing...
2026-07-21 16:23:13.589 [docker-java-stream--645825463] DEBUG com.github.dockerjava.zerodep.shaded.org.apache.hc.client5.http.wire - http-outgoing-1 << "32[\r][\n]"
2026-07-21 16:23:13.589 [docker-java-stream--645825463] DEBUG com.github.dockerjava.zerodep.shaded.org.apache.hc.client5.http.wire - http-outgoing-1 << "[0x1][0x0][0x0][0x0][0x0][0x0][0x0]*CONTAINER: starting up Oracle Database...[\n]"
2026-07-21 16:23:13.589 [docker-java-stream--645825463] DEBUG com.github.dockerjava.zerodep.shaded.org.apache.hc.client5.http.wire - http-outgoing-1 << "[\r][\n]"
2026-07-21 16:23:13.589 [main] DEBUG org.testcontainers.containers.output.WaitingConsumer - STDOUT: CONTAINER: starting up Oracle Database...
2026-07-21 16:23:13.593 [docker-java-stream--645825463] DEBUG com.github.dockerjava.zerodep.shaded.org.apache.hc.client5.http.wire - http-outgoing-1 << "ae[\r][\n]"
2026-07-21 16:23:13.593 [docker-java-stream--645825463] DEBUG com.github.dockerjava.zerodep.shaded.org.apache.hc.client5.http.wire - http-outgoing-1 << "[0x1][0x0][0x0][0x0][0x0][0x0][0x0][0x1][\n]"
2026-07-21 16:23:13.593 [docker-java-stream--645825463] DEBUG com.github.dockerjava.zerodep.shaded.org.apache.hc.client5.http.wire - http-outgoing-1 << "[0x1][0x0][0x0][0x0][0x0][0x0][0x0]KLSNRCTL for Linux: Version 23.0.0.0.0 - Production on 21-JUL-2026 13:23:13[\n]"
2026-07-21 16:23:13.593 [docker-java-stream--645825463] DEBUG com.github.dockerjava.zerodep.shaded.org.apache.hc.client5.http.wire - http-outgoing-1 << "[0x1][0x0][0x0][0x0][0x0][0x0][0x0][0x1][\n]"
2026-07-21 16:23:13.593 [docker-java-stream--645825463] DEBUG com.github.dockerjava.zerodep.shaded.org.apache.hc.client5.http.wire - http-outgoing-1 << "[0x1][0x0][0x0][0x0][0x0][0x0][0x0]8Copyright (c) 1991, 2025, Oracle.  All rights reserved.[\n]"
2026-07-21 16:23:13.593 [docker-java-stream--645825463] DEBUG com.github.dockerjava.zerodep.shaded.org.apache.hc.client5.http.wire - http-outgoing-1 << "[0x1][0x0][0x0][0x0][0x0][0x0][0x0][0x1][\n]"
2026-07-21 16:23:13.593 [docker-java-stream--645825463] DEBUG com.github.dockerjava.zerodep.shaded.org.apache.hc.client5.http.wire - http-outgoing-1 << "[\r][\n]"
2026-07-21 16:23:13.595 [docker-java-stream--645825463] DEBUG com.github.dockerjava.zerodep.shaded.org.apache.hc.client5.http.wire - http-outgoing-1 << "5a[\r][\n]"
2026-07-21 16:23:13.595 [docker-java-stream--645825463] DEBUG com.github.dockerjava.zerodep.shaded.org.apache.hc.client5.http.wire - http-outgoing-1 << "[0x1][0x0][0x0][0x0][0x0][0x0][0x0]IStarting /opt/oracle/product/23ai/dbhomeFree/bin/tnslsnr: please wait...[\n]"
2026-07-21 16:23:13.595 [docker-java-stream--645825463] DEBUG com.github.dockerjava.zerodep.shaded.org.apache.hc.client5.http.wire - http-outgoing-1 << "[0x1][0x0][0x0][0x0][0x0][0x0][0x0][0x1][\n]"
2026-07-21 16:23:13.595 [docker-java-stream--645825463] DEBUG com.github.dockerjava.zerodep.shaded.org.apache.hc.client5.http.wire - http-outgoing-1 << "[\r][\n]"
2026-07-21 16:23:13.600 [main] DEBUG org.testcontainers.containers.output.WaitingConsumer - STDOUT: 
2026-07-21 16:23:13.600 [main] DEBUG org.testcontainers.containers.output.WaitingConsumer - STDOUT: Starting /opt/oracle/product/23ai/dbhomeFree/bin/tnslsnr: please wait...
2026-07-21 16:23:13.600 [main] DEBUG org.testcontainers.containers.output.WaitingConsumer - STDOUT: 
2026-07-21 16:23:13.600 [main] DEBUG org.testcontainers.containers.output.WaitingConsumer - STDOUT: Copyright (c) 1991, 2025, Oracle.  All rights reserved.
2026-07-21 16:23:13.600 [main] DEBUG org.testcontainers.containers.output.WaitingConsumer - STDOUT: 
2026-07-21 16:23:13.600 [main] DEBUG org.testcontainers.containers.output.WaitingConsumer - STDOUT: LSNRCTL for Linux: Version 23.0.0.0.0 - Production on 21-JUL-2026 13:23:13
2026-07-21 16:23:13.600 [main] DEBUG org.testcontainers.containers.output.WaitingConsumer - STDOUT: 
2026-07-21 16:23:13.674 [docker-java-stream--645825463] DEBUG com.github.dockerjava.zerodep.shaded.org.apache.hc.client5.http.wire - http-outgoing-1 << "1fd[\r][\n]"
2026-07-21 16:23:13.674 [docker-java-stream--645825463] DEBUG com.github.dockerjava.zerodep.shaded.org.apache.hc.client5.http.wire - http-outgoing-1 << "[0x1][0x0][0x0][0x0][0x0][0x0][0x0]3TNSLSNR for Linux: Version 23.0.0.0.0 - Production[\n]"
2026-07-21 16:23:13.674 [docker-java-stream--645825463] DEBUG com.github.dockerjava.zerodep.shaded.org.apache.hc.client5.http.wire - http-outgoing-1 << "[0x1][0x0][0x0][0x0][0x0][0x0][0x0]XSystem parameter file is /opt/oracle/product/23ai/dbhomeFree/network/admin/listener.ora[\n]"
2026-07-21 16:23:13.674 [docker-java-stream--645825463] DEBUG com.github.dockerjava.zerodep.shaded.org.apache.hc.client5.http.wire - http-outgoing-1 << "[0x1][0x0][0x0][0x0][0x0][0x0][0x0]ULog messages written to /opt/oracle/diag/tnslsnr/4e9ba704eaff/listener/alert/log.xml[\n]"
2026-07-21 16:23:13.674 [docker-java-stream--645825463] DEBUG com.github.dockerjava.zerodep.shaded.org.apache.hc.client5.http.wire - http-outgoing-1 << "[0x1][0x0][0x0][0x0][0x0][0x0][0x0]KListening on: (DESCRIPTION=(ADDRESS=(PROTOCOL=ipc)(KEY=EXTPROC_FOR_FREE)))[\n]"
2026-07-21 16:23:13.674 [docker-java-stream--645825463] DEBUG com.github.dockerjava.zerodep.shaded.org.apache.hc.client5.http.wire - http-outgoing-1 << "[0x1][0x0][0x0][0x0][0x0][0x0][0x0]NListening on: (DESCRIPTION=(ADDRESS=(PROTOCOL=tcp)(HOST=0.0.0.0)(PORT=1521)))[\n]"
2026-07-21 16:23:13.674 [docker-java-stream--645825463] DEBUG com.github.dockerjava.zerodep.shaded.org.apache.hc.client5.http.wire - http-outgoing-1 << "[0x1][0x0][0x0][0x0][0x0][0x0][0x0][0x1][\n]"
2026-07-21 16:23:13.674 [docker-java-stream--645825463] DEBUG com.github.dockerjava.zerodep.shaded.org.apache.hc.client5.http.wire - http-outgoing-1 << "[0x1][0x0][0x0][0x0][0x0][0x0][0x0]KConnecting to (DESCRIPTION=(ADDRESS=(PROTOCOL=IPC)(KEY=EXTPROC_FOR_FREE)))[\n]"
2026-07-21 16:23:13.674 [docker-java-stream--645825463] DEBUG com.github.dockerjava.zerodep.shaded.org.apache.hc.client5.http.wire - http-outgoing-1 << "[\r][\n]"
2026-07-21 16:23:13.674 [docker-java-stream--645825463] DEBUG com.github.dockerjava.zerodep.shaded.org.apache.hc.client5.http.wire - http-outgoing-1 << "3b1[\r][\n]"
2026-07-21 16:23:13.674 [main] DEBUG org.testcontainers.containers.output.WaitingConsumer - STDOUT: Log messages written to /opt/oracle/diag/tnslsnr/4e9ba704eaff/listener/alert/log.xml
2026-07-21 16:23:13.674 [docker-java-stream--645825463] DEBUG com.github.dockerjava.zerodep.shaded.org.apache.hc.client5.http.wire - http-outgoing-1 << "[0x1][0x0][0x0][0x0][0x0][0x0][0x0][0x17]STATUS of the LISTENER[\n]"
2026-07-21 16:23:13.675 [main] DEBUG org.testcontainers.containers.output.WaitingConsumer - STDOUT: Connecting to (DESCRIPTION=(ADDRESS=(PROTOCOL=IPC)(KEY=EXTPROC_FOR_FREE)))
2026-07-21 16:23:13.675 [docker-java-stream--645825463] DEBUG com.github.dockerjava.zerodep.shaded.org.apache.hc.client5.http.wire - http-outgoing-1 << "[0x1][0x0][0x0][0x0][0x0][0x0][0x0][0x19]------------------------[\n]"
2026-07-21 16:23:13.675 [main] DEBUG org.testcontainers.containers.output.WaitingConsumer - STDOUT: 
2026-07-21 16:23:13.675 [docker-java-stream--645825463] DEBUG com.github.dockerjava.zerodep.shaded.org.apache.hc.client5.http.wire - http-outgoing-1 << "[0x1][0x0][0x0][0x0][0x0][0x0][0x0]#Alias                     LISTENER[\n]"
2026-07-21 16:23:13.675 [main] DEBUG org.testcontainers.containers.output.WaitingConsumer - STDOUT: Listening on: (DESCRIPTION=(ADDRESS=(PROTOCOL=tcp)(HOST=0.0.0.0)(PORT=1521)))
2026-07-21 16:23:13.675 [docker-java-stream--645825463] DEBUG com.github.dockerjava.zerodep.shaded.org.apache.hc.client5.http.wire - http-outgoing-1 << "[0x1][0x0][0x0][0x0][0x0][0x0][0x0]MVersion                   TNSLSNR for Linux: Version 23.0.0.0.0 - Production[\n]"
2026-07-21 16:23:13.675 [docker-java-stream--645825463] DEBUG com.github.dockerjava.zerodep.shaded.org.apache.hc.client5.http.wire - http-outgoing-1 << "[0x1][0x0][0x0][0x0][0x0][0x0][0x0]/Start Date                21-JUL-2026 13:23:13[\n]"
2026-07-21 16:23:13.675 [main] DEBUG org.testcontainers.containers.output.WaitingConsumer - STDOUT: Listening on: (DESCRIPTION=(ADDRESS=(PROTOCOL=ipc)(KEY=EXTPROC_FOR_FREE)))
2026-07-21 16:23:13.675 [docker-java-stream--645825463] DEBUG com.github.dockerjava.zerodep.shaded.org.apache.hc.client5.http.wire - http-outgoing-1 << "[0x1][0x0][0x0][0x0][0x0][0x0][0x0]4Uptime                    0 days 0 hr. 0 min. 0 sec[\n]"
2026-07-21 16:23:13.675 [docker-java-stream--645825463] DEBUG com.github.dockerjava.zerodep.shaded.org.apache.hc.client5.http.wire - http-outgoing-1 << "[0x1][0x0][0x0][0x0][0x0][0x0][0x0][0x1e]Trace Level               off[\n]"
2026-07-21 16:23:13.675 [main] DEBUG org.testcontainers.containers.output.WaitingConsumer - STDOUT: System parameter file is /opt/oracle/product/23ai/dbhomeFree/network/admin/listener.ora
2026-07-21 16:23:13.675 [docker-java-stream--645825463] DEBUG com.github.dockerjava.zerodep.shaded.org.apache.hc.client5.http.wire - http-outgoing-1 << "[0x1][0x0][0x0][0x0][0x0][0x0][0x0]6Security                  ON: Local OS Authentication[\n]"
2026-07-21 16:23:13.675 [docker-java-stream--645825463] DEBUG com.github.dockerjava.zerodep.shaded.org.apache.hc.client5.http.wire - http-outgoing-1 << "[0x1][0x0][0x0][0x0][0x0][0x0][0x0][0x1e]SNMP                      OFF[\n]"
2026-07-21 16:23:13.675 [main] DEBUG org.testcontainers.containers.output.WaitingConsumer - STDOUT: TNSLSNR for Linux: Version 23.0.0.0.0 - Production
2026-07-21 16:23:13.675 [docker-java-stream--645825463] DEBUG com.github.dockerjava.zerodep.shaded.org.apache.hc.client5.http.wire - http-outgoing-1 << "[0x1][0x0][0x0][0x0][0x0][0x0][0x0][0x1f]Default Service           FREE[\n]"
2026-07-21 16:23:13.675 [docker-java-stream--645825463] DEBUG com.github.dockerjava.zerodep.shaded.org.apache.hc.client5.http.wire - http-outgoing-1 << "[0x1][0x0][0x0][0x0][0x0][0x0][0x0]YListener Parameter File   /opt/oracle/product/23ai/dbhomeFree/network/admin/listener.ora[\n]"
2026-07-21 16:23:13.675 [docker-java-stream--645825463] DEBUG com.github.dockerjava.zerodep.shaded.org.apache.hc.client5.http.wire - http-outgoing-1 << "[0x1][0x0][0x0][0x0][0x0][0x0][0x0]WListener Log File         /opt/oracle/diag/tnslsnr/4e9ba704eaff/listener/alert/log.xml[\n]"
2026-07-21 16:23:13.675 [docker-java-stream--645825463] DEBUG com.github.dockerjava.zerodep.shaded.org.apache.hc.client5.http.wire - http-outgoing-1 << "[0x1][0x0][0x0][0x0][0x0][0x0][0x0][0x1f]Listening Endpoints Summary...[\n]"
2026-07-21 16:23:13.675 [docker-java-stream--645825463] DEBUG com.github.dockerjava.zerodep.shaded.org.apache.hc.client5.http.wire - http-outgoing-1 << "[0x1][0x0][0x0][0x0][0x0][0x0][0x0]?  (DESCRIPTION=(ADDRESS=(PROTOCOL=ipc)(KEY=EXTPROC_FOR_FREE)))[\n]"
2026-07-21 16:23:13.675 [docker-java-stream--645825463] DEBUG com.github.dockerjava.zerodep.shaded.org.apache.hc.client5.http.wire - http-outgoing-1 << "[0x1][0x0][0x0][0x0][0x0][0x0][0x0]B  (DESCRIPTION=(ADDRESS=(PROTOCOL=tcp)(HOST=0.0.0.0)(PORT=1521)))[\n]"
2026-07-21 16:23:13.675 [docker-java-stream--645825463] DEBUG com.github.dockerjava.zerodep.shaded.org.apache.hc.client5.http.wire - http-outgoing-1 << "[0x1][0x0][0x0][0x0][0x0][0x0][0x0]"The listener supports no services[\n]"
2026-07-21 16:23:13.675 [docker-java-stream--645825463] DEBUG com.github.dockerjava.zerodep.shaded.org.apache.hc.client5.http.wire - http-outgoing-1 << "[0x1][0x0][0x0][0x0][0x0][0x0][0x0]#The command completed successfully[\n]"
2026-07-21 16:23:13.675 [docker-java-stream--645825463] DEBUG com.github.dockerjava.zerodep.shaded.org.apache.hc.client5.http.wire - http-outgoing-1 << "[\r][\n]"
2026-07-21 16:23:13.686 [main] DEBUG org.testcontainers.containers.output.WaitingConsumer - STDOUT: The command completed successfully
2026-07-21 16:23:13.686 [main] DEBUG org.testcontainers.containers.output.WaitingConsumer - STDOUT: The listener supports no services
2026-07-21 16:23:13.686 [main] DEBUG org.testcontainers.containers.output.WaitingConsumer - STDOUT:   (DESCRIPTION=(ADDRESS=(PROTOCOL=tcp)(HOST=0.0.0.0)(PORT=1521)))
2026-07-21 16:23:13.686 [main] DEBUG org.testcontainers.containers.output.WaitingConsumer - STDOUT:   (DESCRIPTION=(ADDRESS=(PROTOCOL=ipc)(KEY=EXTPROC_FOR_FREE)))
2026-07-21 16:23:13.686 [main] DEBUG org.testcontainers.containers.output.WaitingConsumer - STDOUT: Listening Endpoints Summary...
2026-07-21 16:23:13.686 [main] DEBUG org.testcontainers.containers.output.WaitingConsumer - STDOUT: Listener Log File         /opt/oracle/diag/tnslsnr/4e9ba704eaff/listener/alert/log.xml
2026-07-21 16:23:13.686 [main] DEBUG org.testcontainers.containers.output.WaitingConsumer - STDOUT: Listener Parameter File   /opt/oracle/product/23ai/dbhomeFree/network/admin/listener.ora
2026-07-21 16:23:13.686 [main] DEBUG org.testcontainers.containers.output.WaitingConsumer - STDOUT: Default Service           FREE
2026-07-21 16:23:13.686 [main] DEBUG org.testcontainers.containers.output.WaitingConsumer - STDOUT: SNMP                      OFF
2026-07-21 16:23:13.686 [main] DEBUG org.testcontainers.containers.output.WaitingConsumer - STDOUT: Security                  ON: Local OS Authentication
2026-07-21 16:23:13.686 [main] DEBUG org.testcontainers.containers.output.WaitingConsumer - STDOUT: Trace Level               off
2026-07-21 16:23:13.686 [main] DEBUG org.testcontainers.containers.output.WaitingConsumer - STDOUT: Uptime                    0 days 0 hr. 0 min. 0 sec
2026-07-21 16:23:13.686 [main] DEBUG org.testcontainers.containers.output.WaitingConsumer - STDOUT: Start Date                21-JUL-2026 13:23:13
2026-07-21 16:23:13.686 [main] DEBUG org.testcontainers.containers.output.WaitingConsumer - STDOUT: Version                   TNSLSNR for Linux: Version 23.0.0.0.0 - Production
2026-07-21 16:23:13.686 [main] DEBUG org.testcontainers.containers.output.WaitingConsumer - STDOUT: Alias                     LISTENER
2026-07-21 16:23:13.686 [main] DEBUG org.testcontainers.containers.output.WaitingConsumer - STDOUT: ------------------------
2026-07-21 16:23:13.686 [main] DEBUG org.testcontainers.containers.output.WaitingConsumer - STDOUT: STATUS of the LISTENER
2026-07-21 16:23:15.415 [docker-java-stream--645825463] DEBUG com.github.dockerjava.zerodep.shaded.org.apache.hc.client5.http.wire - http-outgoing-1 << "21[\r][\n]"
2026-07-21 16:23:15.415 [docker-java-stream--645825463] DEBUG com.github.dockerjava.zerodep.shaded.org.apache.hc.client5.http.wire - http-outgoing-1 << "[0x1][0x0][0x0][0x0][0x0][0x0][0x0][0x19]ORACLE instance started.[\n]"
2026-07-21 16:23:15.415 [docker-java-stream--645825463] DEBUG com.github.dockerjava.zerodep.shaded.org.apache.hc.client5.http.wire - http-outgoing-1 << "[\r][\n]"
2026-07-21 16:23:15.415 [main] DEBUG org.testcontainers.containers.output.WaitingConsumer - STDOUT: ORACLE instance started.
2026-07-21 16:23:15.423 [docker-java-stream--645825463] DEBUG com.github.dockerjava.zerodep.shaded.org.apache.hc.client5.http.wire - http-outgoing-1 << "dd[\r][\n]"
2026-07-21 16:23:15.423 [docker-java-stream--645825463] DEBUG com.github.dockerjava.zerodep.shaded.org.apache.hc.client5.http.wire - http-outgoing-1 << "[0x1][0x0][0x0][0x0][0x0][0x0][0x0][0x1][\n]"
2026-07-21 16:23:15.423 [docker-java-stream--645825463] DEBUG com.github.dockerjava.zerodep.shaded.org.apache.hc.client5.http.wire - http-outgoing-1 << "[0x1][0x0][0x0][0x0][0x0][0x0][0x0]*Total System Global Area 1603293992 bytes[\n]"
2026-07-21 16:23:15.423 [docker-java-stream--645825463] DEBUG com.github.dockerjava.zerodep.shaded.org.apache.hc.client5.http.wire - http-outgoing-1 << "[0x1][0x0][0x0][0x0][0x0][0x0][0x0][0x1e]Fixed Size[0x9][0x9]    4928296 bytes[\n]"
2026-07-21 16:23:15.423 [docker-java-stream--645825463] DEBUG com.github.dockerjava.zerodep.shaded.org.apache.hc.client5.http.wire - http-outgoing-1 << "[0x1][0x0][0x0][0x0][0x0][0x0][0x0]!Variable Size[0x9][0x9]  654311424 bytes[\n]"
2026-07-21 16:23:15.423 [docker-java-stream--645825463] DEBUG com.github.dockerjava.zerodep.shaded.org.apache.hc.client5.http.wire - http-outgoing-1 << "[0x1][0x0][0x0][0x0][0x0][0x0][0x0]#Database Buffers[0x9]  939524096 bytes[\n]"
2026-07-21 16:23:15.423 [docker-java-stream--645825463] DEBUG com.github.dockerjava.zerodep.shaded.org.apache.hc.client5.http.wire - http-outgoing-1 << "[0x1][0x0][0x0][0x0][0x0][0x0][0x0] Redo Buffers[0x9][0x9]    4530176 bytes[\n]"
2026-07-21 16:23:15.423 [docker-java-stream--645825463] DEBUG com.github.dockerjava.zerodep.shaded.org.apache.hc.client5.http.wire - http-outgoing-1 << "[\r][\n]"
2026-07-21 16:23:15.426 [main] DEBUG org.testcontainers.containers.output.WaitingConsumer - STDOUT: Redo Buffers		    4530176 bytes
2026-07-21 16:23:15.426 [main] DEBUG org.testcontainers.containers.output.WaitingConsumer - STDOUT: Database Buffers	  939524096 bytes
2026-07-21 16:23:15.426 [main] DEBUG org.testcontainers.containers.output.WaitingConsumer - STDOUT: Variable Size		  654311424 bytes
2026-07-21 16:23:15.426 [main] DEBUG org.testcontainers.containers.output.WaitingConsumer - STDOUT: Fixed Size		    4928296 bytes
2026-07-21 16:23:15.426 [main] DEBUG org.testcontainers.containers.output.WaitingConsumer - STDOUT: Total System Global Area 1603293992 bytes
2026-07-21 16:23:15.426 [main] DEBUG org.testcontainers.containers.output.WaitingConsumer - STDOUT: 
2026-07-21 16:23:15.534 [docker-java-stream--645825463] DEBUG com.github.dockerjava.zerodep.shaded.org.apache.hc.client5.http.wire - http-outgoing-1 << "1a[\r][\n]"
2026-07-21 16:23:15.534 [docker-java-stream--645825463] DEBUG com.github.dockerjava.zerodep.shaded.org.apache.hc.client5.http.wire - http-outgoing-1 << "[0x1][0x0][0x0][0x0][0x0][0x0][0x0][0x12]Database mounted.[\n]"
2026-07-21 16:23:15.534 [docker-java-stream--645825463] DEBUG com.github.dockerjava.zerodep.shaded.org.apache.hc.client5.http.wire - http-outgoing-1 << "[\r][\n]"
2026-07-21 16:23:15.534 [main] DEBUG org.testcontainers.containers.output.WaitingConsumer - STDOUT: Database mounted.
2026-07-21 16:23:19.996 [docker-java-stream--645825463] DEBUG com.github.dockerjava.zerodep.shaded.org.apache.hc.client5.http.wire - http-outgoing-1 << "19[\r][\n]"
2026-07-21 16:23:19.997 [docker-java-stream--645825463] DEBUG com.github.dockerjava.zerodep.shaded.org.apache.hc.client5.http.wire - http-outgoing-1 << "[0x1][0x0][0x0][0x0][0x0][0x0][0x0][0x11]Database opened.[\n]"
2026-07-21 16:23:19.997 [docker-java-stream--645825463] DEBUG com.github.dockerjava.zerodep.shaded.org.apache.hc.client5.http.wire - http-outgoing-1 << "[\r][\n]"
2026-07-21 16:23:19.997 [main] DEBUG org.testcontainers.containers.output.WaitingConsumer - STDOUT: Database opened.
2026-07-21 16:23:19.999 [docker-java-stream--645825463] DEBUG com.github.dockerjava.zerodep.shaded.org.apache.hc.client5.http.wire - http-outgoing-1 << "9[\r][\n]"
2026-07-21 16:23:19.999 [docker-java-stream--645825463] DEBUG com.github.dockerjava.zerodep.shaded.org.apache.hc.client5.http.wire - http-outgoing-1 << "[0x1][0x0][0x0][0x0][0x0][0x0][0x0][0x1][\n]"
2026-07-21 16:23:19.999 [docker-java-stream--645825463] DEBUG com.github.dockerjava.zerodep.shaded.org.apache.hc.client5.http.wire - http-outgoing-1 << "[\r][\n]"
2026-07-21 16:23:20.010 [main] DEBUG org.testcontainers.containers.output.WaitingConsumer - STDOUT: 
2026-07-21 16:23:20.063 [docker-java-stream--645825463] DEBUG com.github.dockerjava.zerodep.shaded.org.apache.hc.client5.http.wire - http-outgoing-1 << "37[\r][\n]"
2026-07-21 16:23:20.063 [docker-java-stream--645825463] DEBUG com.github.dockerjava.zerodep.shaded.org.apache.hc.client5.http.wire - http-outgoing-1 << "[0x1][0x0][0x0][0x0][0x0][0x0][0x0]/CONTAINER: Resetting SYS and SYSTEM passwords.[\n]"
2026-07-21 16:23:20.063 [docker-java-stream--645825463] DEBUG com.github.dockerjava.zerodep.shaded.org.apache.hc.client5.http.wire - http-outgoing-1 << "[\r][\n]"
2026-07-21 16:23:20.063 [main] DEBUG org.testcontainers.containers.output.WaitingConsumer - STDOUT: CONTAINER: Resetting SYS and SYSTEM passwords.
2026-07-21 16:23:20.138 [docker-java-stream--645825463] DEBUG com.github.dockerjava.zerodep.shaded.org.apache.hc.client5.http.wire - http-outgoing-1 << "28[\r][\n]"
2026-07-21 16:23:20.139 [docker-java-stream--645825463] DEBUG com.github.dockerjava.zerodep.shaded.org.apache.hc.client5.http.wire - http-outgoing-1 << "[0x1][0x0][0x0][0x0][0x0][0x0][0x0][0x1][\n]"
2026-07-21 16:23:20.139 [docker-java-stream--645825463] DEBUG com.github.dockerjava.zerodep.shaded.org.apache.hc.client5.http.wire - http-outgoing-1 << "[0x1][0x0][0x0][0x0][0x0][0x0][0x0][0xe]User altered.[\n]"
2026-07-21 16:23:20.139 [docker-java-stream--645825463] DEBUG com.github.dockerjava.zerodep.shaded.org.apache.hc.client5.http.wire - http-outgoing-1 << "[0x1][0x0][0x0][0x0][0x0][0x0][0x0][0x1][\n]"
2026-07-21 16:23:20.139 [docker-java-stream--645825463] DEBUG com.github.dockerjava.zerodep.shaded.org.apache.hc.client5.http.wire - http-outgoing-1 << "[\r][\n]"
2026-07-21 16:23:20.139 [main] DEBUG org.testcontainers.containers.output.WaitingConsumer - STDOUT: 
2026-07-21 16:23:20.139 [main] DEBUG org.testcontainers.containers.output.WaitingConsumer - STDOUT: User altered.
2026-07-21 16:23:20.139 [main] DEBUG org.testcontainers.containers.output.WaitingConsumer - STDOUT: 
2026-07-21 16:23:20.148 [docker-java-stream--645825463] DEBUG com.github.dockerjava.zerodep.shaded.org.apache.hc.client5.http.wire - http-outgoing-1 << "28[\r][\n]"
2026-07-21 16:23:20.148 [docker-java-stream--645825463] DEBUG com.github.dockerjava.zerodep.shaded.org.apache.hc.client5.http.wire - http-outgoing-1 << "[0x1][0x0][0x0][0x0][0x0][0x0][0x0][0x1][\n]"
2026-07-21 16:23:20.148 [docker-java-stream--645825463] DEBUG com.github.dockerjava.zerodep.shaded.org.apache.hc.client5.http.wire - http-outgoing-1 << "[0x1][0x0][0x0][0x0][0x0][0x0][0x0][0xe]User altered.[\n]"
2026-07-21 16:23:20.148 [docker-java-stream--645825463] DEBUG com.github.dockerjava.zerodep.shaded.org.apache.hc.client5.http.wire - http-outgoing-1 << "[0x1][0x0][0x0][0x0][0x0][0x0][0x0][0x1][\n]"
2026-07-21 16:23:20.148 [docker-java-stream--645825463] DEBUG com.github.dockerjava.zerodep.shaded.org.apache.hc.client5.http.wire - http-outgoing-1 << "[\r][\n]"
2026-07-21 16:23:20.149 [main] DEBUG org.testcontainers.containers.output.WaitingConsumer - STDOUT: 
2026-07-21 16:23:20.149 [main] DEBUG org.testcontainers.containers.output.WaitingConsumer - STDOUT: User altered.
2026-07-21 16:23:20.149 [main] DEBUG org.testcontainers.containers.output.WaitingConsumer - STDOUT: 
2026-07-21 16:23:20.152 [docker-java-stream--645825463] DEBUG com.github.dockerjava.zerodep.shaded.org.apache.hc.client5.http.wire - http-outgoing-1 << "45[\r][\n]"
2026-07-21 16:23:20.152 [docker-java-stream--645825463] DEBUG com.github.dockerjava.zerodep.shaded.org.apache.hc.client5.http.wire - http-outgoing-1 << "[0x1][0x0][0x0][0x0][0x0][0x0][0x0]=CONTAINER: Creating app user for default pluggable database.[\n]"
2026-07-21 16:23:20.152 [docker-java-stream--645825463] DEBUG com.github.dockerjava.zerodep.shaded.org.apache.hc.client5.http.wire - http-outgoing-1 << "[\r][\n]"
2026-07-21 16:23:20.160 [main] DEBUG org.testcontainers.containers.output.WaitingConsumer - STDOUT: CONTAINER: Creating app user for default pluggable database.
2026-07-21 16:23:20.180 [docker-java-stream--645825463] DEBUG com.github.dockerjava.zerodep.shaded.org.apache.hc.client5.http.wire - http-outgoing-1 << "2b[\r][\n]"
2026-07-21 16:23:20.181 [docker-java-stream--645825463] DEBUG com.github.dockerjava.zerodep.shaded.org.apache.hc.client5.http.wire - http-outgoing-1 << "[0x1][0x0][0x0][0x0][0x0][0x0][0x0][0x1][\n]"
2026-07-21 16:23:20.181 [docker-java-stream--645825463] DEBUG com.github.dockerjava.zerodep.shaded.org.apache.hc.client5.http.wire - http-outgoing-1 << "[0x1][0x0][0x0][0x0][0x0][0x0][0x0][0x11]Session altered.[\n]"
2026-07-21 16:23:20.181 [docker-java-stream--645825463] DEBUG com.github.dockerjava.zerodep.shaded.org.apache.hc.client5.http.wire - http-outgoing-1 << "[0x1][0x0][0x0][0x0][0x0][0x0][0x0][0x1][\n]"
2026-07-21 16:23:20.181 [docker-java-stream--645825463] DEBUG com.github.dockerjava.zerodep.shaded.org.apache.hc.client5.http.wire - http-outgoing-1 << "[\r][\n]"
2026-07-21 16:23:20.181 [main] DEBUG org.testcontainers.containers.output.WaitingConsumer - STDOUT: 
2026-07-21 16:23:20.181 [main] DEBUG org.testcontainers.containers.output.WaitingConsumer - STDOUT: Session altered.
2026-07-21 16:23:20.181 [main] DEBUG org.testcontainers.containers.output.WaitingConsumer - STDOUT: 
2026-07-21 16:23:20.211 [docker-java-stream--645825463] DEBUG com.github.dockerjava.zerodep.shaded.org.apache.hc.client5.http.wire - http-outgoing-1 << "28[\r][\n]"
2026-07-21 16:23:20.211 [docker-java-stream--645825463] DEBUG com.github.dockerjava.zerodep.shaded.org.apache.hc.client5.http.wire - http-outgoing-1 << "[0x1][0x0][0x0][0x0][0x0][0x0][0x0][0x1][\n]"
2026-07-21 16:23:20.211 [docker-java-stream--645825463] DEBUG com.github.dockerjava.zerodep.shaded.org.apache.hc.client5.http.wire - http-outgoing-1 << "[0x1][0x0][0x0][0x0][0x0][0x0][0x0][0xe]User created.[\n]"
2026-07-21 16:23:20.211 [docker-java-stream--645825463] DEBUG com.github.dockerjava.zerodep.shaded.org.apache.hc.client5.http.wire - http-outgoing-1 << "[0x1][0x0][0x0][0x0][0x0][0x0][0x0][0x1][\n]"
2026-07-21 16:23:20.211 [docker-java-stream--645825463] DEBUG com.github.dockerjava.zerodep.shaded.org.apache.hc.client5.http.wire - http-outgoing-1 << "[\r][\n]"
2026-07-21 16:23:20.211 [main] DEBUG org.testcontainers.containers.output.WaitingConsumer - STDOUT: User created.
2026-07-21 16:23:20.211 [main] DEBUG org.testcontainers.containers.output.WaitingConsumer - STDOUT: 
2026-07-21 16:23:20.211 [main] DEBUG org.testcontainers.containers.output.WaitingConsumer - STDOUT: 
2026-07-21 16:23:20.214 [docker-java-stream--645825463] DEBUG com.github.dockerjava.zerodep.shaded.org.apache.hc.client5.http.wire - http-outgoing-1 << "2b[\r][\n]"
2026-07-21 16:23:20.215 [docker-java-stream--645825463] DEBUG com.github.dockerjava.zerodep.shaded.org.apache.hc.client5.http.wire - http-outgoing-1 << "[0x1][0x0][0x0][0x0][0x0][0x0][0x0][0x1][\n]"
2026-07-21 16:23:20.215 [docker-java-stream--645825463] DEBUG com.github.dockerjava.zerodep.shaded.org.apache.hc.client5.http.wire - http-outgoing-1 << "[0x1][0x0][0x0][0x0][0x0][0x0][0x0][0x11]Grant succeeded.[\n]"
2026-07-21 16:23:20.215 [docker-java-stream--645825463] DEBUG com.github.dockerjava.zerodep.shaded.org.apache.hc.client5.http.wire - http-outgoing-1 << "[0x1][0x0][0x0][0x0][0x0][0x0][0x0][0x1][\n]"
2026-07-21 16:23:20.215 [docker-java-stream--645825463] DEBUG com.github.dockerjava.zerodep.shaded.org.apache.hc.client5.http.wire - http-outgoing-1 << "[\r][\n]"
2026-07-21 16:23:20.217 [docker-java-stream--645825463] DEBUG com.github.dockerjava.zerodep.shaded.org.apache.hc.client5.http.wire - http-outgoing-1 << "4b[\r][\n]"
2026-07-21 16:23:20.217 [docker-java-stream--645825463] DEBUG com.github.dockerjava.zerodep.shaded.org.apache.hc.client5.http.wire - http-outgoing-1 << "[0x1][0x0][0x0][0x0][0x0][0x0][0x0]CCONTAINER: DONE: Creating app user for default pluggable database.[\n]"
2026-07-21 16:23:20.217 [docker-java-stream--645825463] DEBUG com.github.dockerjava.zerodep.shaded.org.apache.hc.client5.http.wire - http-outgoing-1 << "[\r][\n]"
2026-07-21 16:23:20.221 [main] DEBUG org.testcontainers.containers.output.WaitingConsumer - STDOUT: CONTAINER: DONE: Creating app user for default pluggable database.
2026-07-21 16:23:20.221 [main] DEBUG org.testcontainers.containers.output.WaitingConsumer - STDOUT: 
2026-07-21 16:23:20.221 [main] DEBUG org.testcontainers.containers.output.WaitingConsumer - STDOUT: Grant succeeded.
2026-07-21 16:23:20.221 [main] DEBUG org.testcontainers.containers.output.WaitingConsumer - STDOUT: 
2026-07-21 16:23:20.223 [docker-java-stream--645825463] DEBUG com.github.dockerjava.zerodep.shaded.org.apache.hc.client5.http.wire - http-outgoing-1 << "6f[\r][\n]"
2026-07-21 16:23:20.223 [docker-java-stream--645825463] DEBUG com.github.dockerjava.zerodep.shaded.org.apache.hc.client5.http.wire - http-outgoing-1 << "[0x1][0x0][0x0][0x0][0x0][0x0][0x0][0x1][\n]"
2026-07-21 16:23:20.223 [docker-java-stream--645825463] DEBUG com.github.dockerjava.zerodep.shaded.org.apache.hc.client5.http.wire - http-outgoing-1 << "[0x1][0x0][0x0][0x0][0x0][0x0][0x0][0x1a]#########################[\n]"
2026-07-21 16:23:20.223 [docker-java-stream--645825463] DEBUG com.github.dockerjava.zerodep.shaded.org.apache.hc.client5.http.wire - http-outgoing-1 << "[0x1][0x0][0x0][0x0][0x0][0x0][0x0][0x1a]DATABASE IS READY TO USE![\n]"
2026-07-21 16:23:20.223 [docker-java-stream--645825463] DEBUG com.github.dockerjava.zerodep.shaded.org.apache.hc.client5.http.wire - http-outgoing-1 << "[0x1][0x0][0x0][0x0][0x0][0x0][0x0][0x1a]#########################[\n]"
2026-07-21 16:23:20.223 [docker-java-stream--645825463] DEBUG com.github.dockerjava.zerodep.shaded.org.apache.hc.client5.http.wire - http-outgoing-1 << "[\r][\n]"
2026-07-21 16:23:20.225 [docker-java-stream--645825463] DEBUG com.github.dockerjava.zerodep.shaded.org.apache.hc.client5.http.wire - http-outgoing-1 << "f0[\r][\n]"
2026-07-21 16:23:20.225 [docker-java-stream--645825463] DEBUG com.github.dockerjava.zerodep.shaded.org.apache.hc.client5.http.wire - http-outgoing-1 << "[0x1][0x0][0x0][0x0][0x0][0x0][0x0][0x1][\n]"
2026-07-21 16:23:20.225 [docker-java-stream--645825463] DEBUG com.github.dockerjava.zerodep.shaded.org.apache.hc.client5.http.wire - http-outgoing-1 << "[0x1][0x0][0x0][0x0][0x0][0x0][0x0]E####################################################################[\n]"
2026-07-21 16:23:20.225 [docker-java-stream--645825463] DEBUG com.github.dockerjava.zerodep.shaded.org.apache.hc.client5.http.wire - http-outgoing-1 << "[0x1][0x0][0x0][0x0][0x0][0x0][0x0]ECONTAINER: The following output is now from the alert_FREE.log file:[\n]"
2026-07-21 16:23:20.225 [docker-java-stream--645825463] DEBUG com.github.dockerjava.zerodep.shaded.org.apache.hc.client5.http.wire - http-outgoing-1 << "[0x1][0x0][0x0][0x0][0x0][0x0][0x0]E####################################################################[\n]"
2026-07-21 16:23:20.225 [docker-java-stream--645825463] DEBUG com.github.dockerjava.zerodep.shaded.org.apache.hc.client5.http.wire - http-outgoing-1 << "[\r][\n]"
2026-07-21 16:23:20.225 [docker-java-stream--645825463] DEBUG com.github.dockerjava.zerodep.shaded.org.apache.hc.client5.http.wire - http-outgoing-1 << "299[\r][\n]"
2026-07-21 16:23:20.226 [docker-java-stream--645825463] DEBUG com.github.dockerjava.zerodep.shaded.org.apache.hc.client5.http.wire - http-outgoing-1 << "[0x1][0x0][0x0][0x0][0x0][0x0][0x0]E  Current log# 1 seq# 13 mem# 0: /opt/oracle/oradata/FREE/redo01.log[\n]"
2026-07-21 16:23:20.226 [docker-java-stream--645825463] DEBUG com.github.dockerjava.zerodep.shaded.org.apache.hc.client5.http.wire - http-outgoing-1 << "[0x1][0x0][0x0][0x0][0x0][0x0][0x0]!2026-07-21T13:23:19.654226+00:00[\n]"
2026-07-21 16:23:20.226 [docker-java-stream--645825463] DEBUG com.github.dockerjava.zerodep.shaded.org.apache.hc.client5.http.wire - http-outgoing-1 << "[0x1][0x0][0x0][0x0][0x0][0x0][0x0]JThread 1 advanced to log sequence 14 (LGWR switch),  current SCN: 2268406[\n]"
2026-07-21 16:23:20.226 [docker-java-stream--645825463] DEBUG com.github.dockerjava.zerodep.shaded.org.apache.hc.client5.http.wire - http-outgoing-1 << "[0x1][0x0][0x0][0x0][0x0][0x0][0x0]E  Current log# 2 seq# 14 mem# 0: /opt/oracle/oradata/FREE/redo02.log[\n]"
2026-07-21 16:23:20.226 [docker-java-stream--645825463] DEBUG com.github.dockerjava.zerodep.shaded.org.apache.hc.client5.http.wire - http-outgoing-1 << "[0x1][0x0][0x0][0x0][0x0][0x0][0x0]!2026-07-21T13:23:19.711733+00:00[\n]"
2026-07-21 16:23:20.226 [docker-java-stream--645825463] DEBUG com.github.dockerjava.zerodep.shaded.org.apache.hc.client5.http.wire - http-outgoing-1 << "[0x1][0x0][0x0][0x0][0x0][0x0][0x0]xResize operation completed for file# 18, fname /opt/oracle/oradata/FREE/undotbs01.dbf, old size 11264K, new size 21504K[\n]"
2026-07-21 16:23:20.226 [docker-java-stream--645825463] DEBUG com.github.dockerjava.zerodep.shaded.org.apache.hc.client5.http.wire - http-outgoing-1 << "[0x1][0x0][0x0][0x0][0x0][0x0][0x0]!2026-07-21T13:23:19.906876+00:00[\n]"
2026-07-21 16:23:20.226 [docker-java-stream--645825463] DEBUG com.github.dockerjava.zerodep.shaded.org.apache.hc.client5.http.wire - http-outgoing-1 << "[0x1][0x0][0x0][0x0][0x0][0x0][0x0]AFREEPDB1(3):Opening pdb with Resource Manager plan: DEFAULT_PLAN[\n]"
2026-07-21 16:23:20.226 [docker-java-stream--645825463] DEBUG com.github.dockerjava.zerodep.shaded.org.apache.hc.client5.http.wire - http-outgoing-1 << "[0x1][0x0][0x0][0x0][0x0][0x0][0x0]:Completed: Pluggable database FREEPDB1 opened read write [\n]"
2026-07-21 16:23:20.226 [docker-java-stream--645825463] DEBUG com.github.dockerjava.zerodep.shaded.org.apache.hc.client5.http.wire - http-outgoing-1 << "[0x1][0x0][0x0][0x0][0x0][0x0][0x0][0x1f]Completed: ALTER DATABASE OPEN[\n]"
2026-07-21 16:23:20.226 [docker-java-stream--645825463] DEBUG com.github.dockerjava.zerodep.shaded.org.apache.hc.client5.http.wire - http-outgoing-1 << "[\r][\n]"
2026-07-21 16:23:20.231 [main] DEBUG org.testcontainers.containers.output.WaitingConsumer - STDOUT: Completed: ALTER DATABASE OPEN
2026-07-21 16:23:20.232 [main] DEBUG org.testcontainers.containers.output.WaitingConsumer - STDOUT: Completed: Pluggable database FREEPDB1 opened read write 
2026-07-21 16:23:20.232 [main] DEBUG org.testcontainers.containers.output.WaitingConsumer - STDOUT: FREEPDB1(3):Opening pdb with Resource Manager plan: DEFAULT_PLAN
2026-07-21 16:23:20.232 [main] DEBUG org.testcontainers.containers.output.WaitingConsumer - STDOUT: 2026-07-21T13:23:19.906876+00:00
2026-07-21 16:23:20.232 [main] DEBUG org.testcontainers.containers.output.WaitingConsumer - STDOUT: Resize operation completed for file# 18, fname /opt/oracle/oradata/FREE/undotbs01.dbf, old size 11264K, new size 21504K
2026-07-21 16:23:20.232 [main] DEBUG org.testcontainers.containers.output.WaitingConsumer - STDOUT: 2026-07-21T13:23:19.711733+00:00
2026-07-21 16:23:20.232 [main] DEBUG org.testcontainers.containers.output.WaitingConsumer - STDOUT:   Current log# 2 seq# 14 mem# 0: /opt/oracle/oradata/FREE/redo02.log
2026-07-21 16:23:20.232 [main] DEBUG org.testcontainers.containers.output.WaitingConsumer - STDOUT: Thread 1 advanced to log sequence 14 (LGWR switch),  current SCN: 2268406
2026-07-21 16:23:20.232 [main] DEBUG org.testcontainers.containers.output.WaitingConsumer - STDOUT: 2026-07-21T13:23:19.654226+00:00
2026-07-21 16:23:20.232 [main] DEBUG org.testcontainers.containers.output.WaitingConsumer - STDOUT:   Current log# 1 seq# 13 mem# 0: /opt/oracle/oradata/FREE/redo01.log
2026-07-21 16:23:20.232 [main] DEBUG org.testcontainers.containers.output.WaitingConsumer - STDOUT: ####################################################################
2026-07-21 16:23:20.232 [main] DEBUG org.testcontainers.containers.output.WaitingConsumer - STDOUT: CONTAINER: The following output is now from the alert_FREE.log file:
2026-07-21 16:23:20.232 [main] DEBUG org.testcontainers.containers.output.WaitingConsumer - STDOUT: ####################################################################
2026-07-21 16:23:20.232 [main] DEBUG org.testcontainers.containers.output.WaitingConsumer - STDOUT: 
2026-07-21 16:23:20.232 [main] DEBUG org.testcontainers.containers.output.WaitingConsumer - STDOUT: #########################
2026-07-21 16:23:20.232 [main] DEBUG org.testcontainers.containers.output.WaitingConsumer - STDOUT: DATABASE IS READY TO USE!
2026-07-21 16:23:20.232 [main] DEBUG com.github.dockerjava.zerodep.shaded.org.apache.hc.client5.http.impl.classic.InternalHttpClient - ep-0000000016 cancel
2026-07-21 16:23:20.233 [docker-java-stream--645825463] DEBUG com.github.dockerjava.zerodep.shaded.org.apache.hc.client5.http.wire - http-outgoing-1 << "[read] I/O error: null"
2026-07-21 16:23:20.233 [main] DEBUG com.github.dockerjava.zerodep.shaded.org.apache.hc.client5.http.impl.io.DefaultManagedHttpClientConnection - http-outgoing-1 set socket timeout to 1 SECONDS
2026-07-21 16:23:20.233 [docker-java-stream--645825463] DEBUG com.github.dockerjava.zerodep.shaded.org.apache.hc.client5.http.wire - http-outgoing-1 << "[read] I/O error: null"
2026-07-21 16:23:20.233 [main] DEBUG com.github.dockerjava.zerodep.shaded.org.apache.hc.client5.http.impl.io.DefaultManagedHttpClientConnection - http-outgoing-1 close connection IMMEDIATE
2026-07-21 16:23:20.233 [main] DEBUG com.github.dockerjava.zerodep.shaded.org.apache.hc.client5.http.impl.classic.InternalHttpClient - ep-0000000016 endpoint closed
2026-07-21 16:23:20.233 [main] DEBUG com.github.dockerjava.zerodep.shaded.org.apache.hc.client5.http.impl.classic.InternalHttpClient - ep-0000000016 discarding endpoint
2026-07-21 16:23:20.233 [main] DEBUG com.github.dockerjava.zerodep.shaded.org.apache.hc.client5.http.impl.io.PoolingHttpClientConnectionManager - ep-0000000016 releasing endpoint
2026-07-21 16:23:20.233 [main] DEBUG com.github.dockerjava.zerodep.shaded.org.apache.hc.client5.http.impl.io.PoolingHttpClientConnectionManager - ep-0000000016 connection is not kept alive
2026-07-21 16:23:20.233 [main] DEBUG com.github.dockerjava.zerodep.shaded.org.apache.hc.client5.http.impl.io.PoolingHttpClientConnectionManager - ep-0000000016 connection released [route: {}->[unix://localhost:2375]][total available: 0; route allocated: 0 of 2147483647; total allocated: 0 of 2147483647]
2026-07-21 16:23:20.233 [main] INFO  tc.gvenzl/oracle-free:slim-faststart - Container gvenzl/oracle-free:slim-faststart started in PT6.807508S
2026-07-21 16:23:20.233 [docker-java-stream--645825463] DEBUG com.github.dockerjava.zerodep.ApacheDockerHttpClientImpl$ApacheResponse - Failed to close the response
java.nio.channels.ClosedChannelException: null
	at java.base/sun.nio.ch.SocketChannelImpl.ensureOpenAndConnected(SocketChannelImpl.java:222) ~[?:?]
	at java.base/sun.nio.ch.SocketChannelImpl.blockingRead(SocketChannelImpl.java:1311) ~[?:?]
	at java.base/sun.nio.ch.SocketInputStream.read(SocketInputStream.java:70) ~[?:?]
	at com.github.dockerjava.zerodep.shaded.org.apache.hc.client5.http.impl.io.LoggingInputStream.read(LoggingInputStream.java:83) ~[docker-java-transport-zerodep-3.7.1.jar:?]
	at com.github.dockerjava.zerodep.shaded.org.apache.hc.core5.http.impl.io.SessionInputBufferImpl.fillBuffer(SessionInputBufferImpl.java:149) ~[docker-java-transport-zerodep-3.7.1.jar:?]
	at com.github.dockerjava.zerodep.shaded.org.apache.hc.core5.http.impl.io.SessionInputBufferImpl.readLine(SessionInputBufferImpl.java:280) ~[docker-java-transport-zerodep-3.7.1.jar:?]
	at com.github.dockerjava.zerodep.shaded.org.apache.hc.core5.http.impl.io.ChunkedInputStream.getChunkSize(ChunkedInputStream.java:262) ~[docker-java-transport-zerodep-3.7.1.jar:?]
	at com.github.dockerjava.zerodep.shaded.org.apache.hc.core5.http.impl.io.ChunkedInputStream.nextChunk(ChunkedInputStream.java:223) ~[docker-java-transport-zerodep-3.7.1.jar:?]
	at com.github.dockerjava.zerodep.shaded.org.apache.hc.core5.http.impl.io.ChunkedInputStream.read(ChunkedInputStream.java:147) ~[docker-java-transport-zerodep-3.7.1.jar:?]
	at com.github.dockerjava.zerodep.shaded.org.apache.hc.core5.http.impl.io.ChunkedInputStream.close(ChunkedInputStream.java:315) ~[docker-java-transport-zerodep-3.7.1.jar:?]
	at com.github.dockerjava.zerodep.shaded.org.apache.hc.core5.io.Closer.close(Closer.java:48) ~[docker-java-transport-zerodep-3.7.1.jar:?]
	at com.github.dockerjava.zerodep.shaded.org.apache.hc.core5.http.impl.io.IncomingHttpEntity.close(IncomingHttpEntity.java:111) ~[docker-java-transport-zerodep-3.7.1.jar:?]
	at com.github.dockerjava.zerodep.shaded.org.apache.hc.core5.http.io.entity.HttpEntityWrapper.close(HttpEntityWrapper.java:120) ~[docker-java-transport-zerodep-3.7.1.jar:?]
	at com.github.dockerjava.zerodep.shaded.org.apache.hc.client5.http.impl.classic.ResponseEntityProxy.close(ResponseEntityProxy.java:180) ~[docker-java-transport-zerodep-3.7.1.jar:?]
	at com.github.dockerjava.zerodep.shaded.org.apache.hc.core5.io.Closer.close(Closer.java:48) ~[docker-java-transport-zerodep-3.7.1.jar:?]
	at com.github.dockerjava.zerodep.shaded.org.apache.hc.core5.http.message.BasicClassicHttpResponse.close(BasicClassicHttpResponse.java:93) ~[docker-java-transport-zerodep-3.7.1.jar:?]
	at com.github.dockerjava.zerodep.shaded.org.apache.hc.client5.http.impl.classic.CloseableHttpResponse.lambda$new$0(CloseableHttpResponse.java:95) ~[docker-java-transport-zerodep-3.7.1.jar:?]
	at com.github.dockerjava.zerodep.shaded.org.apache.hc.client5.http.impl.classic.CloseableHttpResponse.doClose(CloseableHttpResponse.java:236) ~[docker-java-transport-zerodep-3.7.1.jar:?]
	at com.github.dockerjava.zerodep.shaded.org.apache.hc.client5.http.impl.classic.CloseableHttpResponse.close(CloseableHttpResponse.java:252) ~[docker-java-transport-zerodep-3.7.1.jar:?]
	at com.github.dockerjava.zerodep.ApacheDockerHttpClientImpl$ApacheResponse.close(ApacheDockerHttpClientImpl.java:254) [docker-java-transport-zerodep-3.7.1.jar:?]
	at org.testcontainers.shaded.com.github.dockerjava.core.DefaultInvocationBuilder.lambda$executeAndStream$1(DefaultInvocationBuilder.java:277) [testcontainers-2.0.5.jar:2.0.5]
	at java.base/java.lang.Thread.run(Thread.java:1583) [?:?]
2026-07-21 16:23:20.234 [main] INFO  tc.gvenzl/oracle-free:slim-faststart - Container is started (JDBC URL: jdbc:oracle:thin:@localhost:59621/freepdb1)
2026-07-21 16:23:20.234 [main] DEBUG org.testcontainers.utility.PrefixingImageNameSubstitutor - No prefix is configured
2026-07-21 16:23:20.234 [main] DEBUG org.testcontainers.utility.ImageNameSubstitutor - Did not find a substitute image for postgres:latest (using image substitutor: DefaultImageNameSubstitutor (composite of 'ConfigurationFileImageNameSubstitutor' and 'PrefixingImageNameSubstitutor'))
2026-07-21 16:23:20.235 [main] DEBUG tc.postgres:latest - postgres:latest is not in image name cache, updating...
2026-07-21 16:23:20.235 [main] DEBUG org.testcontainers.shaded.com.github.dockerjava.core.command.AbstrDockerCmd - Cmd: postgres:latest
2026-07-21 16:23:20.235 [main] TRACE org.testcontainers.shaded.com.github.dockerjava.core.exec.InspectImageCmdExec - GET: DefaultWebTarget{path=[/images/postgres:latest/json], queryParams={}}
2026-07-21 16:23:20.235 [main] DEBUG com.github.dockerjava.zerodep.shaded.org.apache.hc.client5.http.impl.classic.InternalHttpClient - ex-0000000017 preparing request execution
2026-07-21 16:23:20.235 [main] DEBUG com.github.dockerjava.zerodep.shaded.org.apache.hc.client5.http.impl.classic.ProtocolExec - ex-0000000017 target auth state: UNCHALLENGED
2026-07-21 16:23:20.235 [main] DEBUG com.github.dockerjava.zerodep.shaded.org.apache.hc.client5.http.impl.classic.ProtocolExec - ex-0000000017 proxy auth state: UNCHALLENGED
2026-07-21 16:23:20.235 [main] DEBUG com.github.dockerjava.zerodep.shaded.org.apache.hc.client5.http.impl.classic.ConnectExec - ex-0000000017 acquiring connection with route {}->[unix://localhost:2375]
2026-07-21 16:23:20.235 [main] DEBUG com.github.dockerjava.zerodep.shaded.org.apache.hc.client5.http.impl.classic.InternalHttpClient - ex-0000000017 acquiring endpoint (3 MINUTES)
2026-07-21 16:23:20.235 [main] DEBUG com.github.dockerjava.zerodep.shaded.org.apache.hc.client5.http.impl.io.PoolingHttpClientConnectionManager - ex-0000000017 endpoint lease request (3 MINUTES) [route: {}->[unix://localhost:2375]][total available: 0; route allocated: 0 of 2147483647; total allocated: 0 of 2147483647]
2026-07-21 16:23:20.236 [main] DEBUG com.github.dockerjava.zerodep.shaded.org.apache.hc.client5.http.impl.io.PoolingHttpClientConnectionManager - ex-0000000017 endpoint leased [route: {}->[unix://localhost:2375]][total available: 0; route allocated: 1 of 2147483647; total allocated: 1 of 2147483647]
2026-07-21 16:23:20.236 [main] DEBUG com.github.dockerjava.zerodep.shaded.org.apache.hc.client5.http.impl.io.PoolingHttpClientConnectionManager - ex-0000000017 acquired ep-0000000017
2026-07-21 16:23:20.236 [main] DEBUG com.github.dockerjava.zerodep.shaded.org.apache.hc.client5.http.impl.classic.InternalHttpClient - ex-0000000017 acquired endpoint ep-0000000017
2026-07-21 16:23:20.236 [main] DEBUG com.github.dockerjava.zerodep.shaded.org.apache.hc.client5.http.impl.classic.ConnectExec - ex-0000000017 opening connection {}->[unix://localhost:2375]
2026-07-21 16:23:20.236 [main] DEBUG com.github.dockerjava.zerodep.shaded.org.apache.hc.client5.http.impl.classic.InternalHttpClient - ep-0000000017 connecting endpoint (null)
2026-07-21 16:23:20.236 [main] DEBUG com.github.dockerjava.zerodep.shaded.org.apache.hc.client5.http.impl.io.PoolingHttpClientConnectionManager - ep-0000000017 connecting endpoint to unix://localhost:2375 (3 MINUTES)
2026-07-21 16:23:20.236 [main] DEBUG com.github.dockerjava.zerodep.shaded.org.apache.hc.client5.http.impl.io.DefaultHttpClientConnectionOperator - unix://localhost:2375 connecting null->localhost/127.0.0.1:2375 (3 MINUTES)
2026-07-21 16:23:20.236 [main] DEBUG com.github.dockerjava.zerodep.shaded.org.apache.hc.client5.http.impl.io.DefaultHttpClientConnectionOperator - http-outgoing-2 unix://localhost:2375 connected /var/run/docker.sock->/var/run/docker.sock
2026-07-21 16:23:20.236 [main] DEBUG com.github.dockerjava.zerodep.shaded.org.apache.hc.client5.http.impl.io.PoolingHttpClientConnectionManager - ep-0000000017 connected http-outgoing-2
2026-07-21 16:23:20.236 [main] DEBUG com.github.dockerjava.zerodep.shaded.org.apache.hc.client5.http.impl.classic.InternalHttpClient - ep-0000000017 endpoint connected
2026-07-21 16:23:20.236 [main] DEBUG com.github.dockerjava.zerodep.shaded.org.apache.hc.client5.http.impl.classic.MainClientExec - ex-0000000017 executing GET /v1.44/images/postgres:latest/json
2026-07-21 16:23:20.236 [main] DEBUG com.github.dockerjava.zerodep.shaded.org.apache.hc.client5.http.protocol.RequestAddCookies - ex-0000000017 Cookie spec selected: strict
2026-07-21 16:23:20.236 [main] DEBUG com.github.dockerjava.zerodep.shaded.org.apache.hc.client5.http.impl.classic.InternalHttpClient - ep-0000000017 start execution ex-0000000017
2026-07-21 16:23:20.236 [main] DEBUG com.github.dockerjava.zerodep.shaded.org.apache.hc.client5.http.impl.io.PoolingHttpClientConnectionManager - ep-0000000017 executing exchange ex-0000000017 over http-outgoing-2
2026-07-21 16:23:20.236 [main] DEBUG com.github.dockerjava.zerodep.shaded.org.apache.hc.client5.http.headers - http-outgoing-2 >> GET /v1.44/images/postgres:latest/json HTTP/1.1
2026-07-21 16:23:20.236 [main] DEBUG com.github.dockerjava.zerodep.shaded.org.apache.hc.client5.http.headers - http-outgoing-2 >> accept: application/json
2026-07-21 16:23:20.236 [main] DEBUG com.github.dockerjava.zerodep.shaded.org.apache.hc.client5.http.headers - http-outgoing-2 >> x-tc-sid: c2815888-2ad9-4d1b-b81d-ff10c2a3009c
2026-07-21 16:23:20.236 [main] DEBUG com.github.dockerjava.zerodep.shaded.org.apache.hc.client5.http.headers - http-outgoing-2 >> User-Agent: tc-java/2.0.5
2026-07-21 16:23:20.236 [main] DEBUG com.github.dockerjava.zerodep.shaded.org.apache.hc.client5.http.headers - http-outgoing-2 >> Accept-Encoding: gzip, x-gzip, deflate
2026-07-21 16:23:20.236 [main] DEBUG com.github.dockerjava.zerodep.shaded.org.apache.hc.client5.http.headers - http-outgoing-2 >> Host: localhost:2375
2026-07-21 16:23:20.236 [main] DEBUG com.github.dockerjava.zerodep.shaded.org.apache.hc.client5.http.headers - http-outgoing-2 >> Connection: keep-alive
2026-07-21 16:23:20.236 [main] DEBUG com.github.dockerjava.zerodep.shaded.org.apache.hc.client5.http.wire - http-outgoing-2 >> "GET /v1.44/images/postgres:latest/json HTTP/1.1[\r][\n]"
2026-07-21 16:23:20.236 [main] DEBUG com.github.dockerjava.zerodep.shaded.org.apache.hc.client5.http.wire - http-outgoing-2 >> "accept: application/json[\r][\n]"
2026-07-21 16:23:20.236 [main] DEBUG com.github.dockerjava.zerodep.shaded.org.apache.hc.client5.http.wire - http-outgoing-2 >> "x-tc-sid: c2815888-2ad9-4d1b-b81d-ff10c2a3009c[\r][\n]"
2026-07-21 16:23:20.236 [main] DEBUG com.github.dockerjava.zerodep.shaded.org.apache.hc.client5.http.wire - http-outgoing-2 >> "User-Agent: tc-java/2.0.5[\r][\n]"
2026-07-21 16:23:20.236 [main] DEBUG com.github.dockerjava.zerodep.shaded.org.apache.hc.client5.http.wire - http-outgoing-2 >> "Accept-Encoding: gzip, x-gzip, deflate[\r][\n]"
2026-07-21 16:23:20.236 [main] DEBUG com.github.dockerjava.zerodep.shaded.org.apache.hc.client5.http.wire - http-outgoing-2 >> "Host: localhost:2375[\r][\n]"
2026-07-21 16:23:20.236 [main] DEBUG com.github.dockerjava.zerodep.shaded.org.apache.hc.client5.http.wire - http-outgoing-2 >> "Connection: keep-alive[\r][\n]"
2026-07-21 16:23:20.236 [main] DEBUG com.github.dockerjava.zerodep.shaded.org.apache.hc.client5.http.wire - http-outgoing-2 >> "[\r][\n]"
2026-07-21 16:23:20.239 [main] DEBUG com.github.dockerjava.zerodep.shaded.org.apache.hc.client5.http.wire - http-outgoing-2 << "HTTP/1.1 200 OK[\r][\n]"
2026-07-21 16:23:20.239 [main] DEBUG com.github.dockerjava.zerodep.shaded.org.apache.hc.client5.http.wire - http-outgoing-2 << "Api-Version: 1.54[\r][\n]"
2026-07-21 16:23:20.239 [main] DEBUG com.github.dockerjava.zerodep.shaded.org.apache.hc.client5.http.wire - http-outgoing-2 << "Content-Type: application/json[\r][\n]"
2026-07-21 16:23:20.239 [main] DEBUG com.github.dockerjava.zerodep.shaded.org.apache.hc.client5.http.wire - http-outgoing-2 << "Date: Tue, 21 Jul 2026 13:23:20 GMT[\r][\n]"
2026-07-21 16:23:20.239 [main] DEBUG com.github.dockerjava.zerodep.shaded.org.apache.hc.client5.http.wire - http-outgoing-2 << "Docker-Experimental: false[\r][\n]"
2026-07-21 16:23:20.239 [main] DEBUG com.github.dockerjava.zerodep.shaded.org.apache.hc.client5.http.wire - http-outgoing-2 << "Ostype: linux[\r][\n]"
2026-07-21 16:23:20.239 [main] DEBUG com.github.dockerjava.zerodep.shaded.org.apache.hc.client5.http.wire - http-outgoing-2 << "Server: Docker/29.5.3 (linux)[\r][\n]"
2026-07-21 16:23:20.239 [main] DEBUG com.github.dockerjava.zerodep.shaded.org.apache.hc.client5.http.wire - http-outgoing-2 << "Transfer-Encoding: chunked[\r][\n]"
2026-07-21 16:23:20.239 [main] DEBUG com.github.dockerjava.zerodep.shaded.org.apache.hc.client5.http.wire - http-outgoing-2 << "[\r][\n]"
2026-07-21 16:23:20.239 [main] DEBUG com.github.dockerjava.zerodep.shaded.org.apache.hc.client5.http.headers - http-outgoing-2 << HTTP/1.1 200 OK
2026-07-21 16:23:20.239 [main] DEBUG com.github.dockerjava.zerodep.shaded.org.apache.hc.client5.http.headers - http-outgoing-2 << Api-Version: 1.54
2026-07-21 16:23:20.239 [main] DEBUG com.github.dockerjava.zerodep.shaded.org.apache.hc.client5.http.headers - http-outgoing-2 << Content-Type: application/json
2026-07-21 16:23:20.239 [main] DEBUG com.github.dockerjava.zerodep.shaded.org.apache.hc.client5.http.headers - http-outgoing-2 << Date: Tue, 21 Jul 2026 13:23:20 GMT
2026-07-21 16:23:20.239 [main] DEBUG com.github.dockerjava.zerodep.shaded.org.apache.hc.client5.http.headers - http-outgoing-2 << Docker-Experimental: false
2026-07-21 16:23:20.239 [main] DEBUG com.github.dockerjava.zerodep.shaded.org.apache.hc.client5.http.headers - http-outgoing-2 << Ostype: linux
2026-07-21 16:23:20.239 [main] DEBUG com.github.dockerjava.zerodep.shaded.org.apache.hc.client5.http.headers - http-outgoing-2 << Server: Docker/29.5.3 (linux)
2026-07-21 16:23:20.239 [main] DEBUG com.github.dockerjava.zerodep.shaded.org.apache.hc.client5.http.headers - http-outgoing-2 << Transfer-Encoding: chunked
2026-07-21 16:23:20.239 [main] DEBUG com.github.dockerjava.zerodep.shaded.org.apache.hc.client5.http.impl.classic.MainClientExec - ex-0000000017 connection can be kept alive for 3 MINUTES
2026-07-21 16:23:20.240 [main] DEBUG com.github.dockerjava.zerodep.shaded.org.apache.hc.client5.http.wire - http-outgoing-2 << "f9f[\r][\n]"
2026-07-21 16:23:20.240 [main] DEBUG com.github.dockerjava.zerodep.shaded.org.apache.hc.client5.http.wire - http-outgoing-2 << "{"Architecture":"arm64","Author":"","Comment":"buildkit.dockerfile.v0","Config":{"AttachStderr":false,"AttachStdin":false,"AttachStdout":false,"Cmd":["postgres"],"Domainname":"","Entrypoint":["docker-entrypoint.sh"],"Env":["PATH=/usr/local/sbin:/usr/local/bin:/usr/sbin:/usr/bin:/sbin:/bin:/usr/lib/postgresql/18/bin","GOSU_VERSION=1.19","LANG=en_US.utf8","PG_MAJOR=18","PG_VERSION=18.0-1.pgdg13+3","PGDATA=/var/lib/postgresql/18/docker"],"ExposedPorts":{"5432/tcp":{}},"Hostname":"","Image":"","Labels":null,"OnBuild":null,"OpenStdin":false,"StdinOnce":false,"StopSignal":"SIGINT","Tty":false,"User":"","Volumes":{"/var/lib/postgresql":{}},"WorkingDir":""},"Container":"","ContainerConfig":{"Hostname":"","Domainname":"","User":"","AttachStdin":false,"AttachStdout":false,"AttachStderr":false,"Tty":false,"OpenStdin":false,"StdinOnce":false,"Env":null,"Cmd":null,"Image":"","Volumes":null,"WorkingDir":"","Entrypoint":null,"Labels":null},"Created":"2025-09-25T18:22:35Z","DockerVersion":"","GraphDriver":{"Data":{"LowerDir":"/var/lib/docker/overlay2/a386117c960e51626153bc63ffbe8c2b23d314e49f8095520a249936d8d1a84d/diff:/var/lib/docker/overlay2/dee08542fd83b7b17b2870384c217d63fcb12463bfe8d10c316f0b1a1d04d47d/diff:/var/lib/docker/overlay2/3009a33ec3c152ef1aec597ef919d2fd3c2c613749a4b2fa45b28cffa51e0bb6/diff:/var/lib/docker/overlay2/b82639c7e60942005bcbe5c112a91b3d2508dca12533f3f2203497d171780b1b/diff:/var/lib/docker/overlay2/8d308d23c9a2b61c1784866748843be530e2dd300d5d34305f4dc37d3a10b5ea/diff:/var/lib/docker/overlay2/568b08209eefcebad1f10c0d9ed85aedc1149ddf463b2c35e19feca1c5334193/diff:/var/lib/docker/overlay2/de7cde3cbbc720040cdffe8548d4011e50ce06615c068d2788e4d893117aa125/diff:/var/lib/docker/overlay2/2b69ce2851209a845f831c27af4f5927f5e33a41b12fcb3608c540c7a5b017e6/diff:/var/lib/docker/overlay2/97fba548b452656804322aff121f5dd09b580ef2bab0edcee0191787edfc1efa/diff:/var/lib/docker/overlay2/71f2b21f2411c6a219f4472e6cc035df5f74df40b3a8b3062ac01b46f06534af/diff:/var/lib/docker/overlay2/c6a4da686c076b8bd4dab18f36ea483477611cdff23175fd5f37e528eea29248/diff:/var/lib/docker/overlay2/c21f4d15b699d12b68ac644e350ec384ca0f60e53b757694588bc9778b73a303/diff:/var/lib/docker/overlay2/dee8f2bec1a585effd64d87e3c2c09b0c56efe873ee81fb4aa594e55974ec642/diff","MergedDir":"/var/lib/docker/overlay2/1aef3490a29794478ed33994b49b19bd47bcf0ca35d121c669b9a3da659098e9/merged","UpperDir":"/var/lib/docker/overlay2/1aef3490a29794478ed33994b49b19bd47bcf0ca35d121c669b9a3da659098e9/diff","WorkDir":"/var/lib/docker/overlay2/1aef3490a29794478ed33994b49b19bd47bcf0ca35d121c669b9a3da659098e9/work"},"Name":"overlay2"},"Id":"sha256:21a7e541217c7a1b157f4e0d534eaa715ccca6da24e9778c122873a4cc75d6f5","Metadata":{"LastTagTime":"0001-01-01T00:00:00Z"},"Os":"linux","Parent":"","RepoDigests":["postgres@sha256:073e7c8b84e2197f94c8083634640ab37105effe1bc853ca4d5fbece3219b0e8"],"RepoTags":["postgres:latest"],"RootFS":{"Layers":["sha256:090e9c58f4748dd51573ae6f05678fa97237bbe946047a0433b0092ef6c4a704","sha256:f2c6dd1a76d49ed659c61c54bcbe4323d68b8cb95891eb185eafd9e1e7d5f611","sha256:d2f2313ce957413fee52663d1994669d5228c06e64dbf134eb879a1e0e88872a","sha256:8d6f3ba34bb16f7e36a1f4727e15b24c50bbf94063d6b26ebf4b72bb2b296c38","sha256:e3745cb563c2fa880768fd1cdbf33dd59aa8f532fdacb87913b3fdbeace9c45f","sha256:be1c86854f7c69185d427ad9d49cc99d24472b948f0494f8aabcd768036852ec","sha256:76bafa3261f9add9af738d2a151bb0fc9797db95baa81fbc70ec4d5e230d842a","sha256:ea0282eb323254b221a4542d983ceb6a7d4c82a32c9b5bb6123000cd1e098429","sha256:31938aefbf25429a0c26ecc6d010fab04b55d5573cef39d7bf846126fdae08e4","sha256:3d0a2d8f338e0c54178100919df352007a25b7c1999489788cb4034fb775ad2d","sha256:c6b2787dde88ce5bed49ca7f2f346f888d373a39c607d2f4e7eed96459f8aa1a","sha256:6e8383b00d874fb084b2ee8fa4d0adf828d28cfe726e63675dd32bb32156a4b9","sha256:df4be8a168f1c21f64347f773b6d0cc7244a8ba38036968e797a7f4765f68083","sha256:109c0bcb80b0ea6c8e07616ad48c5486d11e8926f26f5023f44aa38a713d58ce"],"Type":"layers"},"Size":478920920,"Variant":"v8"}[\n]"
2026-07-21 16:23:20.240 [main] DEBUG com.github.dockerjava.zerodep.shaded.org.apache.hc.client5.http.wire - http-outgoing-2 << "[\r][\n]"
2026-07-21 16:23:20.240 [main] DEBUG com.github.dockerjava.zerodep.shaded.org.apache.hc.client5.http.wire - http-outgoing-2 << "0[\r][\n]"
2026-07-21 16:23:20.240 [main] DEBUG com.github.dockerjava.zerodep.shaded.org.apache.hc.client5.http.wire - http-outgoing-2 << "[\r][\n]"
2026-07-21 16:23:20.241 [main] DEBUG com.github.dockerjava.zerodep.shaded.org.apache.hc.client5.http.impl.classic.InternalHttpClient - ep-0000000017 releasing valid endpoint
2026-07-21 16:23:20.241 [main] DEBUG com.github.dockerjava.zerodep.shaded.org.apache.hc.client5.http.impl.io.PoolingHttpClientConnectionManager - ep-0000000017 releasing endpoint
2026-07-21 16:23:20.241 [main] DEBUG com.github.dockerjava.zerodep.shaded.org.apache.hc.client5.http.impl.io.PoolingHttpClientConnectionManager - ep-0000000017 connection http-outgoing-2 can be kept alive for 3 MINUTES
2026-07-21 16:23:20.241 [main] DEBUG com.github.dockerjava.zerodep.shaded.org.apache.hc.client5.http.impl.io.PoolingHttpClientConnectionManager - ep-0000000017 connection released [route: {}->[unix://localhost:2375]][total available: 1; route allocated: 1 of 2147483647; total allocated: 1 of 2147483647]
2026-07-21 16:23:20.244 [main] DEBUG org.testcontainers.images.AbstractImagePullPolicy - Using locally available and not pulling image: postgres:latest
2026-07-21 16:23:20.244 [main] DEBUG tc.postgres:latest - Starting container: postgres:latest
2026-07-21 16:23:20.244 [main] DEBUG tc.postgres:latest - Trying to start container: postgres:latest (attempt 1/1)
2026-07-21 16:23:20.244 [main] DEBUG tc.postgres:latest - Starting container: postgres:latest
2026-07-21 16:23:20.244 [main] INFO  tc.postgres:latest - Creating container for image: postgres:latest
2026-07-21 16:23:20.244 [main] DEBUG org.testcontainers.utility.RegistryAuthLocator - Looking up auth config for image: postgres:latest at registry: https://index.docker.io/v1/
2026-07-21 16:23:20.244 [main] DEBUG org.testcontainers.utility.RegistryAuthLocator - No matching Auth Configs - falling back to defaultAuthConfig [null]
2026-07-21 16:23:20.244 [main] DEBUG org.testcontainers.dockerclient.AuthDelegatingDockerClientConfig - Effective auth config [null]
2026-07-21 16:23:20.245 [main] DEBUG org.testcontainers.shaded.com.github.dockerjava.core.command.AbstrDockerCmd - Cmd: org.testcontainers.shaded.com.github.dockerjava.core.command.CreateContainerCmdImpl@46e3559f[aliases=<null>,argsEscaped=<null>,attachStderr=<null>,attachStdin=<null>,attachStdout=<null>,authConfig=<null>,cmd={postgres,-c,fsync=off},domainName=<null>,entrypoint=<null>,env={POSTGRES_USER=test,POSTGRES_PASSWORD=test,POSTGRES_DB=test},exposedPorts=ExposedPorts(exposedPorts=[5432/tcp]),healthcheck=<null>,hostConfig=HostConfig(binds=[], blkioWeight=null, blkioWeightDevice=null, blkioDeviceReadBps=null, blkioDeviceWriteBps=null, blkioDeviceReadIOps=null, blkioDeviceWriteIOps=null, memorySwappiness=null, nanoCPUs=null, annotations=null, capAdd=null, capDrop=null, containerIDFile=null, cpuPeriod=null, cpuRealtimePeriod=null, cpuRealtimeRuntime=null, cpuShares=null, cpuQuota=null, cpusetCpus=null, cpusetMems=null, devices=null, deviceCgroupRules=null, deviceRequests=null, diskQuota=null, dns=null, dnsOptions=null, dnsSearch=null, extraHosts=[], groupAdd=null, ipcMode=null, cgroup=null, links=[], logConfig=LogConfig(type=null, config=null), lxcConf=null, memory=null, memorySwap=null, memoryReservation=null, kernelMemory=null, networkMode=null, oomKillDisable=null, init=null, autoRemove=null, oomScoreAdj=null, portBindings={5432/tcp=[Lcom.github.dockerjava.api.model.Ports$Binding;@3fa21d49}, privileged=null, publishAllPorts=null, readonlyRootfs=null, restartPolicy=null, ulimits=null, cpuCount=null, cpuPercent=null, ioMaximumIOps=null, ioMaximumBandwidth=null, volumesFrom=[], mounts=null, pidMode=null, isolation=null, securityOpts=null, storageOpt=null, cgroupParent=null, volumeDriver=null, shmSize=null, pidsLimit=null, runtime=null, tmpFs=null, utSMode=null, usernsMode=null, sysctls=null, consoleSize=null, cgroupnsMode=null),hostName=<null>,image=postgres:latest,ipv4Address=<null>,ipv6Address=<null>,labels={org.testcontainers=true, org.testcontainers.lang=java, org.testcontainers.version=2.0.5, org.testcontainers.sessionId=c2815888-2ad9-4d1b-b81d-ff10c2a3009c},macAddress=<null>,name=<null>,networkDisabled=<null>,networkingConfig=<null>,onBuild=<null>,platform=<null>,portSpecs=<null>,shell=<null>,stdInOnce=<null>,stdinOpen=<null>,stopSignal=<null>,stopTimeout=<null>,tty=<null>,user=<null>,volumes=Volumes(volumes=[]),workingDir=<null>]
2026-07-21 16:23:20.246 [main] TRACE org.testcontainers.shaded.com.github.dockerjava.core.exec.CreateContainerCmdExec - POST: DefaultWebTarget{path=[/containers/create], queryParams={}} 
2026-07-21 16:23:20.247 [main] DEBUG com.github.dockerjava.zerodep.shaded.org.apache.hc.client5.http.impl.classic.InternalHttpClient - ex-0000000018 preparing request execution
2026-07-21 16:23:20.247 [main] DEBUG com.github.dockerjava.zerodep.shaded.org.apache.hc.client5.http.impl.classic.ProtocolExec - ex-0000000018 target auth state: UNCHALLENGED
2026-07-21 16:23:20.247 [main] DEBUG com.github.dockerjava.zerodep.shaded.org.apache.hc.client5.http.impl.classic.ProtocolExec - ex-0000000018 proxy auth state: UNCHALLENGED
2026-07-21 16:23:20.247 [main] DEBUG com.github.dockerjava.zerodep.shaded.org.apache.hc.client5.http.impl.classic.ConnectExec - ex-0000000018 acquiring connection with route {}->[unix://localhost:2375]
2026-07-21 16:23:20.247 [main] DEBUG com.github.dockerjava.zerodep.shaded.org.apache.hc.client5.http.impl.classic.InternalHttpClient - ex-0000000018 acquiring endpoint (3 MINUTES)
2026-07-21 16:23:20.247 [main] DEBUG com.github.dockerjava.zerodep.shaded.org.apache.hc.client5.http.impl.io.PoolingHttpClientConnectionManager - ex-0000000018 endpoint lease request (3 MINUTES) [route: {}->[unix://localhost:2375]][total available: 1; route allocated: 1 of 2147483647; total allocated: 1 of 2147483647]
2026-07-21 16:23:20.247 [main] DEBUG com.github.dockerjava.zerodep.shaded.org.apache.hc.client5.http.impl.io.PoolingHttpClientConnectionManager - ex-0000000018 endpoint leased [route: {}->[unix://localhost:2375]][total available: 0; route allocated: 1 of 2147483647; total allocated: 1 of 2147483647]
2026-07-21 16:23:20.247 [main] DEBUG com.github.dockerjava.zerodep.shaded.org.apache.hc.client5.http.impl.io.PoolingHttpClientConnectionManager - ex-0000000018 acquired ep-0000000018
2026-07-21 16:23:20.247 [main] DEBUG com.github.dockerjava.zerodep.shaded.org.apache.hc.client5.http.impl.classic.InternalHttpClient - ex-0000000018 acquired endpoint ep-0000000018
2026-07-21 16:23:20.247 [main] DEBUG com.github.dockerjava.zerodep.shaded.org.apache.hc.client5.http.impl.classic.MainClientExec - ex-0000000018 executing POST /v1.44/containers/create
2026-07-21 16:23:20.247 [main] DEBUG com.github.dockerjava.zerodep.shaded.org.apache.hc.client5.http.protocol.RequestAddCookies - ex-0000000018 Cookie spec selected: strict
2026-07-21 16:23:20.247 [main] DEBUG com.github.dockerjava.zerodep.shaded.org.apache.hc.client5.http.impl.classic.InternalHttpClient - ep-0000000018 start execution ex-0000000018
2026-07-21 16:23:20.247 [main] DEBUG com.github.dockerjava.zerodep.shaded.org.apache.hc.client5.http.impl.io.PoolingHttpClientConnectionManager - ep-0000000018 executing exchange ex-0000000018 over http-outgoing-2
2026-07-21 16:23:20.248 [main] DEBUG com.github.dockerjava.zerodep.shaded.org.apache.hc.client5.http.headers - http-outgoing-2 >> POST /v1.44/containers/create HTTP/1.1
2026-07-21 16:23:20.248 [main] DEBUG com.github.dockerjava.zerodep.shaded.org.apache.hc.client5.http.headers - http-outgoing-2 >> accept: application/json
2026-07-21 16:23:20.248 [main] DEBUG com.github.dockerjava.zerodep.shaded.org.apache.hc.client5.http.headers - http-outgoing-2 >> content-type: application/json
2026-07-21 16:23:20.248 [main] DEBUG com.github.dockerjava.zerodep.shaded.org.apache.hc.client5.http.headers - http-outgoing-2 >> x-tc-sid: c2815888-2ad9-4d1b-b81d-ff10c2a3009c
2026-07-21 16:23:20.248 [main] DEBUG com.github.dockerjava.zerodep.shaded.org.apache.hc.client5.http.headers - http-outgoing-2 >> User-Agent: tc-java/2.0.5
2026-07-21 16:23:20.248 [main] DEBUG com.github.dockerjava.zerodep.shaded.org.apache.hc.client5.http.headers - http-outgoing-2 >> Accept-Encoding: gzip, x-gzip, deflate
2026-07-21 16:23:20.248 [main] DEBUG com.github.dockerjava.zerodep.shaded.org.apache.hc.client5.http.headers - http-outgoing-2 >> Host: localhost:2375
2026-07-21 16:23:20.248 [main] DEBUG com.github.dockerjava.zerodep.shaded.org.apache.hc.client5.http.headers - http-outgoing-2 >> Content-Length: 2077
2026-07-21 16:23:20.248 [main] DEBUG com.github.dockerjava.zerodep.shaded.org.apache.hc.client5.http.headers - http-outgoing-2 >> Connection: keep-alive
2026-07-21 16:23:20.248 [main] DEBUG com.github.dockerjava.zerodep.shaded.org.apache.hc.client5.http.wire - http-outgoing-2 >> "POST /v1.44/containers/create HTTP/1.1[\r][\n]"
2026-07-21 16:23:20.248 [main] DEBUG com.github.dockerjava.zerodep.shaded.org.apache.hc.client5.http.wire - http-outgoing-2 >> "accept: application/json[\r][\n]"
2026-07-21 16:23:20.248 [main] DEBUG com.github.dockerjava.zerodep.shaded.org.apache.hc.client5.http.wire - http-outgoing-2 >> "content-type: application/json[\r][\n]"
2026-07-21 16:23:20.248 [main] DEBUG com.github.dockerjava.zerodep.shaded.org.apache.hc.client5.http.wire - http-outgoing-2 >> "x-tc-sid: c2815888-2ad9-4d1b-b81d-ff10c2a3009c[\r][\n]"
2026-07-21 16:23:20.248 [main] DEBUG com.github.dockerjava.zerodep.shaded.org.apache.hc.client5.http.wire - http-outgoing-2 >> "User-Agent: tc-java/2.0.5[\r][\n]"
2026-07-21 16:23:20.248 [main] DEBUG com.github.dockerjava.zerodep.shaded.org.apache.hc.client5.http.wire - http-outgoing-2 >> "Accept-Encoding: gzip, x-gzip, deflate[\r][\n]"
2026-07-21 16:23:20.248 [main] DEBUG com.github.dockerjava.zerodep.shaded.org.apache.hc.client5.http.wire - http-outgoing-2 >> "Host: localhost:2375[\r][\n]"
2026-07-21 16:23:20.248 [main] DEBUG com.github.dockerjava.zerodep.shaded.org.apache.hc.client5.http.wire - http-outgoing-2 >> "Content-Length: 2077[\r][\n]"
2026-07-21 16:23:20.248 [main] DEBUG com.github.dockerjava.zerodep.shaded.org.apache.hc.client5.http.wire - http-outgoing-2 >> "Connection: keep-alive[\r][\n]"
2026-07-21 16:23:20.248 [main] DEBUG com.github.dockerjava.zerodep.shaded.org.apache.hc.client5.http.wire - http-outgoing-2 >> "[\r][\n]"
2026-07-21 16:23:20.248 [main] DEBUG com.github.dockerjava.zerodep.shaded.org.apache.hc.client5.http.wire - http-outgoing-2 >> "{"Hostname":null,"Domainname":null,"User":null,"AttachStdin":null,"AttachStdout":null,"AttachStderr":null,"PortSpecs":null,"Tty":null,"OpenStdin":null,"StdinOnce":null,"Env":["POSTGRES_USER=test","POSTGRES_PASSWORD=test","POSTGRES_DB=test"],"Cmd":["postgres","-c","fsync=off"],"Healthcheck":null,"ArgsEscaped":null,"Entrypoint":null,"Image":"postgres:latest","Volumes":{},"WorkingDir":null,"MacAddress":null,"OnBuild":null,"NetworkDisabled":null,"ExposedPorts":{"5432/tcp":{}},"StopSignal":null,"StopTimeout":null,"HostConfig":{"Binds":[],"BlkioWeight":null,"BlkioWeightDevice":null,"BlkioDeviceReadBps":null,"BlkioDeviceWriteBps":null,"BlkioDeviceReadIOps":null,"BlkioDeviceWriteIOps":null,"MemorySwappiness":null,"NanoCpus":null,"Annotations":null,"CapAdd":null,"CapDrop":null,"ContainerIDFile":null,"CpuPeriod":null,"CpuRealtimePeriod":null,"CpuRealtimeRuntime":null,"CpuShares":null,"CpuQuota":null,"CpusetCpus":null,"CpusetMems":null,"Devices":null,"DeviceCgroupRules":null,"DeviceRequests":null,"DiskQuota":null,"Dns":null,"DnsOptions":null,"DnsSearch":null,"ExtraHosts":[],"GroupAdd":null,"IpcMode":null,"Cgroup":null,"Links":[],"LogConfig":null,"LxcConf":null,"Memory":null,"MemorySwap":null,"MemoryReservation":null,"KernelMemory":null,"NetworkMode":null,"OomKillDisable":null,"Init":null,"AutoRemove":null,"OomScoreAdj":null,"PortBindings":{"5432/tcp":[{"HostIp":"","HostPort":""}]},"Privileged":null,"PublishAllPorts":null,"ReadonlyRootfs":null,"RestartPolicy":null,"Ulimits":null,"CpuCount":null,"CpuPercent":null,"IOMaximumIOps":null,"IOMaximumBandwidth":null,"VolumesFrom":[],"Mounts":null,"PidMode":null,"Isolation":null,"SecurityOpt":null,"StorageOpt":null,"CgroupParent":null,"VolumeDriver":null,"ShmSize":null,"PidsLimit":null,"Runtime":null,"Tmpfs":null,"UTSMode":null,"UsernsMode":null,"Sysctls":null,"ConsoleSize":null,"CgroupnsMode":null},"Labels":{"org.testcontainers":"true","org.testcontainers.lang":"java","org.testcontainers.version":"2.0.5","org.testcontainers.sessionId":"c2815888-2ad9-4d1b-b81d-ff10c2a3009c"},"Shell":null,"NetworkingConfig":null}"
2026-07-21 16:23:20.296 [main] DEBUG com.github.dockerjava.zerodep.shaded.org.apache.hc.client5.http.wire - http-outgoing-2 << "HTTP/1.1 201 Created[\r][\n]"
2026-07-21 16:23:20.296 [main] DEBUG com.github.dockerjava.zerodep.shaded.org.apache.hc.client5.http.wire - http-outgoing-2 << "Api-Version: 1.54[\r][\n]"
2026-07-21 16:23:20.296 [main] DEBUG com.github.dockerjava.zerodep.shaded.org.apache.hc.client5.http.wire - http-outgoing-2 << "Content-Type: application/json[\r][\n]"
2026-07-21 16:23:20.296 [main] DEBUG com.github.dockerjava.zerodep.shaded.org.apache.hc.client5.http.wire - http-outgoing-2 << "Date: Tue, 21 Jul 2026 13:23:20 GMT[\r][\n]"
2026-07-21 16:23:20.296 [main] DEBUG com.github.dockerjava.zerodep.shaded.org.apache.hc.client5.http.wire - http-outgoing-2 << "Docker-Experimental: false[\r][\n]"
2026-07-21 16:23:20.297 [main] DEBUG com.github.dockerjava.zerodep.shaded.org.apache.hc.client5.http.wire - http-outgoing-2 << "Ostype: linux[\r][\n]"
2026-07-21 16:23:20.297 [main] DEBUG com.github.dockerjava.zerodep.shaded.org.apache.hc.client5.http.wire - http-outgoing-2 << "Server: Docker/29.5.3 (linux)[\r][\n]"
2026-07-21 16:23:20.297 [main] DEBUG com.github.dockerjava.zerodep.shaded.org.apache.hc.client5.http.wire - http-outgoing-2 << "Transfer-Encoding: chunked[\r][\n]"
2026-07-21 16:23:20.297 [main] DEBUG com.github.dockerjava.zerodep.shaded.org.apache.hc.client5.http.wire - http-outgoing-2 << "[\r][\n]"
2026-07-21 16:23:20.297 [main] DEBUG com.github.dockerjava.zerodep.shaded.org.apache.hc.client5.http.headers - http-outgoing-2 << HTTP/1.1 201 Created
2026-07-21 16:23:20.297 [main] DEBUG com.github.dockerjava.zerodep.shaded.org.apache.hc.client5.http.headers - http-outgoing-2 << Api-Version: 1.54
2026-07-21 16:23:20.297 [main] DEBUG com.github.dockerjava.zerodep.shaded.org.apache.hc.client5.http.headers - http-outgoing-2 << Content-Type: application/json
2026-07-21 16:23:20.297 [main] DEBUG com.github.dockerjava.zerodep.shaded.org.apache.hc.client5.http.headers - http-outgoing-2 << Date: Tue, 21 Jul 2026 13:23:20 GMT
2026-07-21 16:23:20.297 [main] DEBUG com.github.dockerjava.zerodep.shaded.org.apache.hc.client5.http.headers - http-outgoing-2 << Docker-Experimental: false
2026-07-21 16:23:20.297 [main] DEBUG com.github.dockerjava.zerodep.shaded.org.apache.hc.client5.http.headers - http-outgoing-2 << Ostype: linux
2026-07-21 16:23:20.297 [main] DEBUG com.github.dockerjava.zerodep.shaded.org.apache.hc.client5.http.headers - http-outgoing-2 << Server: Docker/29.5.3 (linux)
2026-07-21 16:23:20.297 [main] DEBUG com.github.dockerjava.zerodep.shaded.org.apache.hc.client5.http.headers - http-outgoing-2 << Transfer-Encoding: chunked
2026-07-21 16:23:20.297 [main] DEBUG com.github.dockerjava.zerodep.shaded.org.apache.hc.client5.http.impl.classic.MainClientExec - ex-0000000018 connection can be kept alive for 3 MINUTES
2026-07-21 16:23:20.297 [main] DEBUG com.github.dockerjava.zerodep.shaded.org.apache.hc.client5.http.wire - http-outgoing-2 << "58[\r][\n]"
2026-07-21 16:23:20.297 [main] DEBUG com.github.dockerjava.zerodep.shaded.org.apache.hc.client5.http.wire - http-outgoing-2 << "{"Id":"1c4383140b0d016adc3d7e5ab06016bfabd1eec711add3c12a1bd7aa1159c6ab","Warnings":[]}[\n]"
2026-07-21 16:23:20.297 [main] DEBUG com.github.dockerjava.zerodep.shaded.org.apache.hc.client5.http.wire - http-outgoing-2 << "[\r][\n]"
2026-07-21 16:23:20.297 [main] DEBUG com.github.dockerjava.zerodep.shaded.org.apache.hc.client5.http.wire - http-outgoing-2 << "0[\r][\n]"
2026-07-21 16:23:20.297 [main] DEBUG com.github.dockerjava.zerodep.shaded.org.apache.hc.client5.http.wire - http-outgoing-2 << "[\r][\n]"
2026-07-21 16:23:20.298 [main] DEBUG com.github.dockerjava.zerodep.shaded.org.apache.hc.client5.http.impl.classic.InternalHttpClient - ep-0000000018 releasing valid endpoint
2026-07-21 16:23:20.298 [main] DEBUG com.github.dockerjava.zerodep.shaded.org.apache.hc.client5.http.impl.io.PoolingHttpClientConnectionManager - ep-0000000018 releasing endpoint
2026-07-21 16:23:20.298 [main] DEBUG com.github.dockerjava.zerodep.shaded.org.apache.hc.client5.http.impl.io.PoolingHttpClientConnectionManager - ep-0000000018 connection http-outgoing-2 can be kept alive for 3 MINUTES
2026-07-21 16:23:20.298 [main] DEBUG com.github.dockerjava.zerodep.shaded.org.apache.hc.client5.http.impl.io.PoolingHttpClientConnectionManager - ep-0000000018 connection released [route: {}->[unix://localhost:2375]][total available: 1; route allocated: 1 of 2147483647; total allocated: 1 of 2147483647]
2026-07-21 16:23:20.298 [main] INFO  tc.postgres:latest - Container postgres:latest is starting: 1c4383140b0d016adc3d7e5ab06016bfabd1eec711add3c12a1bd7aa1159c6ab
2026-07-21 16:23:20.298 [main] DEBUG org.testcontainers.shaded.com.github.dockerjava.core.command.AbstrDockerCmd - Cmd: 1c4383140b0d016adc3d7e5ab06016bfabd1eec711add3c12a1bd7aa1159c6ab
2026-07-21 16:23:20.298 [main] TRACE org.testcontainers.shaded.com.github.dockerjava.core.exec.StartContainerCmdExec - POST: DefaultWebTarget{path=[/containers/1c4383140b0d016adc3d7e5ab06016bfabd1eec711add3c12a1bd7aa1159c6ab/start], queryParams={}}
2026-07-21 16:23:20.299 [main] DEBUG com.github.dockerjava.zerodep.shaded.org.apache.hc.client5.http.impl.classic.InternalHttpClient - ex-0000000019 preparing request execution
2026-07-21 16:23:20.299 [main] DEBUG com.github.dockerjava.zerodep.shaded.org.apache.hc.client5.http.impl.classic.ProtocolExec - ex-0000000019 target auth state: UNCHALLENGED
2026-07-21 16:23:20.299 [main] DEBUG com.github.dockerjava.zerodep.shaded.org.apache.hc.client5.http.impl.classic.ProtocolExec - ex-0000000019 proxy auth state: UNCHALLENGED
2026-07-21 16:23:20.299 [main] DEBUG com.github.dockerjava.zerodep.shaded.org.apache.hc.client5.http.impl.classic.ConnectExec - ex-0000000019 acquiring connection with route {}->[unix://localhost:2375]
2026-07-21 16:23:20.299 [main] DEBUG com.github.dockerjava.zerodep.shaded.org.apache.hc.client5.http.impl.classic.InternalHttpClient - ex-0000000019 acquiring endpoint (3 MINUTES)
2026-07-21 16:23:20.299 [main] DEBUG com.github.dockerjava.zerodep.shaded.org.apache.hc.client5.http.impl.io.PoolingHttpClientConnectionManager - ex-0000000019 endpoint lease request (3 MINUTES) [route: {}->[unix://localhost:2375]][total available: 1; route allocated: 1 of 2147483647; total allocated: 1 of 2147483647]
2026-07-21 16:23:20.299 [main] DEBUG com.github.dockerjava.zerodep.shaded.org.apache.hc.client5.http.impl.io.PoolingHttpClientConnectionManager - ex-0000000019 endpoint leased [route: {}->[unix://localhost:2375]][total available: 0; route allocated: 1 of 2147483647; total allocated: 1 of 2147483647]
2026-07-21 16:23:20.300 [main] DEBUG com.github.dockerjava.zerodep.shaded.org.apache.hc.client5.http.impl.io.PoolingHttpClientConnectionManager - ex-0000000019 acquired ep-0000000019
2026-07-21 16:23:20.300 [main] DEBUG com.github.dockerjava.zerodep.shaded.org.apache.hc.client5.http.impl.classic.InternalHttpClient - ex-0000000019 acquired endpoint ep-0000000019
2026-07-21 16:23:20.300 [main] DEBUG com.github.dockerjava.zerodep.shaded.org.apache.hc.client5.http.impl.classic.MainClientExec - ex-0000000019 executing POST /v1.44/containers/1c4383140b0d016adc3d7e5ab06016bfabd1eec711add3c12a1bd7aa1159c6ab/start
2026-07-21 16:23:20.300 [main] DEBUG com.github.dockerjava.zerodep.shaded.org.apache.hc.client5.http.protocol.RequestAddCookies - ex-0000000019 Cookie spec selected: strict
2026-07-21 16:23:20.300 [main] DEBUG com.github.dockerjava.zerodep.shaded.org.apache.hc.client5.http.impl.classic.InternalHttpClient - ep-0000000019 start execution ex-0000000019
2026-07-21 16:23:20.300 [main] DEBUG com.github.dockerjava.zerodep.shaded.org.apache.hc.client5.http.impl.io.PoolingHttpClientConnectionManager - ep-0000000019 executing exchange ex-0000000019 over http-outgoing-2
2026-07-21 16:23:20.300 [main] DEBUG com.github.dockerjava.zerodep.shaded.org.apache.hc.client5.http.headers - http-outgoing-2 >> POST /v1.44/containers/1c4383140b0d016adc3d7e5ab06016bfabd1eec711add3c12a1bd7aa1159c6ab/start HTTP/1.1
2026-07-21 16:23:20.300 [main] DEBUG com.github.dockerjava.zerodep.shaded.org.apache.hc.client5.http.headers - http-outgoing-2 >> accept: application/json
2026-07-21 16:23:20.300 [main] DEBUG com.github.dockerjava.zerodep.shaded.org.apache.hc.client5.http.headers - http-outgoing-2 >> content-type: application/json
2026-07-21 16:23:20.300 [main] DEBUG com.github.dockerjava.zerodep.shaded.org.apache.hc.client5.http.headers - http-outgoing-2 >> x-tc-sid: c2815888-2ad9-4d1b-b81d-ff10c2a3009c
2026-07-21 16:23:20.300 [main] DEBUG com.github.dockerjava.zerodep.shaded.org.apache.hc.client5.http.headers - http-outgoing-2 >> User-Agent: tc-java/2.0.5
2026-07-21 16:23:20.300 [main] DEBUG com.github.dockerjava.zerodep.shaded.org.apache.hc.client5.http.headers - http-outgoing-2 >> Accept-Encoding: gzip, x-gzip, deflate
2026-07-21 16:23:20.300 [main] DEBUG com.github.dockerjava.zerodep.shaded.org.apache.hc.client5.http.headers - http-outgoing-2 >> Host: localhost:2375
2026-07-21 16:23:20.300 [main] DEBUG com.github.dockerjava.zerodep.shaded.org.apache.hc.client5.http.headers - http-outgoing-2 >> Content-Length: 0
2026-07-21 16:23:20.300 [main] DEBUG com.github.dockerjava.zerodep.shaded.org.apache.hc.client5.http.headers - http-outgoing-2 >> Connection: keep-alive
2026-07-21 16:23:20.300 [main] DEBUG com.github.dockerjava.zerodep.shaded.org.apache.hc.client5.http.wire - http-outgoing-2 >> "POST /v1.44/containers/1c4383140b0d016adc3d7e5ab06016bfabd1eec711add3c12a1bd7aa1159c6ab/start HTTP/1.1[\r][\n]"
2026-07-21 16:23:20.300 [main] DEBUG com.github.dockerjava.zerodep.shaded.org.apache.hc.client5.http.wire - http-outgoing-2 >> "accept: application/json[\r][\n]"
2026-07-21 16:23:20.300 [main] DEBUG com.github.dockerjava.zerodep.shaded.org.apache.hc.client5.http.wire - http-outgoing-2 >> "content-type: application/json[\r][\n]"
2026-07-21 16:23:20.300 [main] DEBUG com.github.dockerjava.zerodep.shaded.org.apache.hc.client5.http.wire - http-outgoing-2 >> "x-tc-sid: c2815888-2ad9-4d1b-b81d-ff10c2a3009c[\r][\n]"
2026-07-21 16:23:20.300 [main] DEBUG com.github.dockerjava.zerodep.shaded.org.apache.hc.client5.http.wire - http-outgoing-2 >> "User-Agent: tc-java/2.0.5[\r][\n]"
2026-07-21 16:23:20.300 [main] DEBUG com.github.dockerjava.zerodep.shaded.org.apache.hc.client5.http.wire - http-outgoing-2 >> "Accept-Encoding: gzip, x-gzip, deflate[\r][\n]"
2026-07-21 16:23:20.300 [main] DEBUG com.github.dockerjava.zerodep.shaded.org.apache.hc.client5.http.wire - http-outgoing-2 >> "Host: localhost:2375[\r][\n]"
2026-07-21 16:23:20.300 [main] DEBUG com.github.dockerjava.zerodep.shaded.org.apache.hc.client5.http.wire - http-outgoing-2 >> "Content-Length: 0[\r][\n]"
2026-07-21 16:23:20.300 [main] DEBUG com.github.dockerjava.zerodep.shaded.org.apache.hc.client5.http.wire - http-outgoing-2 >> "Connection: keep-alive[\r][\n]"
2026-07-21 16:23:20.300 [main] DEBUG com.github.dockerjava.zerodep.shaded.org.apache.hc.client5.http.wire - http-outgoing-2 >> "[\r][\n]"
2026-07-21 16:23:20.401 [main] DEBUG com.github.dockerjava.zerodep.shaded.org.apache.hc.client5.http.wire - http-outgoing-2 << "HTTP/1.1 204 No Content[\r][\n]"
2026-07-21 16:23:20.402 [main] DEBUG com.github.dockerjava.zerodep.shaded.org.apache.hc.client5.http.wire - http-outgoing-2 << "Api-Version: 1.54[\r][\n]"
2026-07-21 16:23:20.402 [main] DEBUG com.github.dockerjava.zerodep.shaded.org.apache.hc.client5.http.wire - http-outgoing-2 << "Date: Tue, 21 Jul 2026 13:23:20 GMT[\r][\n]"
2026-07-21 16:23:20.402 [main] DEBUG com.github.dockerjava.zerodep.shaded.org.apache.hc.client5.http.wire - http-outgoing-2 << "Docker-Experimental: false[\r][\n]"
2026-07-21 16:23:20.402 [main] DEBUG com.github.dockerjava.zerodep.shaded.org.apache.hc.client5.http.wire - http-outgoing-2 << "Ostype: linux[\r][\n]"
2026-07-21 16:23:20.402 [main] DEBUG com.github.dockerjava.zerodep.shaded.org.apache.hc.client5.http.wire - http-outgoing-2 << "Server: Docker/29.5.3 (linux)[\r][\n]"
2026-07-21 16:23:20.402 [main] DEBUG com.github.dockerjava.zerodep.shaded.org.apache.hc.client5.http.wire - http-outgoing-2 << "[\r][\n]"
2026-07-21 16:23:20.402 [main] DEBUG com.github.dockerjava.zerodep.shaded.org.apache.hc.client5.http.headers - http-outgoing-2 << HTTP/1.1 204 No Content
2026-07-21 16:23:20.402 [main] DEBUG com.github.dockerjava.zerodep.shaded.org.apache.hc.client5.http.headers - http-outgoing-2 << Api-Version: 1.54
2026-07-21 16:23:20.402 [main] DEBUG com.github.dockerjava.zerodep.shaded.org.apache.hc.client5.http.headers - http-outgoing-2 << Date: Tue, 21 Jul 2026 13:23:20 GMT
2026-07-21 16:23:20.402 [main] DEBUG com.github.dockerjava.zerodep.shaded.org.apache.hc.client5.http.headers - http-outgoing-2 << Docker-Experimental: false
2026-07-21 16:23:20.402 [main] DEBUG com.github.dockerjava.zerodep.shaded.org.apache.hc.client5.http.headers - http-outgoing-2 << Ostype: linux
2026-07-21 16:23:20.402 [main] DEBUG com.github.dockerjava.zerodep.shaded.org.apache.hc.client5.http.headers - http-outgoing-2 << Server: Docker/29.5.3 (linux)
2026-07-21 16:23:20.402 [main] DEBUG com.github.dockerjava.zerodep.shaded.org.apache.hc.client5.http.impl.classic.MainClientExec - ex-0000000019 connection can be kept alive for 3 MINUTES
2026-07-21 16:23:20.402 [main] DEBUG com.github.dockerjava.zerodep.shaded.org.apache.hc.client5.http.impl.classic.InternalHttpClient - ep-0000000019 releasing valid endpoint
2026-07-21 16:23:20.402 [main] DEBUG com.github.dockerjava.zerodep.shaded.org.apache.hc.client5.http.impl.io.PoolingHttpClientConnectionManager - ep-0000000019 releasing endpoint
2026-07-21 16:23:20.402 [main] DEBUG com.github.dockerjava.zerodep.shaded.org.apache.hc.client5.http.impl.io.PoolingHttpClientConnectionManager - ep-0000000019 connection http-outgoing-2 can be kept alive for 3 MINUTES
2026-07-21 16:23:20.402 [main] DEBUG com.github.dockerjava.zerodep.shaded.org.apache.hc.client5.http.impl.io.PoolingHttpClientConnectionManager - ep-0000000019 connection released [route: {}->[unix://localhost:2375]][total available: 1; route allocated: 1 of 2147483647; total allocated: 1 of 2147483647]
2026-07-21 16:23:20.402 [main] DEBUG org.testcontainers.shaded.com.github.dockerjava.core.command.AbstrDockerCmd - Cmd: 1c4383140b0d016adc3d7e5ab06016bfabd1eec711add3c12a1bd7aa1159c6ab,false
2026-07-21 16:23:20.402 [main] DEBUG org.testcontainers.shaded.com.github.dockerjava.core.exec.InspectContainerCmdExec - GET: DefaultWebTarget{path=[/containers/1c4383140b0d016adc3d7e5ab06016bfabd1eec711add3c12a1bd7aa1159c6ab/json], queryParams={}}
2026-07-21 16:23:20.403 [main] DEBUG com.github.dockerjava.zerodep.shaded.org.apache.hc.client5.http.impl.classic.InternalHttpClient - ex-0000000020 preparing request execution
2026-07-21 16:23:20.403 [main] DEBUG com.github.dockerjava.zerodep.shaded.org.apache.hc.client5.http.impl.classic.ProtocolExec - ex-0000000020 target auth state: UNCHALLENGED
2026-07-21 16:23:20.403 [main] DEBUG com.github.dockerjava.zerodep.shaded.org.apache.hc.client5.http.impl.classic.ProtocolExec - ex-0000000020 proxy auth state: UNCHALLENGED
2026-07-21 16:23:20.403 [main] DEBUG com.github.dockerjava.zerodep.shaded.org.apache.hc.client5.http.impl.classic.ConnectExec - ex-0000000020 acquiring connection with route {}->[unix://localhost:2375]
2026-07-21 16:23:20.403 [main] DEBUG com.github.dockerjava.zerodep.shaded.org.apache.hc.client5.http.impl.classic.InternalHttpClient - ex-0000000020 acquiring endpoint (3 MINUTES)
2026-07-21 16:23:20.403 [main] DEBUG com.github.dockerjava.zerodep.shaded.org.apache.hc.client5.http.impl.io.PoolingHttpClientConnectionManager - ex-0000000020 endpoint lease request (3 MINUTES) [route: {}->[unix://localhost:2375]][total available: 1; route allocated: 1 of 2147483647; total allocated: 1 of 2147483647]
2026-07-21 16:23:20.403 [main] DEBUG com.github.dockerjava.zerodep.shaded.org.apache.hc.client5.http.impl.io.PoolingHttpClientConnectionManager - ex-0000000020 endpoint leased [route: {}->[unix://localhost:2375]][total available: 0; route allocated: 1 of 2147483647; total allocated: 1 of 2147483647]
2026-07-21 16:23:20.403 [main] DEBUG com.github.dockerjava.zerodep.shaded.org.apache.hc.client5.http.impl.io.PoolingHttpClientConnectionManager - ex-0000000020 acquired ep-0000000020
2026-07-21 16:23:20.403 [main] DEBUG com.github.dockerjava.zerodep.shaded.org.apache.hc.client5.http.impl.classic.InternalHttpClient - ex-0000000020 acquired endpoint ep-0000000020
2026-07-21 16:23:20.403 [main] DEBUG com.github.dockerjava.zerodep.shaded.org.apache.hc.client5.http.impl.classic.MainClientExec - ex-0000000020 executing GET /v1.44/containers/1c4383140b0d016adc3d7e5ab06016bfabd1eec711add3c12a1bd7aa1159c6ab/json
2026-07-21 16:23:20.403 [main] DEBUG com.github.dockerjava.zerodep.shaded.org.apache.hc.client5.http.protocol.RequestAddCookies - ex-0000000020 Cookie spec selected: strict
2026-07-21 16:23:20.403 [main] DEBUG com.github.dockerjava.zerodep.shaded.org.apache.hc.client5.http.impl.classic.InternalHttpClient - ep-0000000020 start execution ex-0000000020
2026-07-21 16:23:20.403 [main] DEBUG com.github.dockerjava.zerodep.shaded.org.apache.hc.client5.http.impl.io.PoolingHttpClientConnectionManager - ep-0000000020 executing exchange ex-0000000020 over http-outgoing-2
2026-07-21 16:23:20.403 [main] DEBUG com.github.dockerjava.zerodep.shaded.org.apache.hc.client5.http.headers - http-outgoing-2 >> GET /v1.44/containers/1c4383140b0d016adc3d7e5ab06016bfabd1eec711add3c12a1bd7aa1159c6ab/json HTTP/1.1
2026-07-21 16:23:20.403 [main] DEBUG com.github.dockerjava.zerodep.shaded.org.apache.hc.client5.http.headers - http-outgoing-2 >> accept: application/json
2026-07-21 16:23:20.403 [main] DEBUG com.github.dockerjava.zerodep.shaded.org.apache.hc.client5.http.headers - http-outgoing-2 >> x-tc-sid: c2815888-2ad9-4d1b-b81d-ff10c2a3009c
2026-07-21 16:23:20.403 [main] DEBUG com.github.dockerjava.zerodep.shaded.org.apache.hc.client5.http.headers - http-outgoing-2 >> User-Agent: tc-java/2.0.5
2026-07-21 16:23:20.403 [main] DEBUG com.github.dockerjava.zerodep.shaded.org.apache.hc.client5.http.headers - http-outgoing-2 >> Accept-Encoding: gzip, x-gzip, deflate
2026-07-21 16:23:20.403 [main] DEBUG com.github.dockerjava.zerodep.shaded.org.apache.hc.client5.http.headers - http-outgoing-2 >> Host: localhost:2375
2026-07-21 16:23:20.403 [main] DEBUG com.github.dockerjava.zerodep.shaded.org.apache.hc.client5.http.headers - http-outgoing-2 >> Connection: keep-alive
2026-07-21 16:23:20.403 [main] DEBUG com.github.dockerjava.zerodep.shaded.org.apache.hc.client5.http.wire - http-outgoing-2 >> "GET /v1.44/containers/1c4383140b0d016adc3d7e5ab06016bfabd1eec711add3c12a1bd7aa1159c6ab/json HTTP/1.1[\r][\n]"
2026-07-21 16:23:20.403 [main] DEBUG com.github.dockerjava.zerodep.shaded.org.apache.hc.client5.http.wire - http-outgoing-2 >> "accept: application/json[\r][\n]"
2026-07-21 16:23:20.403 [main] DEBUG com.github.dockerjava.zerodep.shaded.org.apache.hc.client5.http.wire - http-outgoing-2 >> "x-tc-sid: c2815888-2ad9-4d1b-b81d-ff10c2a3009c[\r][\n]"
2026-07-21 16:23:20.403 [main] DEBUG com.github.dockerjava.zerodep.shaded.org.apache.hc.client5.http.wire - http-outgoing-2 >> "User-Agent: tc-java/2.0.5[\r][\n]"
2026-07-21 16:23:20.403 [main] DEBUG com.github.dockerjava.zerodep.shaded.org.apache.hc.client5.http.wire - http-outgoing-2 >> "Accept-Encoding: gzip, x-gzip, deflate[\r][\n]"
2026-07-21 16:23:20.403 [main] DEBUG com.github.dockerjava.zerodep.shaded.org.apache.hc.client5.http.wire - http-outgoing-2 >> "Host: localhost:2375[\r][\n]"
2026-07-21 16:23:20.403 [main] DEBUG com.github.dockerjava.zerodep.shaded.org.apache.hc.client5.http.wire - http-outgoing-2 >> "Connection: keep-alive[\r][\n]"
2026-07-21 16:23:20.403 [main] DEBUG com.github.dockerjava.zerodep.shaded.org.apache.hc.client5.http.wire - http-outgoing-2 >> "[\r][\n]"
2026-07-21 16:23:20.405 [main] DEBUG com.github.dockerjava.zerodep.shaded.org.apache.hc.client5.http.wire - http-outgoing-2 << "HTTP/1.1 200 OK[\r][\n]"
2026-07-21 16:23:20.405 [main] DEBUG com.github.dockerjava.zerodep.shaded.org.apache.hc.client5.http.wire - http-outgoing-2 << "Api-Version: 1.54[\r][\n]"
2026-07-21 16:23:20.405 [main] DEBUG com.github.dockerjava.zerodep.shaded.org.apache.hc.client5.http.wire - http-outgoing-2 << "Content-Type: application/json[\r][\n]"
2026-07-21 16:23:20.405 [main] DEBUG com.github.dockerjava.zerodep.shaded.org.apache.hc.client5.http.wire - http-outgoing-2 << "Date: Tue, 21 Jul 2026 13:23:20 GMT[\r][\n]"
2026-07-21 16:23:20.405 [main] DEBUG com.github.dockerjava.zerodep.shaded.org.apache.hc.client5.http.wire - http-outgoing-2 << "Docker-Experimental: false[\r][\n]"
2026-07-21 16:23:20.405 [main] DEBUG com.github.dockerjava.zerodep.shaded.org.apache.hc.client5.http.wire - http-outgoing-2 << "Ostype: linux[\r][\n]"
2026-07-21 16:23:20.405 [main] DEBUG com.github.dockerjava.zerodep.shaded.org.apache.hc.client5.http.wire - http-outgoing-2 << "Server: Docker/29.5.3 (linux)[\r][\n]"
2026-07-21 16:23:20.405 [main] DEBUG com.github.dockerjava.zerodep.shaded.org.apache.hc.client5.http.wire - http-outgoing-2 << "Transfer-Encoding: chunked[\r][\n]"
2026-07-21 16:23:20.405 [main] DEBUG com.github.dockerjava.zerodep.shaded.org.apache.hc.client5.http.wire - http-outgoing-2 << "[\r][\n]"
2026-07-21 16:23:20.405 [main] DEBUG com.github.dockerjava.zerodep.shaded.org.apache.hc.client5.http.wire - http-outgoing-2 << "1932[\r][\n]"
2026-07-21 16:23:20.406 [main] DEBUG com.github.dockerjava.zerodep.shaded.org.apache.hc.client5.http.wire - http-outgoing-2 << "{"Id":"1c4383140b0d016adc3d7e5ab06016bfabd1eec711add3c12a1bd7aa1159c6ab","Created":"2026-07-21T13:23:20.252642421Z","Path":"docker-entrypoint.sh","Args":["postgres","-c","fsync=off"],"State":{"Status":"running","Running":true,"Paused":false,"Restarting":false,"OOMKilled":false,"Dead":false,"Pid":59835,"ExitCode":0,"Error":"","StartedAt":"2026-07-21T13:23:20.322730296Z","FinishedAt":"0001-01-01T00:00:00Z"},"Image":"sha256:21a7e541217c7a1b157f4e0d534eaa715ccca6da24e9778c122873a4cc75d6f5","ResolvConfPath":"/var/lib/docker/containers/1c4383140b0d016adc3d7e5ab06016bfabd1eec711add3c12a1bd7aa1159c6ab/resolv.conf","HostnamePath":"/var/lib/docker/containers/1c4383140b0d016adc3d7e5ab06016bfabd1eec711add3c12a1bd7aa1159c6ab/hostname","HostsPath":"/var/lib/docker/containers/1c4383140b0d016adc3d7e5ab06016bfabd1eec711add3c12a1bd7aa1159c6ab/hosts","LogPath":"/var/lib/docker/containers/1c4383140b0d016adc3d7e5ab06016bfabd1eec711add3c12a1bd7aa1159c6ab/1c4383140b0d016adc3d7e5ab06016bfabd1eec711add3c12a1bd7aa1159c6ab-json.log","Name":"/thirsty_mclean","RestartCount":0,"Driver":"overlay2","Platform":"linux","MountLabel":"","ProcessLabel":"","AppArmorProfile":"","ExecIDs":null,"HostConfig":{"Binds":[],"ContainerIDFile":"","LogConfig":{"Type":"json-file","Config":{}},"NetworkMode":"bridge","PortBindings":{"5432/tcp":[{"HostIp":"","HostPort":""}]},"RestartPolicy":{"Name":"no","MaximumRetryCount":0},"AutoRemove":false,"VolumeDriver":"","VolumesFrom":[],"ConsoleSize":[0,0],"CapAdd":null,"CapDrop":null,"CgroupnsMode":"private","Dns":null,"DnsOptions":null,"DnsSearch":null,"ExtraHosts":[],"GroupAdd":null,"IpcMode":"private","Cgroup":"","Links":null,"OomScoreAdj":0,"PidMode":"","Privileged":false,"PublishAllPorts":false,"ReadonlyRootfs":false,"SecurityOpt":null,"UTSMode":"","UsernsMode":"","ShmSize":67108864,"Runtime":"runc","Isolation":"","CpuShares":0,"Memory":0,"NanoCpus":0,"CgroupParent":"","BlkioWeight":0,"BlkioWeightDevice":null,"BlkioDeviceReadBps":null,"BlkioDeviceWriteBps":null,"BlkioDeviceReadIOps":null,"BlkioDeviceWriteIOps":null,"CpuPeriod":0,"CpuQuota":0,"CpuRealtimePeriod":0,"CpuRealtimeRuntime":0,"CpusetCpus":"","CpusetMems":"","Devices":null,"DeviceCgroupRules":null,"DeviceRequests":null,"MemoryReservation":0,"MemorySwap":0,"MemorySwappiness":null,"OomKillDisable":null,"PidsLimit":null,"Ulimits":null,"CpuCount":0,"CpuPercent":0,"IOMaximumIOps":0,"IOMaximumBandwidth":0,"MaskedPaths":["/proc/acpi","/proc/asound","/proc/interrupts","/proc/kcore","/proc/keys","/proc/latency_stats","/proc/sched_debug","/proc/scsi","/proc/timer_list","/proc/timer_stats","/sys/devices/virtual/powercap","/sys/firmware"],"ReadonlyPaths":["/proc/bus","/proc/fs","/proc/irq","/proc/sys","/proc/sysrq-trigger"]},"GraphDriver":{"Data":{"ID":"1c4383140b0d016adc3d7e5ab06016bfabd1eec711add3c12a1bd7aa1159c6ab","LowerDir":"/var/lib/docker/overlay2/97716f6c46c33ee32833183ad17c07edf9ffdfd6c293b9095f3426bb228bb5e1-init/diff:/var/lib/docker/overlay2/1aef3490a29794478ed33994b49b19bd47bcf0ca35d121c669b9a3da659098e9/diff:/var/lib/docker/overlay2/a386117c960e51626153bc63ffbe8c2b23d314e49f8095520a249936d8d1a84d/diff:/var/lib/docker/overlay2/dee08542fd83b7b17b2870384c217d63fcb12463bfe8d10c316f0b1a1d04d47d/diff:/var/lib/docker/overlay2/3009a33ec3c152ef1aec597ef919d2fd3c2c613749a4b2fa45b28cffa51e0bb6/diff:/var/lib/docker/overlay2/b82639c7e60942005bcbe5c112a91b3d2508dca12533f3f2203497d171780b1b/diff:/var/lib/docker/overlay2/8d308d23c9a2b61c1784866748843be530e2dd300d5d34305f4dc37d3a10b5ea/diff:/var/lib/docker/overlay2/568b08209eefcebad1f10c0d9ed85aedc1149ddf463b2c35e19feca1c5334193/diff:/var/lib/docker/overlay2/de7cde3cbbc720040cdffe8548d4011e50ce06615c068d2788e4d893117aa125/diff:/var/lib/docker/overlay2/2b69ce2851209a845f831c27af4f5927f5e33a41b12fcb3608c540c7a5b017e6/diff:/var/lib/docker/overlay2/97fba548b452656804322aff121f5dd09b580ef2bab0edcee0191787edfc1efa/diff:/var/lib/docker/overlay2/71f2b21f2411c6a219f4472e6cc035df5f74df40b3a8b3062ac01b46f06534af/diff:/var/lib/docker/overlay2/c6a4da686c076b8bd4dab18f36ea483477611cdff23175fd5f37e528eea29248/diff:/var/lib/docker/overlay2/c21f4d15b699d12b68ac644e350ec384ca0f60e53b757694588bc9778b73a303/diff:/var/lib/docker/overlay2/dee8f2bec1a585effd64d87e3c2c09b0c56efe873ee81fb4aa594e55974ec642/diff","MergedDir":"/var/lib/docker/overlay2/97716f6c46c33ee32833183ad17c07edf9ffdfd6c293b9095f3426bb228bb5e1/merged","UpperDir":"/var/lib/docker/overlay2/97716f6c46c33ee32833183ad17c07edf9ffdfd6c293b9095f3426bb228bb5e1/diff","WorkDir":"/var/lib/docker/overlay2/97716f6c46c33ee32833183ad17c07edf9ffdfd6c293b9095f3426bb228bb5e1/work"},"Name":"overlay2"},"Mounts":[{"Type":"volume","Name":"d93c38d90e2069a1e259627695369dfe26b3f49d6154da723d55243d47a9d185","Source":"/var/lib/docker/volumes/d93c38d90e2069a1e259627695369dfe26b3f49d6154da723d55243d47a9d185/_data","Destination":"/var/lib/postgresql","Driver":"local","Mode":"","RW":true,"Propagation":""}],"Config":{"Hostname":"1c4383140b0d","Domainname":"","User":"","AttachStdin":false,"AttachStdout":false,"AttachStderr":false,"ExposedPorts":{"5432/tcp":{}},"Tty":false,"OpenStdin":false,"StdinOnce":false,"Env":["POSTGRES_USER=test","POSTGRES_PASSWORD=test","POSTGRES_DB=test","PATH=/usr/local/sbin:/usr/local/bin:/usr/sbin:/usr/bin:/sbin:/bin:/usr/lib/postgresql/18/bin","GOSU_VERSION=1.19","LANG=en_US.utf8","PG_MAJOR=18","PG_VERSION=18.0-1.pgdg13+3","PGDATA=/var/lib/postgresql/18/docker"],"Cmd":["postgres","-c","fsync=off"],"Image":"postgres:latest","Volumes":{"/var/lib/postgresql":{}},"WorkingDir":"","Entrypoint":["docker-entrypoint.sh"],"Labels":{"org.testcontainers":"true","org.testcontainers.lang":"java","org.testcontainers.sessionId":"c2815888-2ad9-4d1b-b81d-ff10c2a3009c","org.testcontainers.version":"2.0.5"},"StopSignal":"SIGINT","StopTimeout":1},"NetworkSettings":{"SandboxID":"43810f03d80b340f856a427471352a905134fd02d1965dc27a67b63d5d44fde5","SandboxKey":"/var/run/docker/netns/43810f03d80b","Ports":{"5432/tcp":[{"HostIp":"0.0.0.0","HostPort":"59628"},{"HostIp":"::","HostPort":"59628"}]},"Networks":{"bridge":{"IPAMConfig":null,"Links":null,"Aliases":null,"DriverOpts":null,"GwPriority":0,"NetworkID":"998d6244bdfb5e5563c0dbbe14df5cbe693c238c2c93dcb841f601252b85ef2f","EndpointID":"c5cbad77e7eda158df77470914c7f5dcafde07c8e468cb6836c8182d13acbacf","Gateway":"172.17.0.1","IPAddress":"172.17.0.5","MacAddress":"26:a0:c1:39:b4:f8","IPPrefixLen":16,"IPv6Gateway":"","GlobalIPv6Address":"","GlobalIPv6PrefixLen":0,"DNSNames":null}}}}[\n]"
2026-07-21 16:23:20.406 [main] DEBUG com.github.dockerjava.zerodep.shaded.org.apache.hc.client5.http.wire - http-outgoing-2 << "[\r][\n]"
2026-07-21 16:23:20.406 [main] DEBUG com.github.dockerjava.zerodep.shaded.org.apache.hc.client5.http.headers - http-outgoing-2 << HTTP/1.1 200 OK
2026-07-21 16:23:20.406 [main] DEBUG com.github.dockerjava.zerodep.shaded.org.apache.hc.client5.http.headers - http-outgoing-2 << Api-Version: 1.54
2026-07-21 16:23:20.406 [main] DEBUG com.github.dockerjava.zerodep.shaded.org.apache.hc.client5.http.headers - http-outgoing-2 << Content-Type: application/json
2026-07-21 16:23:20.406 [main] DEBUG com.github.dockerjava.zerodep.shaded.org.apache.hc.client5.http.headers - http-outgoing-2 << Date: Tue, 21 Jul 2026 13:23:20 GMT
2026-07-21 16:23:20.406 [main] DEBUG com.github.dockerjava.zerodep.shaded.org.apache.hc.client5.http.headers - http-outgoing-2 << Docker-Experimental: false
2026-07-21 16:23:20.406 [main] DEBUG com.github.dockerjava.zerodep.shaded.org.apache.hc.client5.http.headers - http-outgoing-2 << Ostype: linux
2026-07-21 16:23:20.406 [main] DEBUG com.github.dockerjava.zerodep.shaded.org.apache.hc.client5.http.headers - http-outgoing-2 << Server: Docker/29.5.3 (linux)
2026-07-21 16:23:20.406 [main] DEBUG com.github.dockerjava.zerodep.shaded.org.apache.hc.client5.http.headers - http-outgoing-2 << Transfer-Encoding: chunked
2026-07-21 16:23:20.406 [main] DEBUG com.github.dockerjava.zerodep.shaded.org.apache.hc.client5.http.impl.classic.MainClientExec - ex-0000000020 connection can be kept alive for 3 MINUTES
2026-07-21 16:23:20.407 [main] DEBUG com.github.dockerjava.zerodep.shaded.org.apache.hc.client5.http.wire - http-outgoing-2 << "0[\r][\n]"
2026-07-21 16:23:20.407 [main] DEBUG com.github.dockerjava.zerodep.shaded.org.apache.hc.client5.http.wire - http-outgoing-2 << "[\r][\n]"
2026-07-21 16:23:20.407 [main] DEBUG com.github.dockerjava.zerodep.shaded.org.apache.hc.client5.http.impl.classic.InternalHttpClient - ep-0000000020 releasing valid endpoint
2026-07-21 16:23:20.407 [main] DEBUG com.github.dockerjava.zerodep.shaded.org.apache.hc.client5.http.impl.io.PoolingHttpClientConnectionManager - ep-0000000020 releasing endpoint
2026-07-21 16:23:20.407 [main] DEBUG com.github.dockerjava.zerodep.shaded.org.apache.hc.client5.http.impl.io.PoolingHttpClientConnectionManager - ep-0000000020 connection http-outgoing-2 can be kept alive for 3 MINUTES
2026-07-21 16:23:20.408 [main] DEBUG com.github.dockerjava.zerodep.shaded.org.apache.hc.client5.http.impl.io.PoolingHttpClientConnectionManager - ep-0000000020 connection released [route: {}->[unix://localhost:2375]][total available: 1; route allocated: 1 of 2147483647; total allocated: 1 of 2147483647]
2026-07-21 16:23:20.408 [main] DEBUG org.testcontainers.shaded.com.github.dockerjava.core.command.AbstrDockerCmd - Cmd: sha256:21a7e541217c7a1b157f4e0d534eaa715ccca6da24e9778c122873a4cc75d6f5
2026-07-21 16:23:20.408 [main] TRACE org.testcontainers.shaded.com.github.dockerjava.core.exec.InspectImageCmdExec - GET: DefaultWebTarget{path=[/images/sha256:21a7e541217c7a1b157f4e0d534eaa715ccca6da24e9778c122873a4cc75d6f5/json], queryParams={}}
2026-07-21 16:23:20.408 [main] DEBUG com.github.dockerjava.zerodep.shaded.org.apache.hc.client5.http.impl.classic.InternalHttpClient - ex-0000000021 preparing request execution
2026-07-21 16:23:20.408 [main] DEBUG com.github.dockerjava.zerodep.shaded.org.apache.hc.client5.http.impl.classic.ProtocolExec - ex-0000000021 target auth state: UNCHALLENGED
2026-07-21 16:23:20.408 [main] DEBUG com.github.dockerjava.zerodep.shaded.org.apache.hc.client5.http.impl.classic.ProtocolExec - ex-0000000021 proxy auth state: UNCHALLENGED
2026-07-21 16:23:20.408 [main] DEBUG com.github.dockerjava.zerodep.shaded.org.apache.hc.client5.http.impl.classic.ConnectExec - ex-0000000021 acquiring connection with route {}->[unix://localhost:2375]
2026-07-21 16:23:20.408 [main] DEBUG com.github.dockerjava.zerodep.shaded.org.apache.hc.client5.http.impl.classic.InternalHttpClient - ex-0000000021 acquiring endpoint (3 MINUTES)
2026-07-21 16:23:20.408 [main] DEBUG com.github.dockerjava.zerodep.shaded.org.apache.hc.client5.http.impl.io.PoolingHttpClientConnectionManager - ex-0000000021 endpoint lease request (3 MINUTES) [route: {}->[unix://localhost:2375]][total available: 1; route allocated: 1 of 2147483647; total allocated: 1 of 2147483647]
2026-07-21 16:23:20.408 [main] DEBUG com.github.dockerjava.zerodep.shaded.org.apache.hc.client5.http.impl.io.PoolingHttpClientConnectionManager - ex-0000000021 endpoint leased [route: {}->[unix://localhost:2375]][total available: 0; route allocated: 1 of 2147483647; total allocated: 1 of 2147483647]
2026-07-21 16:23:20.408 [main] DEBUG com.github.dockerjava.zerodep.shaded.org.apache.hc.client5.http.impl.io.PoolingHttpClientConnectionManager - ex-0000000021 acquired ep-0000000021
2026-07-21 16:23:20.408 [main] DEBUG com.github.dockerjava.zerodep.shaded.org.apache.hc.client5.http.impl.classic.InternalHttpClient - ex-0000000021 acquired endpoint ep-0000000021
2026-07-21 16:23:20.408 [main] DEBUG com.github.dockerjava.zerodep.shaded.org.apache.hc.client5.http.impl.classic.MainClientExec - ex-0000000021 executing GET /v1.44/images/sha256:21a7e541217c7a1b157f4e0d534eaa715ccca6da24e9778c122873a4cc75d6f5/json
2026-07-21 16:23:20.408 [main] DEBUG com.github.dockerjava.zerodep.shaded.org.apache.hc.client5.http.protocol.RequestAddCookies - ex-0000000021 Cookie spec selected: strict
2026-07-21 16:23:20.408 [main] DEBUG com.github.dockerjava.zerodep.shaded.org.apache.hc.client5.http.impl.classic.InternalHttpClient - ep-0000000021 start execution ex-0000000021
2026-07-21 16:23:20.409 [main] DEBUG com.github.dockerjava.zerodep.shaded.org.apache.hc.client5.http.impl.io.PoolingHttpClientConnectionManager - ep-0000000021 executing exchange ex-0000000021 over http-outgoing-2
2026-07-21 16:23:20.409 [main] DEBUG com.github.dockerjava.zerodep.shaded.org.apache.hc.client5.http.headers - http-outgoing-2 >> GET /v1.44/images/sha256:21a7e541217c7a1b157f4e0d534eaa715ccca6da24e9778c122873a4cc75d6f5/json HTTP/1.1
2026-07-21 16:23:20.409 [main] DEBUG com.github.dockerjava.zerodep.shaded.org.apache.hc.client5.http.headers - http-outgoing-2 >> accept: application/json
2026-07-21 16:23:20.409 [main] DEBUG com.github.dockerjava.zerodep.shaded.org.apache.hc.client5.http.headers - http-outgoing-2 >> x-tc-sid: c2815888-2ad9-4d1b-b81d-ff10c2a3009c
2026-07-21 16:23:20.409 [main] DEBUG com.github.dockerjava.zerodep.shaded.org.apache.hc.client5.http.headers - http-outgoing-2 >> User-Agent: tc-java/2.0.5
2026-07-21 16:23:20.409 [main] DEBUG com.github.dockerjava.zerodep.shaded.org.apache.hc.client5.http.headers - http-outgoing-2 >> Accept-Encoding: gzip, x-gzip, deflate
2026-07-21 16:23:20.409 [main] DEBUG com.github.dockerjava.zerodep.shaded.org.apache.hc.client5.http.headers - http-outgoing-2 >> Host: localhost:2375
2026-07-21 16:23:20.409 [main] DEBUG com.github.dockerjava.zerodep.shaded.org.apache.hc.client5.http.headers - http-outgoing-2 >> Connection: keep-alive
2026-07-21 16:23:20.409 [main] DEBUG com.github.dockerjava.zerodep.shaded.org.apache.hc.client5.http.wire - http-outgoing-2 >> "GET /v1.44/images/sha256:21a7e541217c7a1b157f4e0d534eaa715ccca6da24e9778c122873a4cc75d6f5/json HTTP/1.1[\r][\n]"
2026-07-21 16:23:20.409 [main] DEBUG com.github.dockerjava.zerodep.shaded.org.apache.hc.client5.http.wire - http-outgoing-2 >> "accept: application/json[\r][\n]"
2026-07-21 16:23:20.409 [main] DEBUG com.github.dockerjava.zerodep.shaded.org.apache.hc.client5.http.wire - http-outgoing-2 >> "x-tc-sid: c2815888-2ad9-4d1b-b81d-ff10c2a3009c[\r][\n]"
2026-07-21 16:23:20.409 [main] DEBUG com.github.dockerjava.zerodep.shaded.org.apache.hc.client5.http.wire - http-outgoing-2 >> "User-Agent: tc-java/2.0.5[\r][\n]"
2026-07-21 16:23:20.409 [main] DEBUG com.github.dockerjava.zerodep.shaded.org.apache.hc.client5.http.wire - http-outgoing-2 >> "Accept-Encoding: gzip, x-gzip, deflate[\r][\n]"
2026-07-21 16:23:20.409 [main] DEBUG com.github.dockerjava.zerodep.shaded.org.apache.hc.client5.http.wire - http-outgoing-2 >> "Host: localhost:2375[\r][\n]"
2026-07-21 16:23:20.409 [main] DEBUG com.github.dockerjava.zerodep.shaded.org.apache.hc.client5.http.wire - http-outgoing-2 >> "Connection: keep-alive[\r][\n]"
2026-07-21 16:23:20.409 [main] DEBUG com.github.dockerjava.zerodep.shaded.org.apache.hc.client5.http.wire - http-outgoing-2 >> "[\r][\n]"
2026-07-21 16:23:20.410 [main] DEBUG com.github.dockerjava.zerodep.shaded.org.apache.hc.client5.http.wire - http-outgoing-2 << "HTTP/1.1 200 OK[\r][\n]"
2026-07-21 16:23:20.410 [main] DEBUG com.github.dockerjava.zerodep.shaded.org.apache.hc.client5.http.wire - http-outgoing-2 << "Api-Version: 1.54[\r][\n]"
2026-07-21 16:23:20.410 [main] DEBUG com.github.dockerjava.zerodep.shaded.org.apache.hc.client5.http.wire - http-outgoing-2 << "Content-Type: application/json[\r][\n]"
2026-07-21 16:23:20.410 [main] DEBUG com.github.dockerjava.zerodep.shaded.org.apache.hc.client5.http.wire - http-outgoing-2 << "Date: Tue, 21 Jul 2026 13:23:20 GMT[\r][\n]"
2026-07-21 16:23:20.410 [main] DEBUG com.github.dockerjava.zerodep.shaded.org.apache.hc.client5.http.wire - http-outgoing-2 << "Docker-Experimental: false[\r][\n]"
2026-07-21 16:23:20.410 [main] DEBUG com.github.dockerjava.zerodep.shaded.org.apache.hc.client5.http.wire - http-outgoing-2 << "Ostype: linux[\r][\n]"
2026-07-21 16:23:20.410 [main] DEBUG com.github.dockerjava.zerodep.shaded.org.apache.hc.client5.http.wire - http-outgoing-2 << "Server: Docker/29.5.3 (linux)[\r][\n]"
2026-07-21 16:23:20.410 [main] DEBUG com.github.dockerjava.zerodep.shaded.org.apache.hc.client5.http.wire - http-outgoing-2 << "Transfer-Encoding: chunked[\r][\n]"
2026-07-21 16:23:20.410 [main] DEBUG com.github.dockerjava.zerodep.shaded.org.apache.hc.client5.http.wire - http-outgoing-2 << "[\r][\n]"
2026-07-21 16:23:20.411 [main] DEBUG com.github.dockerjava.zerodep.shaded.org.apache.hc.client5.http.headers - http-outgoing-2 << HTTP/1.1 200 OK
2026-07-21 16:23:20.411 [main] DEBUG com.github.dockerjava.zerodep.shaded.org.apache.hc.client5.http.headers - http-outgoing-2 << Api-Version: 1.54
2026-07-21 16:23:20.411 [main] DEBUG com.github.dockerjava.zerodep.shaded.org.apache.hc.client5.http.headers - http-outgoing-2 << Content-Type: application/json
2026-07-21 16:23:20.411 [main] DEBUG com.github.dockerjava.zerodep.shaded.org.apache.hc.client5.http.headers - http-outgoing-2 << Date: Tue, 21 Jul 2026 13:23:20 GMT
2026-07-21 16:23:20.411 [main] DEBUG com.github.dockerjava.zerodep.shaded.org.apache.hc.client5.http.headers - http-outgoing-2 << Docker-Experimental: false
2026-07-21 16:23:20.411 [main] DEBUG com.github.dockerjava.zerodep.shaded.org.apache.hc.client5.http.headers - http-outgoing-2 << Ostype: linux
2026-07-21 16:23:20.411 [main] DEBUG com.github.dockerjava.zerodep.shaded.org.apache.hc.client5.http.headers - http-outgoing-2 << Server: Docker/29.5.3 (linux)
2026-07-21 16:23:20.411 [main] DEBUG com.github.dockerjava.zerodep.shaded.org.apache.hc.client5.http.headers - http-outgoing-2 << Transfer-Encoding: chunked
2026-07-21 16:23:20.411 [main] DEBUG com.github.dockerjava.zerodep.shaded.org.apache.hc.client5.http.impl.classic.MainClientExec - ex-0000000021 connection can be kept alive for 3 MINUTES
2026-07-21 16:23:20.411 [main] DEBUG com.github.dockerjava.zerodep.shaded.org.apache.hc.client5.http.wire - http-outgoing-2 << "f9f[\r][\n]"
2026-07-21 16:23:20.411 [main] DEBUG com.github.dockerjava.zerodep.shaded.org.apache.hc.client5.http.wire - http-outgoing-2 << "{"Architecture":"arm64","Author":"","Comment":"buildkit.dockerfile.v0","Config":{"AttachStderr":false,"AttachStdin":false,"AttachStdout":false,"Cmd":["postgres"],"Domainname":"","Entrypoint":["docker-entrypoint.sh"],"Env":["PATH=/usr/local/sbin:/usr/local/bin:/usr/sbin:/usr/bin:/sbin:/bin:/usr/lib/postgresql/18/bin","GOSU_VERSION=1.19","LANG=en_US.utf8","PG_MAJOR=18","PG_VERSION=18.0-1.pgdg13+3","PGDATA=/var/lib/postgresql/18/docker"],"ExposedPorts":{"5432/tcp":{}},"Hostname":"","Image":"","Labels":null,"OnBuild":null,"OpenStdin":false,"StdinOnce":false,"StopSignal":"SIGINT","Tty":false,"User":"","Volumes":{"/var/lib/postgresql":{}},"WorkingDir":""},"Container":"","ContainerConfig":{"Hostname":"","Domainname":"","User":"","AttachStdin":false,"AttachStdout":false,"AttachStderr":false,"Tty":false,"OpenStdin":false,"StdinOnce":false,"Env":null,"Cmd":null,"Image":"","Volumes":null,"WorkingDir":"","Entrypoint":null,"Labels":null},"Created":"2025-09-25T18:22:35Z","DockerVersion":"","GraphDriver":{"Data":{"LowerDir":"/var/lib/docker/overlay2/a386117c960e51626153bc63ffbe8c2b23d314e49f8095520a249936d8d1a84d/diff:/var/lib/docker/overlay2/dee08542fd83b7b17b2870384c217d63fcb12463bfe8d10c316f0b1a1d04d47d/diff:/var/lib/docker/overlay2/3009a33ec3c152ef1aec597ef919d2fd3c2c613749a4b2fa45b28cffa51e0bb6/diff:/var/lib/docker/overlay2/b82639c7e60942005bcbe5c112a91b3d2508dca12533f3f2203497d171780b1b/diff:/var/lib/docker/overlay2/8d308d23c9a2b61c1784866748843be530e2dd300d5d34305f4dc37d3a10b5ea/diff:/var/lib/docker/overlay2/568b08209eefcebad1f10c0d9ed85aedc1149ddf463b2c35e19feca1c5334193/diff:/var/lib/docker/overlay2/de7cde3cbbc720040cdffe8548d4011e50ce06615c068d2788e4d893117aa125/diff:/var/lib/docker/overlay2/2b69ce2851209a845f831c27af4f5927f5e33a41b12fcb3608c540c7a5b017e6/diff:/var/lib/docker/overlay2/97fba548b452656804322aff121f5dd09b580ef2bab0edcee0191787edfc1efa/diff:/var/lib/docker/overlay2/71f2b21f2411c6a219f4472e6cc035df5f74df40b3a8b3062ac01b46f06534af/diff:/var/lib/docker/overlay2/c6a4da686c076b8bd4dab18f36ea483477611cdff23175fd5f37e528eea29248/diff:/var/lib/docker/overlay2/c21f4d15b699d12b68ac644e350ec384ca0f60e53b757694588bc9778b73a303/diff:/var/lib/docker/overlay2/dee8f2bec1a585effd64d87e3c2c09b0c56efe873ee81fb4aa594e55974ec642/diff","MergedDir":"/var/lib/docker/overlay2/1aef3490a29794478ed33994b49b19bd47bcf0ca35d121c669b9a3da659098e9/merged","UpperDir":"/var/lib/docker/overlay2/1aef3490a29794478ed33994b49b19bd47bcf0ca35d121c669b9a3da659098e9/diff","WorkDir":"/var/lib/docker/overlay2/1aef3490a29794478ed33994b49b19bd47bcf0ca35d121c669b9a3da659098e9/work"},"Name":"overlay2"},"Id":"sha256:21a7e541217c7a1b157f4e0d534eaa715ccca6da24e9778c122873a4cc75d6f5","Metadata":{"LastTagTime":"0001-01-01T00:00:00Z"},"Os":"linux","Parent":"","RepoDigests":["postgres@sha256:073e7c8b84e2197f94c8083634640ab37105effe1bc853ca4d5fbece3219b0e8"],"RepoTags":["postgres:latest"],"RootFS":{"Layers":["sha256:090e9c58f4748dd51573ae6f05678fa97237bbe946047a0433b0092ef6c4a704","sha256:f2c6dd1a76d49ed659c61c54bcbe4323d68b8cb95891eb185eafd9e1e7d5f611","sha256:d2f2313ce957413fee52663d1994669d5228c06e64dbf134eb879a1e0e88872a","sha256:8d6f3ba34bb16f7e36a1f4727e15b24c50bbf94063d6b26ebf4b72bb2b296c38","sha256:e3745cb563c2fa880768fd1cdbf33dd59aa8f532fdacb87913b3fdbeace9c45f","sha256:be1c86854f7c69185d427ad9d49cc99d24472b948f0494f8aabcd768036852ec","sha256:76bafa3261f9add9af738d2a151bb0fc9797db95baa81fbc70ec4d5e230d842a","sha256:ea0282eb323254b221a4542d983ceb6a7d4c82a32c9b5bb6123000cd1e098429","sha256:31938aefbf25429a0c26ecc6d010fab04b55d5573cef39d7bf846126fdae08e4","sha256:3d0a2d8f338e0c54178100919df352007a25b7c1999489788cb4034fb775ad2d","sha256:c6b2787dde88ce5bed49ca7f2f346f888d373a39c607d2f4e7eed96459f8aa1a","sha256:6e8383b00d874fb084b2ee8fa4d0adf828d28cfe726e63675dd32bb32156a4b9","sha256:df4be8a168f1c21f64347f773b6d0cc7244a8ba38036968e797a7f4765f68083","sha256:109c0bcb80b0ea6c8e07616ad48c5486d11e8926f26f5023f44aa38a713d58ce"],"Type":"layers"},"Size":478920920,"Variant":"v8"}[\n]"
2026-07-21 16:23:20.411 [main] DEBUG com.github.dockerjava.zerodep.shaded.org.apache.hc.client5.http.wire - http-outgoing-2 << "[\r][\n]"
2026-07-21 16:23:20.411 [main] DEBUG com.github.dockerjava.zerodep.shaded.org.apache.hc.client5.http.wire - http-outgoing-2 << "0[\r][\n]"
2026-07-21 16:23:20.411 [main] DEBUG com.github.dockerjava.zerodep.shaded.org.apache.hc.client5.http.wire - http-outgoing-2 << "[\r][\n]"
2026-07-21 16:23:20.411 [main] DEBUG com.github.dockerjava.zerodep.shaded.org.apache.hc.client5.http.impl.classic.InternalHttpClient - ep-0000000021 releasing valid endpoint
2026-07-21 16:23:20.411 [main] DEBUG com.github.dockerjava.zerodep.shaded.org.apache.hc.client5.http.impl.io.PoolingHttpClientConnectionManager - ep-0000000021 releasing endpoint
2026-07-21 16:23:20.411 [main] DEBUG com.github.dockerjava.zerodep.shaded.org.apache.hc.client5.http.impl.io.PoolingHttpClientConnectionManager - ep-0000000021 connection http-outgoing-2 can be kept alive for 3 MINUTES
2026-07-21 16:23:20.411 [main] DEBUG com.github.dockerjava.zerodep.shaded.org.apache.hc.client5.http.impl.io.PoolingHttpClientConnectionManager - ep-0000000021 connection released [route: {}->[unix://localhost:2375]][total available: 1; route allocated: 1 of 2147483647; total allocated: 1 of 2147483647]
2026-07-21 16:23:20.411 [main] DEBUG org.testcontainers.shaded.com.github.dockerjava.core.command.AbstrDockerCmd - Cmd: 
2026-07-21 16:23:20.411 [main] TRACE org.testcontainers.shaded.com.github.dockerjava.core.exec.VersionCmdExec - GET: DefaultWebTarget{path=[/version], queryParams={}}
2026-07-21 16:23:20.412 [main] DEBUG com.github.dockerjava.zerodep.shaded.org.apache.hc.client5.http.impl.classic.InternalHttpClient - ex-0000000022 preparing request execution
2026-07-21 16:23:20.412 [main] DEBUG com.github.dockerjava.zerodep.shaded.org.apache.hc.client5.http.impl.classic.ProtocolExec - ex-0000000022 target auth state: UNCHALLENGED
2026-07-21 16:23:20.412 [main] DEBUG com.github.dockerjava.zerodep.shaded.org.apache.hc.client5.http.impl.classic.ProtocolExec - ex-0000000022 proxy auth state: UNCHALLENGED
2026-07-21 16:23:20.412 [main] DEBUG com.github.dockerjava.zerodep.shaded.org.apache.hc.client5.http.impl.classic.ConnectExec - ex-0000000022 acquiring connection with route {}->[unix://localhost:2375]
2026-07-21 16:23:20.412 [main] DEBUG com.github.dockerjava.zerodep.shaded.org.apache.hc.client5.http.impl.classic.InternalHttpClient - ex-0000000022 acquiring endpoint (3 MINUTES)
2026-07-21 16:23:20.412 [main] DEBUG com.github.dockerjava.zerodep.shaded.org.apache.hc.client5.http.impl.io.PoolingHttpClientConnectionManager - ex-0000000022 endpoint lease request (3 MINUTES) [route: {}->[unix://localhost:2375]][total available: 1; route allocated: 1 of 2147483647; total allocated: 1 of 2147483647]
2026-07-21 16:23:20.412 [main] DEBUG com.github.dockerjava.zerodep.shaded.org.apache.hc.client5.http.impl.io.PoolingHttpClientConnectionManager - ex-0000000022 endpoint leased [route: {}->[unix://localhost:2375]][total available: 0; route allocated: 1 of 2147483647; total allocated: 1 of 2147483647]
2026-07-21 16:23:20.412 [main] DEBUG com.github.dockerjava.zerodep.shaded.org.apache.hc.client5.http.impl.io.PoolingHttpClientConnectionManager - ex-0000000022 acquired ep-0000000022
2026-07-21 16:23:20.412 [main] DEBUG com.github.dockerjava.zerodep.shaded.org.apache.hc.client5.http.impl.classic.InternalHttpClient - ex-0000000022 acquired endpoint ep-0000000022
2026-07-21 16:23:20.412 [main] DEBUG com.github.dockerjava.zerodep.shaded.org.apache.hc.client5.http.impl.classic.MainClientExec - ex-0000000022 executing GET /v1.44/version
2026-07-21 16:23:20.412 [main] DEBUG com.github.dockerjava.zerodep.shaded.org.apache.hc.client5.http.protocol.RequestAddCookies - ex-0000000022 Cookie spec selected: strict
2026-07-21 16:23:20.412 [main] DEBUG com.github.dockerjava.zerodep.shaded.org.apache.hc.client5.http.impl.classic.InternalHttpClient - ep-0000000022 start execution ex-0000000022
2026-07-21 16:23:20.412 [main] DEBUG com.github.dockerjava.zerodep.shaded.org.apache.hc.client5.http.impl.io.PoolingHttpClientConnectionManager - ep-0000000022 executing exchange ex-0000000022 over http-outgoing-2
2026-07-21 16:23:20.412 [main] DEBUG com.github.dockerjava.zerodep.shaded.org.apache.hc.client5.http.headers - http-outgoing-2 >> GET /v1.44/version HTTP/1.1
2026-07-21 16:23:20.412 [main] DEBUG com.github.dockerjava.zerodep.shaded.org.apache.hc.client5.http.headers - http-outgoing-2 >> accept: application/json
2026-07-21 16:23:20.412 [main] DEBUG com.github.dockerjava.zerodep.shaded.org.apache.hc.client5.http.headers - http-outgoing-2 >> x-tc-sid: c2815888-2ad9-4d1b-b81d-ff10c2a3009c
2026-07-21 16:23:20.412 [main] DEBUG com.github.dockerjava.zerodep.shaded.org.apache.hc.client5.http.headers - http-outgoing-2 >> User-Agent: tc-java/2.0.5
2026-07-21 16:23:20.412 [main] DEBUG com.github.dockerjava.zerodep.shaded.org.apache.hc.client5.http.headers - http-outgoing-2 >> Accept-Encoding: gzip, x-gzip, deflate
2026-07-21 16:23:20.412 [main] DEBUG com.github.dockerjava.zerodep.shaded.org.apache.hc.client5.http.headers - http-outgoing-2 >> Host: localhost:2375
2026-07-21 16:23:20.412 [main] DEBUG com.github.dockerjava.zerodep.shaded.org.apache.hc.client5.http.headers - http-outgoing-2 >> Connection: keep-alive
2026-07-21 16:23:20.412 [main] DEBUG com.github.dockerjava.zerodep.shaded.org.apache.hc.client5.http.wire - http-outgoing-2 >> "GET /v1.44/version HTTP/1.1[\r][\n]"
2026-07-21 16:23:20.412 [main] DEBUG com.github.dockerjava.zerodep.shaded.org.apache.hc.client5.http.wire - http-outgoing-2 >> "accept: application/json[\r][\n]"
2026-07-21 16:23:20.412 [main] DEBUG com.github.dockerjava.zerodep.shaded.org.apache.hc.client5.http.wire - http-outgoing-2 >> "x-tc-sid: c2815888-2ad9-4d1b-b81d-ff10c2a3009c[\r][\n]"
2026-07-21 16:23:20.412 [main] DEBUG com.github.dockerjava.zerodep.shaded.org.apache.hc.client5.http.wire - http-outgoing-2 >> "User-Agent: tc-java/2.0.5[\r][\n]"
2026-07-21 16:23:20.412 [main] DEBUG com.github.dockerjava.zerodep.shaded.org.apache.hc.client5.http.wire - http-outgoing-2 >> "Accept-Encoding: gzip, x-gzip, deflate[\r][\n]"
2026-07-21 16:23:20.412 [main] DEBUG com.github.dockerjava.zerodep.shaded.org.apache.hc.client5.http.wire - http-outgoing-2 >> "Host: localhost:2375[\r][\n]"
2026-07-21 16:23:20.412 [main] DEBUG com.github.dockerjava.zerodep.shaded.org.apache.hc.client5.http.wire - http-outgoing-2 >> "Connection: keep-alive[\r][\n]"
2026-07-21 16:23:20.412 [main] DEBUG com.github.dockerjava.zerodep.shaded.org.apache.hc.client5.http.wire - http-outgoing-2 >> "[\r][\n]"
2026-07-21 16:23:20.417 [main] DEBUG com.github.dockerjava.zerodep.shaded.org.apache.hc.client5.http.wire - http-outgoing-2 << "HTTP/1.1 200 OK[\r][\n]"
2026-07-21 16:23:20.417 [main] DEBUG com.github.dockerjava.zerodep.shaded.org.apache.hc.client5.http.wire - http-outgoing-2 << "Api-Version: 1.54[\r][\n]"
2026-07-21 16:23:20.417 [main] DEBUG com.github.dockerjava.zerodep.shaded.org.apache.hc.client5.http.wire - http-outgoing-2 << "Content-Type: application/json[\r][\n]"
2026-07-21 16:23:20.417 [main] DEBUG com.github.dockerjava.zerodep.shaded.org.apache.hc.client5.http.wire - http-outgoing-2 << "Date: Tue, 21 Jul 2026 13:23:20 GMT[\r][\n]"
2026-07-21 16:23:20.417 [main] DEBUG com.github.dockerjava.zerodep.shaded.org.apache.hc.client5.http.wire - http-outgoing-2 << "Docker-Experimental: false[\r][\n]"
2026-07-21 16:23:20.417 [main] DEBUG com.github.dockerjava.zerodep.shaded.org.apache.hc.client5.http.wire - http-outgoing-2 << "Ostype: linux[\r][\n]"
2026-07-21 16:23:20.417 [main] DEBUG com.github.dockerjava.zerodep.shaded.org.apache.hc.client5.http.wire - http-outgoing-2 << "Server: Docker/29.5.3 (linux)[\r][\n]"
2026-07-21 16:23:20.417 [main] DEBUG com.github.dockerjava.zerodep.shaded.org.apache.hc.client5.http.wire - http-outgoing-2 << "Transfer-Encoding: chunked[\r][\n]"
2026-07-21 16:23:20.417 [main] DEBUG com.github.dockerjava.zerodep.shaded.org.apache.hc.client5.http.wire - http-outgoing-2 << "[\r][\n]"
2026-07-21 16:23:20.417 [main] DEBUG com.github.dockerjava.zerodep.shaded.org.apache.hc.client5.http.headers - http-outgoing-2 << HTTP/1.1 200 OK
2026-07-21 16:23:20.417 [main] DEBUG com.github.dockerjava.zerodep.shaded.org.apache.hc.client5.http.headers - http-outgoing-2 << Api-Version: 1.54
2026-07-21 16:23:20.417 [main] DEBUG com.github.dockerjava.zerodep.shaded.org.apache.hc.client5.http.headers - http-outgoing-2 << Content-Type: application/json
2026-07-21 16:23:20.417 [main] DEBUG com.github.dockerjava.zerodep.shaded.org.apache.hc.client5.http.headers - http-outgoing-2 << Date: Tue, 21 Jul 2026 13:23:20 GMT
2026-07-21 16:23:20.417 [main] DEBUG com.github.dockerjava.zerodep.shaded.org.apache.hc.client5.http.headers - http-outgoing-2 << Docker-Experimental: false
2026-07-21 16:23:20.417 [main] DEBUG com.github.dockerjava.zerodep.shaded.org.apache.hc.client5.http.headers - http-outgoing-2 << Ostype: linux
2026-07-21 16:23:20.417 [main] DEBUG com.github.dockerjava.zerodep.shaded.org.apache.hc.client5.http.headers - http-outgoing-2 << Server: Docker/29.5.3 (linux)
2026-07-21 16:23:20.417 [main] DEBUG com.github.dockerjava.zerodep.shaded.org.apache.hc.client5.http.headers - http-outgoing-2 << Transfer-Encoding: chunked
2026-07-21 16:23:20.417 [main] DEBUG com.github.dockerjava.zerodep.shaded.org.apache.hc.client5.http.impl.classic.MainClientExec - ex-0000000022 connection can be kept alive for 3 MINUTES
2026-07-21 16:23:20.417 [main] DEBUG com.github.dockerjava.zerodep.shaded.org.apache.hc.client5.http.wire - http-outgoing-2 << "37e[\r][\n]"
2026-07-21 16:23:20.417 [main] DEBUG com.github.dockerjava.zerodep.shaded.org.apache.hc.client5.http.wire - http-outgoing-2 << "{"Platform":{"Name":"Docker Desktop 4.78.0 (229452)"},"Version":"29.5.3","ApiVersion":"1.54","MinAPIVersion":"1.40","Os":"linux","Arch":"arm64","Components":[{"Name":"Engine","Version":"29.5.3","Details":{"ApiVersion":"1.54","Arch":"arm64","BuildTime":"2026-06-03T18:00:14.000000000+00:00","Experimental":"false","GitCommit":"285b471","GoVersion":"go1.26.4","KernelVersion":"6.12.76-linuxkit","MinAPIVersion":"1.40","Module":"github.com/moby/moby/v2","ModuleVersion":"v2.0.0+unknown","Os":"linux"}},{"Name":"containerd","Version":"v2.2.4","Details":{"GitCommit":"193637f7ee8ae5f5aa5248f49e7baa3e6164966e"}},{"Name":"runc","Version":"1.3.5","Details":{"GitCommit":"v1.3.5-0-g488fc13e"}},{"Name":"docker-init","Version":"0.19.0","Details":{"GitCommit":"de40ad0"}}],"GitCommit":"285b471","GoVersion":"go1.26.4","KernelVersion":"6.12.76-linuxkit","BuildTime":"2026-06-03T18:00:14.000000000+00:00"}[\n]"
2026-07-21 16:23:20.417 [main] DEBUG com.github.dockerjava.zerodep.shaded.org.apache.hc.client5.http.wire - http-outgoing-2 << "[\r][\n]"
2026-07-21 16:23:20.417 [main] DEBUG com.github.dockerjava.zerodep.shaded.org.apache.hc.client5.http.wire - http-outgoing-2 << "0[\r][\n]"
2026-07-21 16:23:20.417 [main] DEBUG com.github.dockerjava.zerodep.shaded.org.apache.hc.client5.http.wire - http-outgoing-2 << "[\r][\n]"
2026-07-21 16:23:20.418 [main] DEBUG com.github.dockerjava.zerodep.shaded.org.apache.hc.client5.http.impl.classic.InternalHttpClient - ep-0000000022 releasing valid endpoint
2026-07-21 16:23:20.418 [main] DEBUG com.github.dockerjava.zerodep.shaded.org.apache.hc.client5.http.impl.io.PoolingHttpClientConnectionManager - ep-0000000022 releasing endpoint
2026-07-21 16:23:20.418 [main] DEBUG com.github.dockerjava.zerodep.shaded.org.apache.hc.client5.http.impl.io.PoolingHttpClientConnectionManager - ep-0000000022 connection http-outgoing-2 can be kept alive for 3 MINUTES
2026-07-21 16:23:20.418 [main] DEBUG com.github.dockerjava.zerodep.shaded.org.apache.hc.client5.http.impl.io.PoolingHttpClientConnectionManager - ep-0000000022 connection released [route: {}->[unix://localhost:2375]][total available: 1; route allocated: 1 of 2147483647; total allocated: 1 of 2147483647]
2026-07-21 16:23:20.418 [main] TRACE org.testcontainers.shaded.com.github.dockerjava.core.exec.LogContainerCmdExec - GET: DefaultWebTarget{path=[/containers/1c4383140b0d016adc3d7e5ab06016bfabd1eec711add3c12a1bd7aa1159c6ab/logs], queryParams={stdout=[true], stderr=[true], follow=[true], since=[0]}}
2026-07-21 16:23:20.419 [docker-java-stream--1422016771] DEBUG com.github.dockerjava.zerodep.shaded.org.apache.hc.client5.http.impl.classic.InternalHttpClient - ex-0000000023 preparing request execution
2026-07-21 16:23:20.419 [docker-java-stream--1422016771] DEBUG com.github.dockerjava.zerodep.shaded.org.apache.hc.client5.http.impl.classic.ProtocolExec - ex-0000000023 target auth state: UNCHALLENGED
2026-07-21 16:23:20.419 [docker-java-stream--1422016771] DEBUG com.github.dockerjava.zerodep.shaded.org.apache.hc.client5.http.impl.classic.ProtocolExec - ex-0000000023 proxy auth state: UNCHALLENGED
2026-07-21 16:23:20.419 [docker-java-stream--1422016771] DEBUG com.github.dockerjava.zerodep.shaded.org.apache.hc.client5.http.impl.classic.ConnectExec - ex-0000000023 acquiring connection with route {}->[unix://localhost:2375]
2026-07-21 16:23:20.419 [docker-java-stream--1422016771] DEBUG com.github.dockerjava.zerodep.shaded.org.apache.hc.client5.http.impl.classic.InternalHttpClient - ex-0000000023 acquiring endpoint (3 MINUTES)
2026-07-21 16:23:20.419 [docker-java-stream--1422016771] DEBUG com.github.dockerjava.zerodep.shaded.org.apache.hc.client5.http.impl.io.PoolingHttpClientConnectionManager - ex-0000000023 endpoint lease request (3 MINUTES) [route: {}->[unix://localhost:2375]][total available: 1; route allocated: 1 of 2147483647; total allocated: 1 of 2147483647]
2026-07-21 16:23:20.419 [docker-java-stream--1422016771] DEBUG com.github.dockerjava.zerodep.shaded.org.apache.hc.client5.http.impl.io.PoolingHttpClientConnectionManager - ex-0000000023 endpoint leased [route: {}->[unix://localhost:2375]][total available: 0; route allocated: 1 of 2147483647; total allocated: 1 of 2147483647]
2026-07-21 16:23:20.419 [docker-java-stream--1422016771] DEBUG com.github.dockerjava.zerodep.shaded.org.apache.hc.client5.http.impl.io.PoolingHttpClientConnectionManager - ex-0000000023 acquired ep-0000000023
2026-07-21 16:23:20.419 [docker-java-stream--1422016771] DEBUG com.github.dockerjava.zerodep.shaded.org.apache.hc.client5.http.impl.classic.InternalHttpClient - ex-0000000023 acquired endpoint ep-0000000023
2026-07-21 16:23:20.419 [docker-java-stream--1422016771] DEBUG com.github.dockerjava.zerodep.shaded.org.apache.hc.client5.http.impl.classic.MainClientExec - ex-0000000023 executing GET /v1.44/containers/1c4383140b0d016adc3d7e5ab06016bfabd1eec711add3c12a1bd7aa1159c6ab/logs?stdout=true&stderr=true&follow=true&since=0
2026-07-21 16:23:20.419 [docker-java-stream--1422016771] DEBUG com.github.dockerjava.zerodep.shaded.org.apache.hc.client5.http.protocol.RequestAddCookies - ex-0000000023 Cookie spec selected: strict
2026-07-21 16:23:20.419 [docker-java-stream--1422016771] DEBUG com.github.dockerjava.zerodep.shaded.org.apache.hc.client5.http.impl.classic.InternalHttpClient - ep-0000000023 start execution ex-0000000023
2026-07-21 16:23:20.419 [docker-java-stream--1422016771] DEBUG com.github.dockerjava.zerodep.shaded.org.apache.hc.client5.http.impl.io.PoolingHttpClientConnectionManager - ep-0000000023 executing exchange ex-0000000023 over http-outgoing-2
2026-07-21 16:23:20.419 [docker-java-stream--1422016771] DEBUG com.github.dockerjava.zerodep.shaded.org.apache.hc.client5.http.headers - http-outgoing-2 >> GET /v1.44/containers/1c4383140b0d016adc3d7e5ab06016bfabd1eec711add3c12a1bd7aa1159c6ab/logs?stdout=true&stderr=true&follow=true&since=0 HTTP/1.1
2026-07-21 16:23:20.419 [docker-java-stream--1422016771] DEBUG com.github.dockerjava.zerodep.shaded.org.apache.hc.client5.http.headers - http-outgoing-2 >> x-tc-sid: c2815888-2ad9-4d1b-b81d-ff10c2a3009c
2026-07-21 16:23:20.419 [docker-java-stream--1422016771] DEBUG com.github.dockerjava.zerodep.shaded.org.apache.hc.client5.http.headers - http-outgoing-2 >> User-Agent: tc-java/2.0.5
2026-07-21 16:23:20.419 [docker-java-stream--1422016771] DEBUG com.github.dockerjava.zerodep.shaded.org.apache.hc.client5.http.headers - http-outgoing-2 >> Accept-Encoding: gzip, x-gzip, deflate
2026-07-21 16:23:20.419 [docker-java-stream--1422016771] DEBUG com.github.dockerjava.zerodep.shaded.org.apache.hc.client5.http.headers - http-outgoing-2 >> Host: localhost:2375
2026-07-21 16:23:20.419 [docker-java-stream--1422016771] DEBUG com.github.dockerjava.zerodep.shaded.org.apache.hc.client5.http.headers - http-outgoing-2 >> Connection: keep-alive
2026-07-21 16:23:20.419 [docker-java-stream--1422016771] DEBUG com.github.dockerjava.zerodep.shaded.org.apache.hc.client5.http.wire - http-outgoing-2 >> "GET /v1.44/containers/1c4383140b0d016adc3d7e5ab06016bfabd1eec711add3c12a1bd7aa1159c6ab/logs?stdout=true&stderr=true&follow=true&since=0 HTTP/1.1[\r][\n]"
2026-07-21 16:23:20.419 [docker-java-stream--1422016771] DEBUG com.github.dockerjava.zerodep.shaded.org.apache.hc.client5.http.wire - http-outgoing-2 >> "x-tc-sid: c2815888-2ad9-4d1b-b81d-ff10c2a3009c[\r][\n]"
2026-07-21 16:23:20.420 [docker-java-stream--1422016771] DEBUG com.github.dockerjava.zerodep.shaded.org.apache.hc.client5.http.wire - http-outgoing-2 >> "User-Agent: tc-java/2.0.5[\r][\n]"
2026-07-21 16:23:20.420 [docker-java-stream--1422016771] DEBUG com.github.dockerjava.zerodep.shaded.org.apache.hc.client5.http.wire - http-outgoing-2 >> "Accept-Encoding: gzip, x-gzip, deflate[\r][\n]"
2026-07-21 16:23:20.420 [docker-java-stream--1422016771] DEBUG com.github.dockerjava.zerodep.shaded.org.apache.hc.client5.http.wire - http-outgoing-2 >> "Host: localhost:2375[\r][\n]"
2026-07-21 16:23:20.420 [docker-java-stream--1422016771] DEBUG com.github.dockerjava.zerodep.shaded.org.apache.hc.client5.http.wire - http-outgoing-2 >> "Connection: keep-alive[\r][\n]"
2026-07-21 16:23:20.420 [docker-java-stream--1422016771] DEBUG com.github.dockerjava.zerodep.shaded.org.apache.hc.client5.http.wire - http-outgoing-2 >> "[\r][\n]"
2026-07-21 16:23:20.421 [docker-java-stream--1422016771] DEBUG com.github.dockerjava.zerodep.shaded.org.apache.hc.client5.http.wire - http-outgoing-2 << "HTTP/1.1 200 OK[\r][\n]"
2026-07-21 16:23:20.421 [docker-java-stream--1422016771] DEBUG com.github.dockerjava.zerodep.shaded.org.apache.hc.client5.http.wire - http-outgoing-2 << "Api-Version: 1.54[\r][\n]"
2026-07-21 16:23:20.421 [docker-java-stream--1422016771] DEBUG com.github.dockerjava.zerodep.shaded.org.apache.hc.client5.http.wire - http-outgoing-2 << "Content-Type: application/vnd.docker.multiplexed-stream[\r][\n]"
2026-07-21 16:23:20.421 [docker-java-stream--1422016771] DEBUG com.github.dockerjava.zerodep.shaded.org.apache.hc.client5.http.wire - http-outgoing-2 << "Date: Tue, 21 Jul 2026 13:23:20 GMT[\r][\n]"
2026-07-21 16:23:20.421 [docker-java-stream--1422016771] DEBUG com.github.dockerjava.zerodep.shaded.org.apache.hc.client5.http.wire - http-outgoing-2 << "Docker-Experimental: false[\r][\n]"
2026-07-21 16:23:20.421 [docker-java-stream--1422016771] DEBUG com.github.dockerjava.zerodep.shaded.org.apache.hc.client5.http.wire - http-outgoing-2 << "Ostype: linux[\r][\n]"
2026-07-21 16:23:20.421 [docker-java-stream--1422016771] DEBUG com.github.dockerjava.zerodep.shaded.org.apache.hc.client5.http.wire - http-outgoing-2 << "Server: Docker/29.5.3 (linux)[\r][\n]"
2026-07-21 16:23:20.421 [docker-java-stream--1422016771] DEBUG com.github.dockerjava.zerodep.shaded.org.apache.hc.client5.http.wire - http-outgoing-2 << "Transfer-Encoding: chunked[\r][\n]"
2026-07-21 16:23:20.421 [docker-java-stream--1422016771] DEBUG com.github.dockerjava.zerodep.shaded.org.apache.hc.client5.http.wire - http-outgoing-2 << "[\r][\n]"
2026-07-21 16:23:20.421 [docker-java-stream--1422016771] DEBUG com.github.dockerjava.zerodep.shaded.org.apache.hc.client5.http.headers - http-outgoing-2 << HTTP/1.1 200 OK
2026-07-21 16:23:20.421 [docker-java-stream--1422016771] DEBUG com.github.dockerjava.zerodep.shaded.org.apache.hc.client5.http.headers - http-outgoing-2 << Api-Version: 1.54
2026-07-21 16:23:20.421 [docker-java-stream--1422016771] DEBUG com.github.dockerjava.zerodep.shaded.org.apache.hc.client5.http.headers - http-outgoing-2 << Content-Type: application/vnd.docker.multiplexed-stream
2026-07-21 16:23:20.421 [docker-java-stream--1422016771] DEBUG com.github.dockerjava.zerodep.shaded.org.apache.hc.client5.http.headers - http-outgoing-2 << Date: Tue, 21 Jul 2026 13:23:20 GMT
2026-07-21 16:23:20.421 [docker-java-stream--1422016771] DEBUG com.github.dockerjava.zerodep.shaded.org.apache.hc.client5.http.headers - http-outgoing-2 << Docker-Experimental: false
2026-07-21 16:23:20.421 [docker-java-stream--1422016771] DEBUG com.github.dockerjava.zerodep.shaded.org.apache.hc.client5.http.headers - http-outgoing-2 << Ostype: linux
2026-07-21 16:23:20.421 [docker-java-stream--1422016771] DEBUG com.github.dockerjava.zerodep.shaded.org.apache.hc.client5.http.headers - http-outgoing-2 << Server: Docker/29.5.3 (linux)
2026-07-21 16:23:20.421 [docker-java-stream--1422016771] DEBUG com.github.dockerjava.zerodep.shaded.org.apache.hc.client5.http.headers - http-outgoing-2 << Transfer-Encoding: chunked
2026-07-21 16:23:20.421 [docker-java-stream--1422016771] DEBUG com.github.dockerjava.zerodep.shaded.org.apache.hc.client5.http.impl.classic.MainClientExec - ex-0000000023 connection can be kept alive for 3 MINUTES
2026-07-21 16:23:20.432 [docker-java-stream--1422016771] DEBUG com.github.dockerjava.zerodep.shaded.org.apache.hc.client5.http.wire - http-outgoing-2 << "201[\r][\n]"
2026-07-21 16:23:20.433 [docker-java-stream--1422016771] DEBUG com.github.dockerjava.zerodep.shaded.org.apache.hc.client5.http.wire - http-outgoing-2 << "[0x1][0x0][0x0][0x0][0x0][0x0][0x0]NThe files belonging to this database system will be owned by user "postgres".[\n]"
2026-07-21 16:23:20.433 [docker-java-stream--1422016771] DEBUG com.github.dockerjava.zerodep.shaded.org.apache.hc.client5.http.wire - http-outgoing-2 << "[0x1][0x0][0x0][0x0][0x0][0x0][0x0],This user must also own the server process.[\n]"
2026-07-21 16:23:20.433 [docker-java-stream--1422016771] DEBUG com.github.dockerjava.zerodep.shaded.org.apache.hc.client5.http.wire - http-outgoing-2 << "[0x1][0x0][0x0][0x0][0x0][0x0][0x0][0x1][\n]"
2026-07-21 16:23:20.433 [docker-java-stream--1422016771] DEBUG com.github.dockerjava.zerodep.shaded.org.apache.hc.client5.http.wire - http-outgoing-2 << "[0x1][0x0][0x0][0x0][0x0][0x0][0x0]CThe database cluster will be initialized with locale "en_US.utf8".[\n]"
2026-07-21 16:23:20.433 [docker-java-stream--1422016771] DEBUG com.github.dockerjava.zerodep.shaded.org.apache.hc.client5.http.wire - http-outgoing-2 << "[0x1][0x0][0x0][0x0][0x0][0x0][0x0]BThe default database encoding has accordingly been set to "UTF8".[\n]"
2026-07-21 16:23:20.433 [docker-java-stream--1422016771] DEBUG com.github.dockerjava.zerodep.shaded.org.apache.hc.client5.http.wire - http-outgoing-2 << "[0x1][0x0][0x0][0x0][0x0][0x0][0x0]@The default text search configuration will be set to "english".[\n]"
2026-07-21 16:23:20.433 [docker-java-stream--1422016771] DEBUG com.github.dockerjava.zerodep.shaded.org.apache.hc.client5.http.wire - http-outgoing-2 << "[0x1][0x0][0x0][0x0][0x0][0x0][0x0][0x1][\n]"
2026-07-21 16:23:20.433 [docker-java-stream--1422016771] DEBUG com.github.dockerjava.zerodep.shaded.org.apache.hc.client5.http.wire - http-outgoing-2 << "[0x1][0x0][0x0][0x0][0x0][0x0][0x0]!Data page checksums are enabled.[\n]"
2026-07-21 16:23:20.433 [docker-java-stream--1422016771] DEBUG com.github.dockerjava.zerodep.shaded.org.apache.hc.client5.http.wire - http-outgoing-2 << "[0x1][0x0][0x0][0x0][0x0][0x0][0x0][0x1][\n]"
2026-07-21 16:23:20.433 [docker-java-stream--1422016771] DEBUG com.github.dockerjava.zerodep.shaded.org.apache.hc.client5.http.wire - http-outgoing-2 << "[0x1][0x0][0x0][0x0][0x0][0x0][0x0]Nfixing permissions on existing directory /var/lib/postgresql/18/docker ... ok[\n]"
2026-07-21 16:23:20.433 [docker-java-stream--1422016771] DEBUG com.github.dockerjava.zerodep.shaded.org.apache.hc.client5.http.wire - http-outgoing-2 << "[\r][\n]"
2026-07-21 16:23:20.433 [main] DEBUG org.testcontainers.containers.output.WaitingConsumer - STDOUT: The files belonging to this database system will be owned by user "postgres".
2026-07-21 16:23:20.433 [main] DEBUG org.testcontainers.containers.output.WaitingConsumer - STDOUT: fixing permissions on existing directory /var/lib/postgresql/18/docker ... ok
2026-07-21 16:23:20.433 [main] DEBUG org.testcontainers.containers.output.WaitingConsumer - STDOUT: 
2026-07-21 16:23:20.434 [main] DEBUG org.testcontainers.containers.output.WaitingConsumer - STDOUT: Data page checksums are enabled.
2026-07-21 16:23:20.434 [main] DEBUG org.testcontainers.containers.output.WaitingConsumer - STDOUT: 
2026-07-21 16:23:20.434 [main] DEBUG org.testcontainers.containers.output.WaitingConsumer - STDOUT: The default text search configuration will be set to "english".
2026-07-21 16:23:20.434 [main] DEBUG org.testcontainers.containers.output.WaitingConsumer - STDOUT: The default database encoding has accordingly been set to "UTF8".
2026-07-21 16:23:20.434 [main] DEBUG org.testcontainers.containers.output.WaitingConsumer - STDOUT: The database cluster will be initialized with locale "en_US.utf8".
2026-07-21 16:23:20.434 [main] DEBUG org.testcontainers.containers.output.WaitingConsumer - STDOUT: 
2026-07-21 16:23:20.434 [main] DEBUG org.testcontainers.containers.output.WaitingConsumer - STDOUT: This user must also own the server process.
2026-07-21 16:23:20.434 [docker-java-stream--1422016771] DEBUG com.github.dockerjava.zerodep.shaded.org.apache.hc.client5.http.wire - http-outgoing-2 << "68[\r][\n]"
2026-07-21 16:23:20.434 [docker-java-stream--1422016771] DEBUG com.github.dockerjava.zerodep.shaded.org.apache.hc.client5.http.wire - http-outgoing-2 << "[0x1][0x0][0x0][0x0][0x0][0x0][0x0][0x1f]creating subdirectories ... ok[\n]"
2026-07-21 16:23:20.434 [docker-java-stream--1422016771] DEBUG com.github.dockerjava.zerodep.shaded.org.apache.hc.client5.http.wire - http-outgoing-2 << "[0x1][0x0][0x0][0x0][0x0][0x0][0x0]9selecting dynamic shared memory implementation ... posix[\n]"
2026-07-21 16:23:20.434 [docker-java-stream--1422016771] DEBUG com.github.dockerjava.zerodep.shaded.org.apache.hc.client5.http.wire - http-outgoing-2 << "[\r][\n]"
2026-07-21 16:23:20.445 [main] DEBUG org.testcontainers.containers.output.WaitingConsumer - STDOUT: selecting dynamic shared memory implementation ... posix
2026-07-21 16:23:20.445 [main] DEBUG org.testcontainers.containers.output.WaitingConsumer - STDOUT: creating subdirectories ... ok
2026-07-21 16:23:20.449 [docker-java-stream--1422016771] DEBUG com.github.dockerjava.zerodep.shaded.org.apache.hc.client5.http.wire - http-outgoing-2 << "34[\r][\n]"
2026-07-21 16:23:20.449 [docker-java-stream--1422016771] DEBUG com.github.dockerjava.zerodep.shaded.org.apache.hc.client5.http.wire - http-outgoing-2 << "[0x1][0x0][0x0][0x0][0x0][0x0][0x0],selecting default "max_connections" ... 100[\n]"
2026-07-21 16:23:20.449 [docker-java-stream--1422016771] DEBUG com.github.dockerjava.zerodep.shaded.org.apache.hc.client5.http.wire - http-outgoing-2 << "[\r][\n]"
2026-07-21 16:23:20.456 [main] DEBUG org.testcontainers.containers.output.WaitingConsumer - STDOUT: selecting default "max_connections" ... 100
2026-07-21 16:23:20.462 [docker-java-stream--1422016771] DEBUG com.github.dockerjava.zerodep.shaded.org.apache.hc.client5.http.wire - http-outgoing-2 << "35[\r][\n]"
2026-07-21 16:23:20.462 [docker-java-stream--1422016771] DEBUG com.github.dockerjava.zerodep.shaded.org.apache.hc.client5.http.wire - http-outgoing-2 << "[0x1][0x0][0x0][0x0][0x0][0x0][0x0]-selecting default "shared_buffers" ... 128MB[\n]"
2026-07-21 16:23:20.463 [docker-java-stream--1422016771] DEBUG com.github.dockerjava.zerodep.shaded.org.apache.hc.client5.http.wire - http-outgoing-2 << "[\r][\n]"
2026-07-21 16:23:20.467 [docker-java-stream--1422016771] DEBUG com.github.dockerjava.zerodep.shaded.org.apache.hc.client5.http.wire - http-outgoing-2 << "30[\r][\n]"
2026-07-21 16:23:20.467 [docker-java-stream--1422016771] DEBUG com.github.dockerjava.zerodep.shaded.org.apache.hc.client5.http.wire - http-outgoing-2 << "[0x1][0x0][0x0][0x0][0x0][0x0][0x0](selecting default time zone ... Etc/UTC[\n]"
2026-07-21 16:23:20.467 [docker-java-stream--1422016771] DEBUG com.github.dockerjava.zerodep.shaded.org.apache.hc.client5.http.wire - http-outgoing-2 << "[\r][\n]"
2026-07-21 16:23:20.467 [docker-java-stream--1422016771] DEBUG com.github.dockerjava.zerodep.shaded.org.apache.hc.client5.http.wire - http-outgoing-2 << "2c[\r][\n]"
2026-07-21 16:23:20.467 [docker-java-stream--1422016771] DEBUG com.github.dockerjava.zerodep.shaded.org.apache.hc.client5.http.wire - http-outgoing-2 << "[0x1][0x0][0x0][0x0][0x0][0x0][0x0]$creating configuration files ... ok[\n]"
2026-07-21 16:23:20.467 [docker-java-stream--1422016771] DEBUG com.github.dockerjava.zerodep.shaded.org.apache.hc.client5.http.wire - http-outgoing-2 << "[\r][\n]"
2026-07-21 16:23:20.469 [main] DEBUG org.testcontainers.containers.output.WaitingConsumer - STDOUT: creating configuration files ... ok
2026-07-21 16:23:20.469 [main] DEBUG org.testcontainers.containers.output.WaitingConsumer - STDOUT: selecting default time zone ... Etc/UTC
2026-07-21 16:23:20.469 [main] DEBUG org.testcontainers.containers.output.WaitingConsumer - STDOUT: selecting default "shared_buffers" ... 128MB
2026-07-21 16:23:20.550 [docker-java-stream--1422016771] DEBUG com.github.dockerjava.zerodep.shaded.org.apache.hc.client5.http.wire - http-outgoing-2 << "28[\r][\n]"
2026-07-21 16:23:20.551 [docker-java-stream--1422016771] DEBUG com.github.dockerjava.zerodep.shaded.org.apache.hc.client5.http.wire - http-outgoing-2 << "[0x1][0x0][0x0][0x0][0x0][0x0][0x0] running bootstrap script ... ok[\n]"
2026-07-21 16:23:20.551 [docker-java-stream--1422016771] DEBUG com.github.dockerjava.zerodep.shaded.org.apache.hc.client5.http.wire - http-outgoing-2 << "[\r][\n]"
2026-07-21 16:23:20.551 [main] DEBUG org.testcontainers.containers.output.WaitingConsumer - STDOUT: running bootstrap script ... ok
2026-07-21 16:23:20.768 [docker-java-stream--1422016771] DEBUG com.github.dockerjava.zerodep.shaded.org.apache.hc.client5.http.wire - http-outgoing-2 << "38[\r][\n]"
2026-07-21 16:23:20.768 [docker-java-stream--1422016771] DEBUG com.github.dockerjava.zerodep.shaded.org.apache.hc.client5.http.wire - http-outgoing-2 << "[0x1][0x0][0x0][0x0][0x0][0x0][0x0]0performing post-bootstrap initialization ... ok[\n]"
2026-07-21 16:23:20.768 [docker-java-stream--1422016771] DEBUG com.github.dockerjava.zerodep.shaded.org.apache.hc.client5.http.wire - http-outgoing-2 << "[\r][\n]"
2026-07-21 16:23:20.768 [main] DEBUG org.testcontainers.containers.output.WaitingConsumer - STDOUT: performing post-bootstrap initialization ... ok
2026-07-21 16:23:20.847 [docker-java-stream--1422016771] DEBUG com.github.dockerjava.zerodep.shaded.org.apache.hc.client5.http.wire - http-outgoing-2 << "1b2[\r][\n]"
2026-07-21 16:23:20.847 [docker-java-stream--1422016771] DEBUG com.github.dockerjava.zerodep.shaded.org.apache.hc.client5.http.wire - http-outgoing-2 << "[0x2][0x0][0x0][0x0][0x0][0x0][0x0]Ginitdb: warning: enabling "trust" authentication for local connections[\n]"
2026-07-21 16:23:20.847 [docker-java-stream--1422016771] DEBUG com.github.dockerjava.zerodep.shaded.org.apache.hc.client5.http.wire - http-outgoing-2 << "[0x2][0x0][0x0][0x0][0x0][0x0][0x0][0xffffff90]initdb: hint: You can change this by editing pg_hba.conf or using the option -A, or --auth-local and --auth-host, the next time you run initdb.[\n]"
2026-07-21 16:23:20.847 [docker-java-stream--1422016771] DEBUG com.github.dockerjava.zerodep.shaded.org.apache.hc.client5.http.wire - http-outgoing-2 << "[0x1][0x0][0x0][0x0][0x0][0x0][0x0][0x1c]syncing data to disk ... ok[\n]"
2026-07-21 16:23:20.847 [docker-java-stream--1422016771] DEBUG com.github.dockerjava.zerodep.shaded.org.apache.hc.client5.http.wire - http-outgoing-2 << "[0x1][0x0][0x0][0x0][0x0][0x0][0x0][0x1][\n]"
2026-07-21 16:23:20.847 [docker-java-stream--1422016771] DEBUG com.github.dockerjava.zerodep.shaded.org.apache.hc.client5.http.wire - http-outgoing-2 << "[0x1][0x0][0x0][0x0][0x0][0x0][0x0][0x1][\n]"
2026-07-21 16:23:20.847 [docker-java-stream--1422016771] DEBUG com.github.dockerjava.zerodep.shaded.org.apache.hc.client5.http.wire - http-outgoing-2 << "[0x1][0x0][0x0][0x0][0x0][0x0][0x0]6Success. You can now start the database server using:[\n]"
2026-07-21 16:23:20.847 [docker-java-stream--1422016771] DEBUG com.github.dockerjava.zerodep.shaded.org.apache.hc.client5.http.wire - http-outgoing-2 << "[0x1][0x0][0x0][0x0][0x0][0x0][0x0][0x1][\n]"
2026-07-21 16:23:20.847 [docker-java-stream--1422016771] DEBUG com.github.dockerjava.zerodep.shaded.org.apache.hc.client5.http.wire - http-outgoing-2 << "[0x1][0x0][0x0][0x0][0x0][0x0][0x0]=    pg_ctl -D /var/lib/postgresql/18/docker -l logfile start[\n]"
2026-07-21 16:23:20.847 [docker-java-stream--1422016771] DEBUG com.github.dockerjava.zerodep.shaded.org.apache.hc.client5.http.wire - http-outgoing-2 << "[0x1][0x0][0x0][0x0][0x0][0x0][0x0][0x1][\n]"
2026-07-21 16:23:20.847 [docker-java-stream--1422016771] DEBUG com.github.dockerjava.zerodep.shaded.org.apache.hc.client5.http.wire - http-outgoing-2 << "[\r][\n]"
2026-07-21 16:23:20.847 [main] DEBUG org.testcontainers.containers.output.WaitingConsumer - STDERR: initdb: warning: enabling "trust" authentication for local connections
2026-07-21 16:23:20.847 [main] DEBUG org.testcontainers.containers.output.WaitingConsumer - STDOUT: 
2026-07-21 16:23:20.847 [main] DEBUG org.testcontainers.containers.output.WaitingConsumer - STDOUT:     pg_ctl -D /var/lib/postgresql/18/docker -l logfile start
2026-07-21 16:23:20.847 [main] DEBUG org.testcontainers.containers.output.WaitingConsumer - STDOUT: 
2026-07-21 16:23:20.847 [main] DEBUG org.testcontainers.containers.output.WaitingConsumer - STDOUT: Success. You can now start the database server using:
2026-07-21 16:23:20.847 [main] DEBUG org.testcontainers.containers.output.WaitingConsumer - STDOUT: 
2026-07-21 16:23:20.848 [main] DEBUG org.testcontainers.containers.output.WaitingConsumer - STDOUT: 
2026-07-21 16:23:20.848 [main] DEBUG org.testcontainers.containers.output.WaitingConsumer - STDOUT: syncing data to disk ... ok
2026-07-21 16:23:20.848 [main] DEBUG org.testcontainers.containers.output.WaitingConsumer - STDERR: initdb: hint: You can change this by editing pg_hba.conf or using the option -A, or --auth-local and --auth-host, the next time you run initdb.
2026-07-21 16:23:20.868 [docker-java-stream--1422016771] DEBUG com.github.dockerjava.zerodep.shaded.org.apache.hc.client5.http.wire - http-outgoing-2 << "13c[\r][\n]"
2026-07-21 16:23:20.868 [docker-java-stream--1422016771] DEBUG com.github.dockerjava.zerodep.shaded.org.apache.hc.client5.http.wire - http-outgoing-2 << "[0x1][0x0][0x0][0x0][0x0][0x0][0x0][0xffffffc8]waiting for server to start....2026-07-21 13:23:20.867 UTC [49] LOG:  starting PostgreSQL 18.0 (Debian 18.0-1.pgdg13+3) on aarch64-unknown-linux-gnu, compiled by gcc (Debian 14.2.0-19) 14.2.0, 64-bit[\n]"
2026-07-21 16:23:20.868 [docker-java-stream--1422016771] DEBUG com.github.dockerjava.zerodep.shaded.org.apache.hc.client5.http.wire - http-outgoing-2 << "[0x1][0x0][0x0][0x0][0x0][0x0][0x0]d2026-07-21 13:23:20.867 UTC [49] LOG:  listening on Unix socket "/var/run/postgresql/.s.PGSQL.5432"[\n]"
2026-07-21 16:23:20.868 [docker-java-stream--1422016771] DEBUG com.github.dockerjava.zerodep.shaded.org.apache.hc.client5.http.wire - http-outgoing-2 << "[\r][\n]"
2026-07-21 16:23:20.868 [main] DEBUG org.testcontainers.containers.output.WaitingConsumer - STDOUT: 2026-07-21 13:23:20.867 UTC [49] LOG:  listening on Unix socket "/var/run/postgresql/.s.PGSQL.5432"
2026-07-21 16:23:20.868 [main] DEBUG org.testcontainers.containers.output.WaitingConsumer - STDOUT: waiting for server to start....2026-07-21 13:23:20.867 UTC [49] LOG:  starting PostgreSQL 18.0 (Debian 18.0-1.pgdg13+3) on aarch64-unknown-linux-gnu, compiled by gcc (Debian 14.2.0-19) 14.2.0, 64-bit
2026-07-21 16:23:20.869 [docker-java-stream--1422016771] DEBUG com.github.dockerjava.zerodep.shaded.org.apache.hc.client5.http.wire - http-outgoing-2 << "68[\r][\n]"
2026-07-21 16:23:20.869 [docker-java-stream--1422016771] DEBUG com.github.dockerjava.zerodep.shaded.org.apache.hc.client5.http.wire - http-outgoing-2 << "[0x1][0x0][0x0][0x0][0x0][0x0][0x0]`2026-07-21 13:23:20.868 UTC [55] LOG:  database system was shut down at 2026-07-21 13:23:20 UTC[\n]"
2026-07-21 16:23:20.869 [docker-java-stream--1422016771] DEBUG com.github.dockerjava.zerodep.shaded.org.apache.hc.client5.http.wire - http-outgoing-2 << "[\r][\n]"
2026-07-21 16:23:20.870 [docker-java-stream--1422016771] DEBUG com.github.dockerjava.zerodep.shaded.org.apache.hc.client5.http.wire - http-outgoing-2 << "5e[\r][\n]"
2026-07-21 16:23:20.870 [docker-java-stream--1422016771] DEBUG com.github.dockerjava.zerodep.shaded.org.apache.hc.client5.http.wire - http-outgoing-2 << "[0x1][0x0][0x0][0x0][0x0][0x0][0x0]V2026-07-21 13:23:20.870 UTC [49] LOG:  database system is ready to accept connections[\n]"
2026-07-21 16:23:20.870 [docker-java-stream--1422016771] DEBUG com.github.dockerjava.zerodep.shaded.org.apache.hc.client5.http.wire - http-outgoing-2 << "[\r][\n]"
2026-07-21 16:23:20.880 [main] DEBUG org.testcontainers.containers.output.WaitingConsumer - STDOUT: 2026-07-21 13:23:20.870 UTC [49] LOG:  database system is ready to accept connections
2026-07-21 16:23:20.880 [main] DEBUG org.testcontainers.containers.output.WaitingConsumer - STDOUT: 2026-07-21 13:23:20.868 UTC [55] LOG:  database system was shut down at 2026-07-21 13:23:20 UTC
2026-07-21 16:23:20.959 [docker-java-stream--1422016771] DEBUG com.github.dockerjava.zerodep.shaded.org.apache.hc.client5.http.wire - http-outgoing-2 << "25[\r][\n]"
2026-07-21 16:23:20.959 [docker-java-stream--1422016771] DEBUG com.github.dockerjava.zerodep.shaded.org.apache.hc.client5.http.wire - http-outgoing-2 << "[0x1][0x0][0x0][0x0][0x0][0x0][0x0][0x6] done[\n]"
2026-07-21 16:23:20.959 [docker-java-stream--1422016771] DEBUG com.github.dockerjava.zerodep.shaded.org.apache.hc.client5.http.wire - http-outgoing-2 << "[0x1][0x0][0x0][0x0][0x0][0x0][0x0][0xf]server started[\n]"
2026-07-21 16:23:20.959 [docker-java-stream--1422016771] DEBUG com.github.dockerjava.zerodep.shaded.org.apache.hc.client5.http.wire - http-outgoing-2 << "[\r][\n]"
2026-07-21 16:23:20.959 [main] DEBUG org.testcontainers.containers.output.WaitingConsumer - STDOUT: server started
2026-07-21 16:23:20.959 [main] DEBUG org.testcontainers.containers.output.WaitingConsumer - STDOUT:  done
2026-07-21 16:23:21.031 [docker-java-stream--1422016771] DEBUG com.github.dockerjava.zerodep.shaded.org.apache.hc.client5.http.wire - http-outgoing-2 << "18[\r][\n]"
2026-07-21 16:23:21.032 [docker-java-stream--1422016771] DEBUG com.github.dockerjava.zerodep.shaded.org.apache.hc.client5.http.wire - http-outgoing-2 << "[0x1][0x0][0x0][0x0][0x0][0x0][0x0][0x10]CREATE DATABASE[\n]"
2026-07-21 16:23:21.032 [docker-java-stream--1422016771] DEBUG com.github.dockerjava.zerodep.shaded.org.apache.hc.client5.http.wire - http-outgoing-2 << "[\r][\n]"
2026-07-21 16:23:21.032 [main] DEBUG org.testcontainers.containers.output.WaitingConsumer - STDOUT: CREATE DATABASE
2026-07-21 16:23:21.032 [docker-java-stream--1422016771] DEBUG com.github.dockerjava.zerodep.shaded.org.apache.hc.client5.http.wire - http-outgoing-2 << "6f[\r][\n]"
2026-07-21 16:23:21.032 [docker-java-stream--1422016771] DEBUG com.github.dockerjava.zerodep.shaded.org.apache.hc.client5.http.wire - http-outgoing-2 << "[0x1][0x0][0x0][0x0][0x0][0x0][0x0][0x1][\n]"
2026-07-21 16:23:21.032 [docker-java-stream--1422016771] DEBUG com.github.dockerjava.zerodep.shaded.org.apache.hc.client5.http.wire - http-outgoing-2 << "[0x1][0x0][0x0][0x0][0x0][0x0][0x0][0x1][\n]"
2026-07-21 16:23:21.032 [docker-java-stream--1422016771] DEBUG com.github.dockerjava.zerodep.shaded.org.apache.hc.client5.http.wire - http-outgoing-2 << "[0x1][0x0][0x0][0x0][0x0][0x0][0x0]L/usr/local/bin/docker-entrypoint.sh: ignoring /docker-entrypoint-initdb.d/*[\n]"
2026-07-21 16:23:21.032 [docker-java-stream--1422016771] DEBUG com.github.dockerjava.zerodep.shaded.org.apache.hc.client5.http.wire - http-outgoing-2 << "[0x1][0x0][0x0][0x0][0x0][0x0][0x0][0x1][\n]"
2026-07-21 16:23:21.032 [docker-java-stream--1422016771] DEBUG com.github.dockerjava.zerodep.shaded.org.apache.hc.client5.http.wire - http-outgoing-2 << "[\r][\n]"
2026-07-21 16:23:21.033 [docker-java-stream--1422016771] DEBUG com.github.dockerjava.zerodep.shaded.org.apache.hc.client5.http.wire - http-outgoing-2 << "c1[\r][\n]"
2026-07-21 16:23:21.034 [docker-java-stream--1422016771] DEBUG com.github.dockerjava.zerodep.shaded.org.apache.hc.client5.http.wire - http-outgoing-2 << "[0x1][0x0][0x0][0x0][0x0][0x0][0x0]iwaiting for server to shut down....2026-07-21 13:23:21.032 UTC [49] LOG:  received fast shutdown request[\n]"
2026-07-21 16:23:21.034 [docker-java-stream--1422016771] DEBUG com.github.dockerjava.zerodep.shaded.org.apache.hc.client5.http.wire - http-outgoing-2 << "[0x1][0x0][0x0][0x0][0x0][0x0][0x0]H2026-07-21 13:23:21.032 UTC [49] LOG:  aborting any active transactions[\n]"
2026-07-21 16:23:21.034 [docker-java-stream--1422016771] DEBUG com.github.dockerjava.zerodep.shaded.org.apache.hc.client5.http.wire - http-outgoing-2 << "[\r][\n]"
2026-07-21 16:23:21.034 [docker-java-stream--1422016771] DEBUG com.github.dockerjava.zerodep.shaded.org.apache.hc.client5.http.wire - http-outgoing-2 << "81[\r][\n]"
2026-07-21 16:23:21.034 [docker-java-stream--1422016771] DEBUG com.github.dockerjava.zerodep.shaded.org.apache.hc.client5.http.wire - http-outgoing-2 << "[0x1][0x0][0x0][0x0][0x0][0x0][0x0]y2026-07-21 13:23:21.033 UTC [49] LOG:  background worker "logical replication launcher" (PID 58) exited with exit code 1[\n]"
2026-07-21 16:23:21.034 [docker-java-stream--1422016771] DEBUG com.github.dockerjava.zerodep.shaded.org.apache.hc.client5.http.wire - http-outgoing-2 << "[\r][\n]"
2026-07-21 16:23:21.034 [docker-java-stream--1422016771] DEBUG com.github.dockerjava.zerodep.shaded.org.apache.hc.client5.http.wire - http-outgoing-2 << "94[\r][\n]"
2026-07-21 16:23:21.034 [docker-java-stream--1422016771] DEBUG com.github.dockerjava.zerodep.shaded.org.apache.hc.client5.http.wire - http-outgoing-2 << "[0x1][0x0][0x0][0x0][0x0][0x0][0x0]52026-07-21 13:23:21.034 UTC [53] LOG:  shutting down[\n]"
2026-07-21 16:23:21.034 [docker-java-stream--1422016771] DEBUG com.github.dockerjava.zerodep.shaded.org.apache.hc.client5.http.wire - http-outgoing-2 << "[0x1][0x0][0x0][0x0][0x0][0x0][0x0]O2026-07-21 13:23:21.034 UTC [53] LOG:  checkpoint starting: shutdown immediate[\n]"
2026-07-21 16:23:21.034 [docker-java-stream--1422016771] DEBUG com.github.dockerjava.zerodep.shaded.org.apache.hc.client5.http.wire - http-outgoing-2 << "[\r][\n]"
2026-07-21 16:23:21.039 [docker-java-stream--1422016771] DEBUG com.github.dockerjava.zerodep.shaded.org.apache.hc.client5.http.wire - http-outgoing-2 << "142[\r][\n]"
2026-07-21 16:23:21.039 [docker-java-stream--1422016771] DEBUG com.github.dockerjava.zerodep.shaded.org.apache.hc.client5.http.wire - http-outgoing-2 << "[0x1][0x0][0x0][0x0][0x0][0x0][0x1]:2026-07-21 13:23:21.038 UTC [53] LOG:  checkpoint complete: wrote 943 buffers (5.8%), wrote 3 SLRU buffers; 0 WAL file(s) added, 0 removed, 0 recycled; write=0.004 s, sync=0.001 s, total=0.004 s; sync files=0, longest=0.000 s, average=0.000 s; distance=4352 kB, estimate=4352 kB; lsn=0/1B9FBA8, redo lsn=0/1B9FBA8[\n]"
2026-07-21 16:23:21.039 [docker-java-stream--1422016771] DEBUG com.github.dockerjava.zerodep.shaded.org.apache.hc.client5.http.wire - http-outgoing-2 << "[\r][\n]"
2026-07-21 16:23:21.043 [docker-java-stream--1422016771] DEBUG com.github.dockerjava.zerodep.shaded.org.apache.hc.client5.http.wire - http-outgoing-2 << "4c[\r][\n]"
2026-07-21 16:23:21.043 [docker-java-stream--1422016771] DEBUG com.github.dockerjava.zerodep.shaded.org.apache.hc.client5.http.wire - http-outgoing-2 << "[0x1][0x0][0x0][0x0][0x0][0x0][0x0]D2026-07-21 13:23:21.042 UTC [49] LOG:  database system is shut down[\n]"
2026-07-21 16:23:21.043 [docker-java-stream--1422016771] DEBUG com.github.dockerjava.zerodep.shaded.org.apache.hc.client5.http.wire - http-outgoing-2 << "[\r][\n]"
2026-07-21 16:23:21.043 [main] DEBUG org.testcontainers.containers.output.WaitingConsumer - STDOUT: 2026-07-21 13:23:21.042 UTC [49] LOG:  database system is shut down
2026-07-21 16:23:21.043 [main] DEBUG org.testcontainers.containers.output.WaitingConsumer - STDOUT: 2026-07-21 13:23:21.038 UTC [53] LOG:  checkpoint complete: wrote 943 buffers (5.8%), wrote 3 SLRU buffers; 0 WAL file(s) added, 0 removed, 0 recycled; write=0.004 s, sync=0.001 s, total=0.004 s; sync files=0, longest=0.000 s, average=0.000 s; distance=4352 kB, estimate=4352 kB; lsn=0/1B9FBA8, redo lsn=0/1B9FBA8
2026-07-21 16:23:21.043 [main] DEBUG org.testcontainers.containers.output.WaitingConsumer - STDOUT: 2026-07-21 13:23:21.034 UTC [53] LOG:  checkpoint starting: shutdown immediate
2026-07-21 16:23:21.043 [main] DEBUG org.testcontainers.containers.output.WaitingConsumer - STDOUT: 2026-07-21 13:23:21.034 UTC [53] LOG:  shutting down
2026-07-21 16:23:21.043 [main] DEBUG org.testcontainers.containers.output.WaitingConsumer - STDOUT: 2026-07-21 13:23:21.033 UTC [49] LOG:  background worker "logical replication launcher" (PID 58) exited with exit code 1
2026-07-21 16:23:21.043 [main] DEBUG org.testcontainers.containers.output.WaitingConsumer - STDOUT: 2026-07-21 13:23:21.032 UTC [49] LOG:  aborting any active transactions
2026-07-21 16:23:21.043 [main] DEBUG org.testcontainers.containers.output.WaitingConsumer - STDOUT: waiting for server to shut down....2026-07-21 13:23:21.032 UTC [49] LOG:  received fast shutdown request
2026-07-21 16:23:21.043 [main] DEBUG org.testcontainers.containers.output.WaitingConsumer - STDOUT: 
2026-07-21 16:23:21.043 [main] DEBUG org.testcontainers.containers.output.WaitingConsumer - STDOUT: /usr/local/bin/docker-entrypoint.sh: ignoring /docker-entrypoint-initdb.d/*
2026-07-21 16:23:21.043 [main] DEBUG org.testcontainers.containers.output.WaitingConsumer - STDOUT: 
2026-07-21 16:23:21.043 [main] DEBUG org.testcontainers.containers.output.WaitingConsumer - STDOUT: 
2026-07-21 16:23:21.136 [docker-java-stream--1422016771] DEBUG com.github.dockerjava.zerodep.shaded.org.apache.hc.client5.http.wire - http-outgoing-2 << "25[\r][\n]"
2026-07-21 16:23:21.136 [docker-java-stream--1422016771] DEBUG com.github.dockerjava.zerodep.shaded.org.apache.hc.client5.http.wire - http-outgoing-2 << "[0x1][0x0][0x0][0x0][0x0][0x0][0x0][0x6] done[\n]"
2026-07-21 16:23:21.136 [docker-java-stream--1422016771] DEBUG com.github.dockerjava.zerodep.shaded.org.apache.hc.client5.http.wire - http-outgoing-2 << "[0x1][0x0][0x0][0x0][0x0][0x0][0x0][0xf]server stopped[\n]"
2026-07-21 16:23:21.136 [docker-java-stream--1422016771] DEBUG com.github.dockerjava.zerodep.shaded.org.apache.hc.client5.http.wire - http-outgoing-2 << "[\r][\n]"
2026-07-21 16:23:21.136 [main] DEBUG org.testcontainers.containers.output.WaitingConsumer - STDOUT: server stopped
2026-07-21 16:23:21.136 [main] DEBUG org.testcontainers.containers.output.WaitingConsumer - STDOUT:  done
2026-07-21 16:23:21.136 [docker-java-stream--1422016771] DEBUG com.github.dockerjava.zerodep.shaded.org.apache.hc.client5.http.wire - http-outgoing-2 << "50[\r][\n]"
2026-07-21 16:23:21.136 [docker-java-stream--1422016771] DEBUG com.github.dockerjava.zerodep.shaded.org.apache.hc.client5.http.wire - http-outgoing-2 << "[0x1][0x0][0x0][0x0][0x0][0x0][0x0][0x1][\n]"
2026-07-21 16:23:21.136 [docker-java-stream--1422016771] DEBUG com.github.dockerjava.zerodep.shaded.org.apache.hc.client5.http.wire - http-outgoing-2 << "[0x1][0x0][0x0][0x0][0x0][0x0][0x0]6PostgreSQL init process complete; ready for start up.[\n]"
2026-07-21 16:23:21.136 [docker-java-stream--1422016771] DEBUG com.github.dockerjava.zerodep.shaded.org.apache.hc.client5.http.wire - http-outgoing-2 << "[0x1][0x0][0x0][0x0][0x0][0x0][0x0][0x1][\n]"
2026-07-21 16:23:21.137 [docker-java-stream--1422016771] DEBUG com.github.dockerjava.zerodep.shaded.org.apache.hc.client5.http.wire - http-outgoing-2 << "[\r][\n]"
2026-07-21 16:23:21.146 [main] DEBUG org.testcontainers.containers.output.WaitingConsumer - STDOUT: 
2026-07-21 16:23:21.147 [main] DEBUG org.testcontainers.containers.output.WaitingConsumer - STDOUT: PostgreSQL init process complete; ready for start up.
2026-07-21 16:23:21.147 [main] DEBUG org.testcontainers.containers.output.WaitingConsumer - STDOUT: 
2026-07-21 16:23:21.151 [docker-java-stream--1422016771] DEBUG com.github.dockerjava.zerodep.shaded.org.apache.hc.client5.http.wire - http-outgoing-2 << "1d0[\r][\n]"
2026-07-21 16:23:21.151 [docker-java-stream--1422016771] DEBUG com.github.dockerjava.zerodep.shaded.org.apache.hc.client5.http.wire - http-outgoing-2 << "[0x2][0x0][0x0][0x0][0x0][0x0][0x0][0xffffffa8]2026-07-21 13:23:21.150 UTC [1] LOG:  starting PostgreSQL 18.0 (Debian 18.0-1.pgdg13+3) on aarch64-unknown-linux-gnu, compiled by gcc (Debian 14.2.0-19) 14.2.0, 64-bit[\n]"
2026-07-21 16:23:21.151 [docker-java-stream--1422016771] DEBUG com.github.dockerjava.zerodep.shaded.org.apache.hc.client5.http.wire - http-outgoing-2 << "[0x2][0x0][0x0][0x0][0x0][0x0][0x0]U2026-07-21 13:23:21.150 UTC [1] LOG:  listening on IPv4 address "0.0.0.0", port 5432[\n]"
2026-07-21 16:23:21.151 [docker-java-stream--1422016771] DEBUG com.github.dockerjava.zerodep.shaded.org.apache.hc.client5.http.wire - http-outgoing-2 << "[0x2][0x0][0x0][0x0][0x0][0x0][0x0]P2026-07-21 13:23:21.150 UTC [1] LOG:  listening on IPv6 address "::", port 5432[\n]"
2026-07-21 16:23:21.151 [docker-java-stream--1422016771] DEBUG com.github.dockerjava.zerodep.shaded.org.apache.hc.client5.http.wire - http-outgoing-2 << "[0x2][0x0][0x0][0x0][0x0][0x0][0x0]c2026-07-21 13:23:21.150 UTC [1] LOG:  listening on Unix socket "/var/run/postgresql/.s.PGSQL.5432"[\n]"
2026-07-21 16:23:21.151 [docker-java-stream--1422016771] DEBUG com.github.dockerjava.zerodep.shaded.org.apache.hc.client5.http.wire - http-outgoing-2 << "[\r][\n]"
2026-07-21 16:23:21.152 [docker-java-stream--1422016771] DEBUG com.github.dockerjava.zerodep.shaded.org.apache.hc.client5.http.wire - http-outgoing-2 << "68[\r][\n]"
2026-07-21 16:23:21.152 [docker-java-stream--1422016771] DEBUG com.github.dockerjava.zerodep.shaded.org.apache.hc.client5.http.wire - http-outgoing-2 << "[0x2][0x0][0x0][0x0][0x0][0x0][0x0]`2026-07-21 13:23:21.151 UTC [71] LOG:  database system was shut down at 2026-07-21 13:23:21 UTC[\n]"
2026-07-21 16:23:21.152 [docker-java-stream--1422016771] DEBUG com.github.dockerjava.zerodep.shaded.org.apache.hc.client5.http.wire - http-outgoing-2 << "[\r][\n]"
2026-07-21 16:23:21.153 [docker-java-stream--1422016771] DEBUG com.github.dockerjava.zerodep.shaded.org.apache.hc.client5.http.wire - http-outgoing-2 << "5d[\r][\n]"
2026-07-21 16:23:21.153 [docker-java-stream--1422016771] DEBUG com.github.dockerjava.zerodep.shaded.org.apache.hc.client5.http.wire - http-outgoing-2 << "[0x2][0x0][0x0][0x0][0x0][0x0][0x0]U2026-07-21 13:23:21.153 UTC [1] LOG:  database system is ready to accept connections[\n]"
2026-07-21 16:23:21.153 [docker-java-stream--1422016771] DEBUG com.github.dockerjava.zerodep.shaded.org.apache.hc.client5.http.wire - http-outgoing-2 << "[\r][\n]"
2026-07-21 16:23:21.157 [main] DEBUG org.testcontainers.containers.output.WaitingConsumer - STDERR: 2026-07-21 13:23:21.153 UTC [1] LOG:  database system is ready to accept connections
2026-07-21 16:23:21.158 [main] DEBUG com.github.dockerjava.zerodep.shaded.org.apache.hc.client5.http.impl.classic.InternalHttpClient - ep-0000000023 cancel
2026-07-21 16:23:21.158 [docker-java-stream--1422016771] DEBUG com.github.dockerjava.zerodep.shaded.org.apache.hc.client5.http.wire - http-outgoing-2 << "[read] I/O error: null"
2026-07-21 16:23:21.158 [main] DEBUG com.github.dockerjava.zerodep.shaded.org.apache.hc.client5.http.impl.io.DefaultManagedHttpClientConnection - http-outgoing-2 set socket timeout to 1 SECONDS
2026-07-21 16:23:21.158 [docker-java-stream--1422016771] DEBUG com.github.dockerjava.zerodep.shaded.org.apache.hc.client5.http.wire - http-outgoing-2 << "[read] I/O error: null"
2026-07-21 16:23:21.158 [main] DEBUG com.github.dockerjava.zerodep.shaded.org.apache.hc.client5.http.impl.io.DefaultManagedHttpClientConnection - http-outgoing-2 close connection IMMEDIATE
2026-07-21 16:23:21.158 [main] DEBUG com.github.dockerjava.zerodep.shaded.org.apache.hc.client5.http.impl.classic.InternalHttpClient - ep-0000000023 endpoint closed
2026-07-21 16:23:21.158 [main] DEBUG com.github.dockerjava.zerodep.shaded.org.apache.hc.client5.http.impl.classic.InternalHttpClient - ep-0000000023 discarding endpoint
2026-07-21 16:23:21.158 [main] DEBUG com.github.dockerjava.zerodep.shaded.org.apache.hc.client5.http.impl.io.PoolingHttpClientConnectionManager - ep-0000000023 releasing endpoint
2026-07-21 16:23:21.158 [main] DEBUG com.github.dockerjava.zerodep.shaded.org.apache.hc.client5.http.impl.io.PoolingHttpClientConnectionManager - ep-0000000023 connection is not kept alive
2026-07-21 16:23:21.158 [main] DEBUG com.github.dockerjava.zerodep.shaded.org.apache.hc.client5.http.impl.io.PoolingHttpClientConnectionManager - ep-0000000023 connection released [route: {}->[unix://localhost:2375]][total available: 0; route allocated: 0 of 2147483647; total allocated: 0 of 2147483647]
2026-07-21 16:23:21.158 [docker-java-stream--1422016771] DEBUG com.github.dockerjava.zerodep.ApacheDockerHttpClientImpl$ApacheResponse - Failed to close the response
java.nio.channels.ClosedChannelException: null
	at java.base/sun.nio.ch.SocketChannelImpl.ensureOpenAndConnected(SocketChannelImpl.java:222) ~[?:?]
	at java.base/sun.nio.ch.SocketChannelImpl.blockingRead(SocketChannelImpl.java:1311) ~[?:?]
	at java.base/sun.nio.ch.SocketInputStream.read(SocketInputStream.java:70) ~[?:?]
	at com.github.dockerjava.zerodep.shaded.org.apache.hc.client5.http.impl.io.LoggingInputStream.read(LoggingInputStream.java:83) ~[docker-java-transport-zerodep-3.7.1.jar:?]
	at com.github.dockerjava.zerodep.shaded.org.apache.hc.core5.http.impl.io.SessionInputBufferImpl.fillBuffer(SessionInputBufferImpl.java:149) ~[docker-java-transport-zerodep-3.7.1.jar:?]
	at com.github.dockerjava.zerodep.shaded.org.apache.hc.core5.http.impl.io.SessionInputBufferImpl.readLine(SessionInputBufferImpl.java:280) ~[docker-java-transport-zerodep-3.7.1.jar:?]
	at com.github.dockerjava.zerodep.shaded.org.apache.hc.core5.http.impl.io.ChunkedInputStream.getChunkSize(ChunkedInputStream.java:262) ~[docker-java-transport-zerodep-3.7.1.jar:?]
	at com.github.dockerjava.zerodep.shaded.org.apache.hc.core5.http.impl.io.ChunkedInputStream.nextChunk(ChunkedInputStream.java:223) ~[docker-java-transport-zerodep-3.7.1.jar:?]
	at com.github.dockerjava.zerodep.shaded.org.apache.hc.core5.http.impl.io.ChunkedInputStream.read(ChunkedInputStream.java:147) ~[docker-java-transport-zerodep-3.7.1.jar:?]
	at com.github.dockerjava.zerodep.shaded.org.apache.hc.core5.http.impl.io.ChunkedInputStream.close(ChunkedInputStream.java:315) ~[docker-java-transport-zerodep-3.7.1.jar:?]
	at com.github.dockerjava.zerodep.shaded.org.apache.hc.core5.io.Closer.close(Closer.java:48) ~[docker-java-transport-zerodep-3.7.1.jar:?]
	at com.github.dockerjava.zerodep.shaded.org.apache.hc.core5.http.impl.io.IncomingHttpEntity.close(IncomingHttpEntity.java:111) ~[docker-java-transport-zerodep-3.7.1.jar:?]
	at com.github.dockerjava.zerodep.shaded.org.apache.hc.core5.http.io.entity.HttpEntityWrapper.close(HttpEntityWrapper.java:120) ~[docker-java-transport-zerodep-3.7.1.jar:?]
	at com.github.dockerjava.zerodep.shaded.org.apache.hc.client5.http.impl.classic.ResponseEntityProxy.close(ResponseEntityProxy.java:180) ~[docker-java-transport-zerodep-3.7.1.jar:?]
	at com.github.dockerjava.zerodep.shaded.org.apache.hc.core5.io.Closer.close(Closer.java:48) ~[docker-java-transport-zerodep-3.7.1.jar:?]
	at com.github.dockerjava.zerodep.shaded.org.apache.hc.core5.http.message.BasicClassicHttpResponse.close(BasicClassicHttpResponse.java:93) ~[docker-java-transport-zerodep-3.7.1.jar:?]
	at com.github.dockerjava.zerodep.shaded.org.apache.hc.client5.http.impl.classic.CloseableHttpResponse.lambda$new$0(CloseableHttpResponse.java:95) ~[docker-java-transport-zerodep-3.7.1.jar:?]
	at com.github.dockerjava.zerodep.shaded.org.apache.hc.client5.http.impl.classic.CloseableHttpResponse.doClose(CloseableHttpResponse.java:236) ~[docker-java-transport-zerodep-3.7.1.jar:?]
	at com.github.dockerjava.zerodep.shaded.org.apache.hc.client5.http.impl.classic.CloseableHttpResponse.close(CloseableHttpResponse.java:252) ~[docker-java-transport-zerodep-3.7.1.jar:?]
	at com.github.dockerjava.zerodep.ApacheDockerHttpClientImpl$ApacheResponse.close(ApacheDockerHttpClientImpl.java:254) [docker-java-transport-zerodep-3.7.1.jar:?]
	at org.testcontainers.shaded.com.github.dockerjava.core.DefaultInvocationBuilder.lambda$executeAndStream$1(DefaultInvocationBuilder.java:277) [testcontainers-2.0.5.jar:2.0.5]
	at java.base/java.lang.Thread.run(Thread.java:1583) [?:?]
2026-07-21 16:23:21.158 [main] INFO  tc.postgres:latest - Container postgres:latest started in PT0.91356S
2026-07-21 16:23:21.158 [main] INFO  tc.postgres:latest - Container is started (JDBC URL: jdbc:postgresql://localhost:59628/test?loggerLevel=OFF)
2026-07-21 16:23:21.953 [main] TRACE org.springframework.core.env.PropertySourcesPropertyResolver - Searching for key 'bublik.enabled' in PropertySource 'configurationProperties'
2026-07-21 16:23:21.953 [main] DEBUG org.springframework.core.env.PropertySourcesPropertyResolver - Found key 'bublik.enabled' in PropertySource 'configurationProperties' with value of type String
2026-07-21 16:23:21.954 [main] TRACE org.springframework.boot.autoconfigure.condition.OnPropertyCondition - Condition OnPropertyCondition on dev.bublik.starter.autoconfigure.BublikAutoConfiguration matched due to @ConditionalOnProperty (bublik.enabled=true) matched
2026-07-21 16:23:21.961 [main] TRACE org.springframework.context.annotation.AnnotationConfigApplicationContext - Refreshing org.springframework.context.annotation.AnnotationConfigApplicationContext@1af677f8, started on Tue Jul 21 16:23:21 MSK 2026
2026-07-21 16:23:21.965 [main] DEBUG org.springframework.beans.factory.support.DefaultListableBeanFactory - Creating shared instance of singleton bean 'org.springframework.context.annotation.internalConfigurationAnnotationProcessor'
2026-07-21 16:23:21.965 [main] TRACE org.springframework.beans.factory.support.DefaultListableBeanFactory - Creating instance of bean 'org.springframework.context.annotation.internalConfigurationAnnotationProcessor'
2026-07-21 16:23:21.969 [main] TRACE org.springframework.beans.factory.support.DefaultListableBeanFactory - Finished creating instance of bean 'org.springframework.context.annotation.internalConfigurationAnnotationProcessor'
2026-07-21 16:23:21.973 [main] TRACE org.springframework.core.env.PropertySourcesPropertyResolver - Searching for key 'bublik.enabled' in PropertySource 'configurationProperties'
2026-07-21 16:23:21.973 [main] DEBUG org.springframework.core.env.PropertySourcesPropertyResolver - Found key 'bublik.enabled' in PropertySource 'configurationProperties' with value of type String
2026-07-21 16:23:21.973 [main] TRACE org.springframework.boot.autoconfigure.condition.OnPropertyCondition - Condition OnPropertyCondition on dev.bublik.starter.autoconfigure.BublikAutoConfiguration matched due to @ConditionalOnProperty (bublik.enabled=true) matched
2026-07-21 16:23:21.973 [main] TRACE org.springframework.beans.factory.support.DefaultListableBeanFactory - Returning cached instance of singleton bean 'autoConfigurationReport'
2026-07-21 16:23:21.980 [main] TRACE org.springframework.core.env.PropertySourcesPropertyResolver - Searching for key 'bublik.enabled' in PropertySource 'configurationProperties'
2026-07-21 16:23:21.980 [main] DEBUG org.springframework.core.env.PropertySourcesPropertyResolver - Found key 'bublik.enabled' in PropertySource 'configurationProperties' with value of type String
2026-07-21 16:23:21.980 [main] TRACE org.springframework.boot.autoconfigure.condition.OnPropertyCondition - Condition OnPropertyCondition on dev.bublik.starter.autoconfigure.BublikAutoConfiguration matched due to @ConditionalOnProperty (bublik.enabled=true) matched
2026-07-21 16:23:21.980 [main] TRACE org.springframework.beans.factory.support.DefaultListableBeanFactory - Returning cached instance of singleton bean 'autoConfigurationReport'
2026-07-21 16:23:21.980 [main] TRACE org.springframework.context.annotation.ConfigurationClassBeanDefinitionReader - Registering bean definition for @Bean method dev.bublik.starter.autoconfigure.BublikAutoConfiguration.automatedMigrationRunner() with bean name 'automatedMigrationRunner'
2026-07-21 16:23:22.007 [main] TRACE org.springframework.context.annotation.ConfigurationClassEnhancer - Successfully enhanced dev.bublik.starter.autoconfigure.BublikAutoConfiguration; enhanced class name is: dev.bublik.starter.autoconfigure.BublikAutoConfiguration$$SpringCGLIB$$0
2026-07-21 16:23:22.007 [main] TRACE org.springframework.context.annotation.ConfigurationClassPostProcessor - Replacing bean definition 'dev.bublik.starter.autoconfigure.BublikAutoConfiguration' existing class 'dev.bublik.starter.autoconfigure.BublikAutoConfiguration' with enhanced class 'dev.bublik.starter.autoconfigure.BublikAutoConfiguration$$SpringCGLIB$$0'
2026-07-21 16:23:22.007 [main] DEBUG org.springframework.beans.factory.support.DefaultListableBeanFactory - Creating shared instance of singleton bean 'org.springframework.context.event.internalEventListenerProcessor'
2026-07-21 16:23:22.007 [main] TRACE org.springframework.beans.factory.support.DefaultListableBeanFactory - Creating instance of bean 'org.springframework.context.event.internalEventListenerProcessor'
2026-07-21 16:23:22.009 [main] TRACE org.springframework.beans.factory.support.DefaultListableBeanFactory - Finished creating instance of bean 'org.springframework.context.event.internalEventListenerProcessor'
2026-07-21 16:23:22.009 [main] DEBUG org.springframework.beans.factory.support.DefaultListableBeanFactory - Creating shared instance of singleton bean 'org.springframework.context.event.internalEventListenerFactory'
2026-07-21 16:23:22.009 [main] TRACE org.springframework.beans.factory.support.DefaultListableBeanFactory - Creating instance of bean 'org.springframework.context.event.internalEventListenerFactory'
2026-07-21 16:23:22.010 [main] TRACE org.springframework.beans.factory.support.DefaultListableBeanFactory - Finished creating instance of bean 'org.springframework.context.event.internalEventListenerFactory'
2026-07-21 16:23:22.010 [main] DEBUG org.springframework.beans.factory.support.DefaultListableBeanFactory - Creating shared instance of singleton bean 'org.springframework.context.annotation.internalAutowiredAnnotationProcessor'
2026-07-21 16:23:22.010 [main] TRACE org.springframework.beans.factory.support.DefaultListableBeanFactory - Creating instance of bean 'org.springframework.context.annotation.internalAutowiredAnnotationProcessor'
2026-07-21 16:23:22.010 [main] TRACE org.springframework.beans.factory.support.DefaultListableBeanFactory - Finished creating instance of bean 'org.springframework.context.annotation.internalAutowiredAnnotationProcessor'
2026-07-21 16:23:22.010 [main] DEBUG org.springframework.beans.factory.support.DefaultListableBeanFactory - Creating shared instance of singleton bean 'org.springframework.boot.context.properties.ConfigurationPropertiesBindingPostProcessor'
2026-07-21 16:23:22.010 [main] TRACE org.springframework.beans.factory.support.DefaultListableBeanFactory - Creating instance of bean 'org.springframework.boot.context.properties.ConfigurationPropertiesBindingPostProcessor'
2026-07-21 16:23:22.011 [main] TRACE org.springframework.beans.factory.support.DefaultListableBeanFactory - Invoking afterPropertiesSet() on bean with name 'org.springframework.boot.context.properties.ConfigurationPropertiesBindingPostProcessor'
2026-07-21 16:23:22.011 [main] DEBUG org.springframework.beans.factory.support.DefaultListableBeanFactory - Creating shared instance of singleton bean 'org.springframework.boot.context.internalConfigurationPropertiesBinder'
2026-07-21 16:23:22.011 [main] TRACE org.springframework.beans.factory.support.DefaultListableBeanFactory - Creating instance of bean 'org.springframework.boot.context.internalConfigurationPropertiesBinder'
2026-07-21 16:23:22.011 [main] TRACE org.springframework.beans.factory.support.DefaultListableBeanFactory - Finished creating instance of bean 'org.springframework.boot.context.internalConfigurationPropertiesBinder'
2026-07-21 16:23:22.012 [main] TRACE org.springframework.beans.factory.support.DefaultListableBeanFactory - Finished creating instance of bean 'org.springframework.boot.context.properties.ConfigurationPropertiesBindingPostProcessor'
2026-07-21 16:23:22.012 [main] TRACE org.springframework.context.annotation.AnnotationConfigApplicationContext - No 'messageSource' bean, using [Empty MessageSource]
2026-07-21 16:23:22.013 [main] TRACE org.springframework.context.annotation.AnnotationConfigApplicationContext - No 'applicationEventMulticaster' bean, using [SimpleApplicationEventMulticaster]
2026-07-21 16:23:22.013 [main] TRACE org.springframework.beans.factory.support.DefaultListableBeanFactory - Pre-instantiating singletons in org.springframework.beans.factory.support.DefaultListableBeanFactory@7e2bc2f4: defining beans [org.springframework.context.annotation.internalConfigurationAnnotationProcessor,org.springframework.context.annotation.internalAutowiredAnnotationProcessor,org.springframework.context.event.internalEventListenerProcessor,org.springframework.context.event.internalEventListenerFactory,dev.bublik.starter.autoconfigure.BublikAutoConfiguration,automatedMigrationRunner,org.springframework.boot.context.properties.ConfigurationPropertiesBindingPostProcessor,org.springframework.boot.context.internalConfigurationPropertiesBinder,org.springframework.boot.context.properties.BoundConfigurationProperties,org.springframework.boot.context.properties.EnableConfigurationPropertiesRegistrar.methodValidationExcludeFilter,bublik-dev.bublik.starter.properties.BublikProperties]; root of factory hierarchy
2026-07-21 16:23:22.013 [main] TRACE org.springframework.beans.factory.support.DefaultListableBeanFactory - Returning cached instance of singleton bean 'org.springframework.context.annotation.internalConfigurationAnnotationProcessor'
2026-07-21 16:23:22.013 [main] TRACE org.springframework.beans.factory.support.DefaultListableBeanFactory - Returning cached instance of singleton bean 'org.springframework.context.annotation.internalAutowiredAnnotationProcessor'
2026-07-21 16:23:22.013 [main] TRACE org.springframework.beans.factory.support.DefaultListableBeanFactory - Returning cached instance of singleton bean 'org.springframework.context.event.internalEventListenerProcessor'
2026-07-21 16:23:22.013 [main] TRACE org.springframework.beans.factory.support.DefaultListableBeanFactory - Returning cached instance of singleton bean 'org.springframework.context.event.internalEventListenerFactory'
2026-07-21 16:23:22.013 [main] DEBUG org.springframework.beans.factory.support.DefaultListableBeanFactory - Creating shared instance of singleton bean 'dev.bublik.starter.autoconfigure.BublikAutoConfiguration'
2026-07-21 16:23:22.013 [main] TRACE org.springframework.beans.factory.support.DefaultListableBeanFactory - Creating instance of bean 'dev.bublik.starter.autoconfigure.BublikAutoConfiguration'
2026-07-21 16:23:22.015 [main] DEBUG org.springframework.beans.factory.support.DefaultListableBeanFactory - Creating shared instance of singleton bean 'bublik-dev.bublik.starter.properties.BublikProperties'
2026-07-21 16:23:22.015 [main] TRACE org.springframework.beans.factory.support.DefaultListableBeanFactory - Creating instance of bean 'bublik-dev.bublik.starter.properties.BublikProperties'
2026-07-21 16:23:22.017 [main] DEBUG org.springframework.beans.factory.support.DefaultListableBeanFactory - Creating shared instance of singleton bean 'org.springframework.boot.context.properties.BoundConfigurationProperties'
2026-07-21 16:23:22.017 [main] TRACE org.springframework.beans.factory.support.DefaultListableBeanFactory - Creating instance of bean 'org.springframework.boot.context.properties.BoundConfigurationProperties'
2026-07-21 16:23:22.018 [main] TRACE org.springframework.beans.factory.support.DefaultListableBeanFactory - Finished creating instance of bean 'org.springframework.boot.context.properties.BoundConfigurationProperties'
2026-07-21 16:23:22.057 [main] TRACE org.springframework.beans.factory.support.DefaultListableBeanFactory - Finished creating instance of bean 'bublik-dev.bublik.starter.properties.BublikProperties'
2026-07-21 16:23:22.057 [main] DEBUG org.springframework.beans.factory.support.DefaultListableBeanFactory - Autowiring by type from bean name 'dev.bublik.starter.autoconfigure.BublikAutoConfiguration' via constructor to bean named 'bublik-dev.bublik.starter.properties.BublikProperties'
2026-07-21 16:23:22.058 [main] TRACE org.springframework.beans.factory.support.DefaultListableBeanFactory - Finished creating instance of bean 'dev.bublik.starter.autoconfigure.BublikAutoConfiguration'
2026-07-21 16:23:22.058 [main] DEBUG org.springframework.beans.factory.support.DefaultListableBeanFactory - Creating shared instance of singleton bean 'automatedMigrationRunner'
2026-07-21 16:23:22.058 [main] TRACE org.springframework.beans.factory.support.DefaultListableBeanFactory - Creating instance of bean 'automatedMigrationRunner'
2026-07-21 16:23:22.058 [main] TRACE org.springframework.beans.factory.support.DefaultListableBeanFactory - Returning cached instance of singleton bean 'dev.bublik.starter.autoconfigure.BublikAutoConfiguration'
2026-07-21 16:23:22.058 [main] TRACE org.springframework.beans.factory.support.DefaultListableBeanFactory - Finished creating instance of bean 'automatedMigrationRunner'
2026-07-21 16:23:22.058 [main] TRACE org.springframework.beans.factory.support.DefaultListableBeanFactory - Returning cached instance of singleton bean 'org.springframework.boot.context.properties.ConfigurationPropertiesBindingPostProcessor'
2026-07-21 16:23:22.058 [main] TRACE org.springframework.beans.factory.support.DefaultListableBeanFactory - Returning cached instance of singleton bean 'org.springframework.boot.context.internalConfigurationPropertiesBinder'
2026-07-21 16:23:22.058 [main] TRACE org.springframework.beans.factory.support.DefaultListableBeanFactory - Returning cached instance of singleton bean 'org.springframework.boot.context.properties.BoundConfigurationProperties'
2026-07-21 16:23:22.058 [main] DEBUG org.springframework.beans.factory.support.DefaultListableBeanFactory - Creating shared instance of singleton bean 'org.springframework.boot.context.properties.EnableConfigurationPropertiesRegistrar.methodValidationExcludeFilter'
2026-07-21 16:23:22.058 [main] TRACE org.springframework.beans.factory.support.DefaultListableBeanFactory - Creating instance of bean 'org.springframework.boot.context.properties.EnableConfigurationPropertiesRegistrar.methodValidationExcludeFilter'
2026-07-21 16:23:22.060 [main] TRACE org.springframework.beans.factory.support.DefaultListableBeanFactory - Ignoring factory method [public static org.springframework.boot.validation.beanvalidation.MethodValidationExcludeFilter org.springframework.boot.validation.beanvalidation.MethodValidationExcludeFilter.byAnnotation(java.lang.Class,org.springframework.core.annotation.MergedAnnotations$SearchStrategy)] of bean 'org.springframework.boot.context.properties.EnableConfigurationPropertiesRegistrar.methodValidationExcludeFilter': org.springframework.beans.factory.UnsatisfiedDependencyException: Error creating bean with name 'org.springframework.boot.context.properties.EnableConfigurationPropertiesRegistrar.methodValidationExcludeFilter': Unsatisfied dependency expressed through method 'byAnnotation' parameter 1: Ambiguous argument values for parameter of type [org.springframework.core.annotation.MergedAnnotations$SearchStrategy] - did you specify the correct bean references as arguments?
2026-07-21 16:23:22.060 [main] TRACE org.springframework.beans.factory.support.DefaultListableBeanFactory - Finished creating instance of bean 'org.springframework.boot.context.properties.EnableConfigurationPropertiesRegistrar.methodValidationExcludeFilter'
2026-07-21 16:23:22.060 [main] TRACE org.springframework.beans.factory.support.DefaultListableBeanFactory - Returning cached instance of singleton bean 'bublik-dev.bublik.starter.properties.BublikProperties'
2026-07-21 16:23:22.061 [main] TRACE org.springframework.context.event.EventListenerMethodProcessor - No @EventListener annotations found on bean class: dev.bublik.starter.autoconfigure.BublikAutoConfiguration$$SpringCGLIB$$0
2026-07-21 16:23:22.061 [main] TRACE org.springframework.context.event.EventListenerMethodProcessor - No @EventListener annotations found on bean class: dev.bublik.starter.autoconfigure.BublikAutoConfiguration$$Lambda/0x000000d801670fb0
2026-07-21 16:23:22.061 [main] TRACE org.springframework.context.event.EventListenerMethodProcessor - No @EventListener annotations found on bean class: dev.bublik.starter.properties.BublikProperties
2026-07-21 16:23:22.065 [main] TRACE org.springframework.core.io.support.SpringFactoriesLoader - Loaded [org.springframework.beans.BeanInfoFactory] names: []
2026-07-21 16:23:22.066 [main] TRACE org.springframework.context.annotation.AnnotationConfigApplicationContext - No 'lifecycleProcessor' bean, using [DefaultLifecycleProcessor]
2026-07-21 16:23:22.066 [main] TRACE org.springframework.beans.factory.support.DefaultListableBeanFactory - Returning cached instance of singleton bean 'lifecycleProcessor'
2026-07-21 16:23:22.086 [main] TRACE org.springframework.beans.factory.support.DefaultListableBeanFactory - Returning cached instance of singleton bean 'automatedMigrationRunner'
2026-07-21 16:23:22.086 [main] TRACE org.springframework.beans.factory.support.DefaultListableBeanFactory - Returning cached instance of singleton bean 'automatedMigrationRunner'
2026-07-21 16:23:22.087 [main] INFO  dev.bublik.starter.autoconfigure.BublikAutoConfiguration - [Bublik Starter] Initiating automated data migration process at startup...
2026-07-21 16:23:22.090 [main] INFO  dev.bublik.core.service.StorageService - Bublik starting...
2026-07-21 16:23:22.090 [main] INFO  dev.bublik.core.service.StorageService - VERSION : unknown
2026-07-21 16:23:22.090 [main] INFO  dev.bublik.core.service.StorageService - WORKSTATION: macbook-JP9THFRQM6
2026-07-21 16:23:22.090 [main] INFO  dev.bublik.core.service.StorageService - CPU: 12
2026-07-21 16:23:22.090 [main] INFO  dev.bublik.core.service.StorageService - THREADS: 2
2026-07-21 16:23:22.090 [main] INFO  dev.bublik.core.service.StorageService - SOURCE: jdbc:oracle:thin:@localhost:59621/freepdb1
2026-07-21 16:23:22.090 [main] INFO  dev.bublik.core.service.StorageService - SOURCE USERNAME: test
2026-07-21 16:23:22.090 [main] INFO  dev.bublik.core.service.StorageService - TARGET: jdbc:postgresql://localhost:59628/test?loggerLevel=OFF
2026-07-21 16:23:22.090 [main] INFO  dev.bublik.core.service.StorageService - TARGET USERNAME: test
2026-07-21 16:23:22.092 [main] INFO  dev.bublik.core.service.StorageService - Storage factory: dev.bublik.postgres.storage.PostgresStorageFactory
2026-07-21 16:23:22.093 [main] INFO  dev.bublik.core.service.StorageService - Storage factory: dev.bublik.oracle.storage.OracleStorageFactory
2026-07-21 16:23:22.094 [main] INFO  dev.bublik.core.service.StorageService - Storage factory: dev.bublik.cassandra.storage.CassandraStorageFactory
2026-07-21 16:23:22.095 [main] INFO  dev.bublik.core.service.StorageService - Storage factory: dev.bublik.mssql.storage.MSSQLStorageFactory
2026-07-21 16:23:22.096 [main] INFO  dev.bublik.core.service.StorageService - Storage factory: dev.bublik.ydb.storage.YDBStorageFactory
2026-07-21 16:23:22.100 [main] INFO  dev.bublik.core.service.StorageService - Storage class: dev.bublik.oracle.storage.OracleStorage 
2026-07-21 16:23:22.143 [main] INFO  dev.bublik.core.service.StorageService - Storage class: dev.bublik.postgres.storage.PostgresStorage 
2026-07-21 16:23:22.201 [main] WARN  dev.bublik.oracle.storage.OracleStorage - Task TEST_SOURCE_USERS_target_users_task does not exist
2026-07-21 16:23:22.522 [main] INFO  dev.bublik.oracle.storage.OracleStorage - Created chunks for task TEST_SOURCE_USERS_target_users_task
2026-07-21 16:23:22.522 [main] INFO  dev.bublik.oracle.storage.OracleStorage - ROWID chunks created successfully
2026-07-21 16:23:22.525 [main] INFO  dev.bublik.postgres.storage.PostgresStorage - Outbox table public.bublik_outbox created successfully
2026-07-21 16:23:22.526 [main] INFO  dev.bublik.core.storage.JDBCStorage - SOURCE version: 23
2026-07-21 16:23:22.741 [main] DEBUG dev.bublik.oracle.storage.OracleStorage - SQL to fetch metadata of chunks: select chunk_id, start_rowid, end_rowid, start_id, end_id, task_name, status from user_parallel_execute_chunks where status <> 'PROCESSED' and task_name = ?   and rownum <= 1000 
2026-07-21 16:23:22.749 [main] INFO  dev.bublik.oracle.storage.OracleStorage - Fetch query: SELECT /* bublik */  ID, "NAME" FROM TEST.SOURCE_USERS   WHERE ( 1 = 1 ) and rowid between ? and ? 
2026-07-21 16:23:22.777 [pool-2-thread-1] INFO  dev.bublik.core.model.Chunk - PostgreSQL COPY SOURCE_USERS -> target_users of 3 rows (start:AAARqtAAYAAAAAIAAA, end:AAARqtAAYAAAAAPH//) chunk_id:1	 0.01 sec
2026-07-21 16:23:22.796 [main] DEBUG dev.bublik.oracle.storage.OracleStorage - SQL to fetch metadata of chunks: select chunk_id, start_rowid, end_rowid, start_id, end_id, task_name, status from user_parallel_execute_chunks where status <> 'PROCESSED' and task_name = ?   and rownum <= 1000 
2026-07-21 16:23:22.797 [main] INFO  dev.bublik.oracle.storage.OracleStorage - Fetch query: SELECT /* bublik */  ID, "NAME" FROM TEST.SOURCE_USERS   WHERE ( 1 = 1 ) and rowid between ? and ? 
2026-07-21 16:23:22.800 [main] INFO  dev.bublik.core.storage.JDBCStorage - All chunks are processed
2026-07-21 16:23:22.806 [main] INFO  dev.bublik.oracle.storage.OracleStorage - Dropped task TEST_SOURCE_USERS_target_users_task
2026-07-21 16:23:22.809 [main] INFO  dev.bublik.core.storage.JDBCStorage - HikariDataSource closed successfully.
2026-07-21 16:23:22.809 [main] INFO  dev.bublik.core.storage.JDBCStorage - Bublik-managed HikariDataSource successfully closed.
2026-07-21 16:23:22.813 [main] INFO  dev.bublik.core.storage.JDBCStorage - HikariDataSource closed successfully.
2026-07-21 16:23:22.813 [main] INFO  dev.bublik.core.storage.JDBCStorage - Bublik-managed HikariDataSource successfully closed.
2026-07-21 16:23:22.813 [main] INFO  dev.bublik.starter.autoconfigure.BublikAutoConfiguration - [Bublik Starter] Migration finished successfully in 725 ms.
2026-07-21 16:23:22.822 [main] DEBUG org.springframework.context.annotation.AnnotationConfigApplicationContext - Closing org.springframework.context.annotation.AnnotationConfigApplicationContext@1af677f8, started on Tue Jul 21 16:23:21 MSK 2026
2026-07-21 16:23:22.822 [main] TRACE org.springframework.beans.factory.support.DefaultListableBeanFactory - Returning cached instance of singleton bean 'lifecycleProcessor'
2026-07-21 16:23:22.823 [main] TRACE org.springframework.beans.factory.support.DefaultListableBeanFactory - Destroying singletons in org.springframework.beans.factory.support.DefaultListableBeanFactory@7e2bc2f4: defining beans [org.springframework.context.annotation.internalConfigurationAnnotationProcessor,org.springframework.context.annotation.internalAutowiredAnnotationProcessor,org.springframework.context.event.internalEventListenerProcessor,org.springframework.context.event.internalEventListenerFactory,dev.bublik.starter.autoconfigure.BublikAutoConfiguration,automatedMigrationRunner,org.springframework.boot.context.properties.ConfigurationPropertiesBindingPostProcessor,org.springframework.boot.context.internalConfigurationPropertiesBinder,org.springframework.boot.context.properties.BoundConfigurationProperties,org.springframework.boot.context.properties.EnableConfigurationPropertiesRegistrar.methodValidationExcludeFilter,bublik-dev.bublik.starter.properties.BublikProperties]; root of factory hierarchy
2026-07-21 16:23:22.827 [main] DEBUG org.testcontainers.shaded.com.github.dockerjava.core.command.AbstrDockerCmd - Cmd: 4e9ba704eaff7a01804ba14682ba0985818f6aa5951b28e3cc0c65d18b6db2fc,false
2026-07-21 16:23:22.827 [main] DEBUG org.testcontainers.shaded.com.github.dockerjava.core.exec.InspectContainerCmdExec - GET: DefaultWebTarget{path=[/containers/4e9ba704eaff7a01804ba14682ba0985818f6aa5951b28e3cc0c65d18b6db2fc/json], queryParams={}}
2026-07-21 16:23:22.828 [main] DEBUG com.github.dockerjava.zerodep.shaded.org.apache.hc.client5.http.impl.classic.InternalHttpClient - ex-0000000024 preparing request execution
2026-07-21 16:23:22.828 [main] DEBUG com.github.dockerjava.zerodep.shaded.org.apache.hc.client5.http.impl.classic.ProtocolExec - ex-0000000024 target auth state: UNCHALLENGED
2026-07-21 16:23:22.828 [main] DEBUG com.github.dockerjava.zerodep.shaded.org.apache.hc.client5.http.impl.classic.ProtocolExec - ex-0000000024 proxy auth state: UNCHALLENGED
2026-07-21 16:23:22.828 [main] DEBUG com.github.dockerjava.zerodep.shaded.org.apache.hc.client5.http.impl.classic.ConnectExec - ex-0000000024 acquiring connection with route {}->[unix://localhost:2375]
2026-07-21 16:23:22.828 [main] DEBUG com.github.dockerjava.zerodep.shaded.org.apache.hc.client5.http.impl.classic.InternalHttpClient - ex-0000000024 acquiring endpoint (3 MINUTES)
2026-07-21 16:23:22.828 [main] DEBUG com.github.dockerjava.zerodep.shaded.org.apache.hc.client5.http.impl.io.PoolingHttpClientConnectionManager - ex-0000000024 endpoint lease request (3 MINUTES) [route: {}->[unix://localhost:2375]][total available: 0; route allocated: 0 of 2147483647; total allocated: 0 of 2147483647]
2026-07-21 16:23:22.828 [main] DEBUG com.github.dockerjava.zerodep.shaded.org.apache.hc.client5.http.impl.io.PoolingHttpClientConnectionManager - ex-0000000024 endpoint leased [route: {}->[unix://localhost:2375]][total available: 0; route allocated: 1 of 2147483647; total allocated: 1 of 2147483647]
2026-07-21 16:23:22.828 [main] DEBUG com.github.dockerjava.zerodep.shaded.org.apache.hc.client5.http.impl.io.PoolingHttpClientConnectionManager - ex-0000000024 acquired ep-0000000024
2026-07-21 16:23:22.828 [main] DEBUG com.github.dockerjava.zerodep.shaded.org.apache.hc.client5.http.impl.classic.InternalHttpClient - ex-0000000024 acquired endpoint ep-0000000024
2026-07-21 16:23:22.828 [main] DEBUG com.github.dockerjava.zerodep.shaded.org.apache.hc.client5.http.impl.classic.ConnectExec - ex-0000000024 opening connection {}->[unix://localhost:2375]
2026-07-21 16:23:22.828 [main] DEBUG com.github.dockerjava.zerodep.shaded.org.apache.hc.client5.http.impl.classic.InternalHttpClient - ep-0000000024 connecting endpoint (null)
2026-07-21 16:23:22.828 [main] DEBUG com.github.dockerjava.zerodep.shaded.org.apache.hc.client5.http.impl.io.PoolingHttpClientConnectionManager - ep-0000000024 connecting endpoint to unix://localhost:2375 (3 MINUTES)
2026-07-21 16:23:22.828 [main] DEBUG com.github.dockerjava.zerodep.shaded.org.apache.hc.client5.http.impl.io.DefaultHttpClientConnectionOperator - unix://localhost:2375 connecting null->localhost/127.0.0.1:2375 (3 MINUTES)
2026-07-21 16:23:22.828 [main] DEBUG com.github.dockerjava.zerodep.shaded.org.apache.hc.client5.http.impl.io.DefaultHttpClientConnectionOperator - http-outgoing-3 unix://localhost:2375 connected /var/run/docker.sock->/var/run/docker.sock
2026-07-21 16:23:22.828 [main] DEBUG com.github.dockerjava.zerodep.shaded.org.apache.hc.client5.http.impl.io.PoolingHttpClientConnectionManager - ep-0000000024 connected http-outgoing-3
2026-07-21 16:23:22.828 [main] DEBUG com.github.dockerjava.zerodep.shaded.org.apache.hc.client5.http.impl.classic.InternalHttpClient - ep-0000000024 endpoint connected
2026-07-21 16:23:22.828 [main] DEBUG com.github.dockerjava.zerodep.shaded.org.apache.hc.client5.http.impl.classic.MainClientExec - ex-0000000024 executing GET /v1.44/containers/4e9ba704eaff7a01804ba14682ba0985818f6aa5951b28e3cc0c65d18b6db2fc/json
2026-07-21 16:23:22.828 [main] DEBUG com.github.dockerjava.zerodep.shaded.org.apache.hc.client5.http.protocol.RequestAddCookies - ex-0000000024 Cookie spec selected: strict
2026-07-21 16:23:22.829 [main] DEBUG com.github.dockerjava.zerodep.shaded.org.apache.hc.client5.http.impl.classic.InternalHttpClient - ep-0000000024 start execution ex-0000000024
2026-07-21 16:23:22.829 [main] DEBUG com.github.dockerjava.zerodep.shaded.org.apache.hc.client5.http.impl.io.PoolingHttpClientConnectionManager - ep-0000000024 executing exchange ex-0000000024 over http-outgoing-3
2026-07-21 16:23:22.829 [main] DEBUG com.github.dockerjava.zerodep.shaded.org.apache.hc.client5.http.headers - http-outgoing-3 >> GET /v1.44/containers/4e9ba704eaff7a01804ba14682ba0985818f6aa5951b28e3cc0c65d18b6db2fc/json HTTP/1.1
2026-07-21 16:23:22.829 [main] DEBUG com.github.dockerjava.zerodep.shaded.org.apache.hc.client5.http.headers - http-outgoing-3 >> accept: application/json
2026-07-21 16:23:22.829 [main] DEBUG com.github.dockerjava.zerodep.shaded.org.apache.hc.client5.http.headers - http-outgoing-3 >> x-tc-sid: c2815888-2ad9-4d1b-b81d-ff10c2a3009c
2026-07-21 16:23:22.829 [main] DEBUG com.github.dockerjava.zerodep.shaded.org.apache.hc.client5.http.headers - http-outgoing-3 >> User-Agent: tc-java/2.0.5
2026-07-21 16:23:22.829 [main] DEBUG com.github.dockerjava.zerodep.shaded.org.apache.hc.client5.http.headers - http-outgoing-3 >> Accept-Encoding: gzip, x-gzip, deflate
2026-07-21 16:23:22.829 [main] DEBUG com.github.dockerjava.zerodep.shaded.org.apache.hc.client5.http.headers - http-outgoing-3 >> Host: localhost:2375
2026-07-21 16:23:22.829 [main] DEBUG com.github.dockerjava.zerodep.shaded.org.apache.hc.client5.http.headers - http-outgoing-3 >> Connection: keep-alive
2026-07-21 16:23:22.829 [main] DEBUG com.github.dockerjava.zerodep.shaded.org.apache.hc.client5.http.wire - http-outgoing-3 >> "GET /v1.44/containers/4e9ba704eaff7a01804ba14682ba0985818f6aa5951b28e3cc0c65d18b6db2fc/json HTTP/1.1[\r][\n]"
2026-07-21 16:23:22.829 [main] DEBUG com.github.dockerjava.zerodep.shaded.org.apache.hc.client5.http.wire - http-outgoing-3 >> "accept: application/json[\r][\n]"
2026-07-21 16:23:22.829 [main] DEBUG com.github.dockerjava.zerodep.shaded.org.apache.hc.client5.http.wire - http-outgoing-3 >> "x-tc-sid: c2815888-2ad9-4d1b-b81d-ff10c2a3009c[\r][\n]"
2026-07-21 16:23:22.829 [main] DEBUG com.github.dockerjava.zerodep.shaded.org.apache.hc.client5.http.wire - http-outgoing-3 >> "User-Agent: tc-java/2.0.5[\r][\n]"
2026-07-21 16:23:22.829 [main] DEBUG com.github.dockerjava.zerodep.shaded.org.apache.hc.client5.http.wire - http-outgoing-3 >> "Accept-Encoding: gzip, x-gzip, deflate[\r][\n]"
2026-07-21 16:23:22.829 [main] DEBUG com.github.dockerjava.zerodep.shaded.org.apache.hc.client5.http.wire - http-outgoing-3 >> "Host: localhost:2375[\r][\n]"
2026-07-21 16:23:22.829 [main] DEBUG com.github.dockerjava.zerodep.shaded.org.apache.hc.client5.http.wire - http-outgoing-3 >> "Connection: keep-alive[\r][\n]"
2026-07-21 16:23:22.829 [main] DEBUG com.github.dockerjava.zerodep.shaded.org.apache.hc.client5.http.wire - http-outgoing-3 >> "[\r][\n]"
2026-07-21 16:23:22.831 [main] DEBUG com.github.dockerjava.zerodep.shaded.org.apache.hc.client5.http.wire - http-outgoing-3 << "HTTP/1.1 200 OK[\r][\n]"
2026-07-21 16:23:22.831 [main] DEBUG com.github.dockerjava.zerodep.shaded.org.apache.hc.client5.http.wire - http-outgoing-3 << "Api-Version: 1.54[\r][\n]"
2026-07-21 16:23:22.831 [main] DEBUG com.github.dockerjava.zerodep.shaded.org.apache.hc.client5.http.wire - http-outgoing-3 << "Content-Type: application/json[\r][\n]"
2026-07-21 16:23:22.831 [main] DEBUG com.github.dockerjava.zerodep.shaded.org.apache.hc.client5.http.wire - http-outgoing-3 << "Date: Tue, 21 Jul 2026 13:23:22 GMT[\r][\n]"
2026-07-21 16:23:22.831 [main] DEBUG com.github.dockerjava.zerodep.shaded.org.apache.hc.client5.http.wire - http-outgoing-3 << "Docker-Experimental: false[\r][\n]"
2026-07-21 16:23:22.831 [main] DEBUG com.github.dockerjava.zerodep.shaded.org.apache.hc.client5.http.wire - http-outgoing-3 << "Ostype: linux[\r][\n]"
2026-07-21 16:23:22.831 [main] DEBUG com.github.dockerjava.zerodep.shaded.org.apache.hc.client5.http.wire - http-outgoing-3 << "Server: Docker/29.5.3 (linux)[\r][\n]"
2026-07-21 16:23:22.831 [main] DEBUG com.github.dockerjava.zerodep.shaded.org.apache.hc.client5.http.wire - http-outgoing-3 << "Transfer-Encoding: chunked[\r][\n]"
2026-07-21 16:23:22.831 [main] DEBUG com.github.dockerjava.zerodep.shaded.org.apache.hc.client5.http.wire - http-outgoing-3 << "[\r][\n]"
2026-07-21 16:23:22.831 [main] DEBUG com.github.dockerjava.zerodep.shaded.org.apache.hc.client5.http.headers - http-outgoing-3 << HTTP/1.1 200 OK
2026-07-21 16:23:22.831 [main] DEBUG com.github.dockerjava.zerodep.shaded.org.apache.hc.client5.http.headers - http-outgoing-3 << Api-Version: 1.54
2026-07-21 16:23:22.831 [main] DEBUG com.github.dockerjava.zerodep.shaded.org.apache.hc.client5.http.headers - http-outgoing-3 << Content-Type: application/json
2026-07-21 16:23:22.831 [main] DEBUG com.github.dockerjava.zerodep.shaded.org.apache.hc.client5.http.headers - http-outgoing-3 << Date: Tue, 21 Jul 2026 13:23:22 GMT
2026-07-21 16:23:22.831 [main] DEBUG com.github.dockerjava.zerodep.shaded.org.apache.hc.client5.http.headers - http-outgoing-3 << Docker-Experimental: false
2026-07-21 16:23:22.831 [main] DEBUG com.github.dockerjava.zerodep.shaded.org.apache.hc.client5.http.headers - http-outgoing-3 << Ostype: linux
2026-07-21 16:23:22.831 [main] DEBUG com.github.dockerjava.zerodep.shaded.org.apache.hc.client5.http.headers - http-outgoing-3 << Server: Docker/29.5.3 (linux)
2026-07-21 16:23:22.831 [main] DEBUG com.github.dockerjava.zerodep.shaded.org.apache.hc.client5.http.headers - http-outgoing-3 << Transfer-Encoding: chunked
2026-07-21 16:23:22.831 [main] DEBUG com.github.dockerjava.zerodep.shaded.org.apache.hc.client5.http.impl.classic.MainClientExec - ex-0000000024 connection can be kept alive for 3 MINUTES
2026-07-21 16:23:22.831 [main] DEBUG com.github.dockerjava.zerodep.shaded.org.apache.hc.client5.http.wire - http-outgoing-3 << "1855[\r][\n]"
2026-07-21 16:23:22.832 [main] DEBUG com.github.dockerjava.zerodep.shaded.org.apache.hc.client5.http.wire - http-outgoing-3 << "{"Id":"4e9ba704eaff7a01804ba14682ba0985818f6aa5951b28e3cc0c65d18b6db2fc","Created":"2026-07-21T13:23:13.432641418Z","Path":"container-entrypoint.sh","Args":[],"State":{"Status":"running","Running":true,"Paused":false,"Restarting":false,"OOMKilled":false,"Dead":false,"Pid":59568,"ExitCode":0,"Error":"","StartedAt":"2026-07-21T13:23:13.470022709Z","FinishedAt":"0001-01-01T00:00:00Z"},"Image":"sha256:1195813a9237d2f0c10a212e4e38f4b1dc3ede89e18712043f1c0ac406b1a986","ResolvConfPath":"/var/lib/docker/containers/4e9ba704eaff7a01804ba14682ba0985818f6aa5951b28e3cc0c65d18b6db2fc/resolv.conf","HostnamePath":"/var/lib/docker/containers/4e9ba704eaff7a01804ba14682ba0985818f6aa5951b28e3cc0c65d18b6db2fc/hostname","HostsPath":"/var/lib/docker/containers/4e9ba704eaff7a01804ba14682ba0985818f6aa5951b28e3cc0c65d18b6db2fc/hosts","LogPath":"/var/lib/docker/containers/4e9ba704eaff7a01804ba14682ba0985818f6aa5951b28e3cc0c65d18b6db2fc/4e9ba704eaff7a01804ba14682ba0985818f6aa5951b28e3cc0c65d18b6db2fc-json.log","Name":"/pensive_goldwasser","RestartCount":0,"Driver":"overlay2","Platform":"linux","MountLabel":"","ProcessLabel":"","AppArmorProfile":"","ExecIDs":null,"HostConfig":{"Binds":[],"ContainerIDFile":"","LogConfig":{"Type":"json-file","Config":{}},"NetworkMode":"bridge","PortBindings":{"1521/tcp":[{"HostIp":"","HostPort":""}]},"RestartPolicy":{"Name":"no","MaximumRetryCount":0},"AutoRemove":false,"VolumeDriver":"","VolumesFrom":[],"ConsoleSize":[0,0],"CapAdd":null,"CapDrop":null,"CgroupnsMode":"private","Dns":null,"DnsOptions":null,"DnsSearch":null,"ExtraHosts":[],"GroupAdd":null,"IpcMode":"private","Cgroup":"","Links":null,"OomScoreAdj":0,"PidMode":"","Privileged":false,"PublishAllPorts":false,"ReadonlyRootfs":false,"SecurityOpt":null,"UTSMode":"","UsernsMode":"","ShmSize":67108864,"Runtime":"runc","Isolation":"","CpuShares":0,"Memory":0,"NanoCpus":0,"CgroupParent":"","BlkioWeight":0,"BlkioWeightDevice":null,"BlkioDeviceReadBps":null,"BlkioDeviceWriteBps":null,"BlkioDeviceReadIOps":null,"BlkioDeviceWriteIOps":null,"CpuPeriod":0,"CpuQuota":0,"CpuRealtimePeriod":0,"CpuRealtimeRuntime":0,"CpusetCpus":"","CpusetMems":"","Devices":null,"DeviceCgroupRules":null,"DeviceRequests":null,"MemoryReservation":0,"MemorySwap":0,"MemorySwappiness":null,"OomKillDisable":null,"PidsLimit":null,"Ulimits":null,"CpuCount":0,"CpuPercent":0,"IOMaximumIOps":0,"IOMaximumBandwidth":0,"MaskedPaths":["/proc/acpi","/proc/asound","/proc/interrupts","/proc/kcore","/proc/keys","/proc/latency_stats","/proc/sched_debug","/proc/scsi","/proc/timer_list","/proc/timer_stats","/sys/devices/virtual/powercap","/sys/firmware"],"ReadonlyPaths":["/proc/bus","/proc/fs","/proc/irq","/proc/sys","/proc/sysrq-trigger"]},"GraphDriver":{"Data":{"ID":"4e9ba704eaff7a01804ba14682ba0985818f6aa5951b28e3cc0c65d18b6db2fc","LowerDir":"/var/lib/docker/overlay2/4dfd627ec10990e99a843efe9896af230bf0f2572e90c149bcf76981a7a26214-init/diff:/var/lib/docker/overlay2/11bb84405bed155ee87be83c03d283efa240f8e8686be5f9b1a2540d0b250719/diff:/var/lib/docker/overlay2/5fd68ce8c01e3f58a7392a4be9786c39b54ea9f2968fcec1cd29f285dd619d94/diff:/var/lib/docker/overlay2/4325ed8685f7b17698f058be12d3c063712eca348d77f5d2652f0b1863e612dc/diff:/var/lib/docker/overlay2/7f83fb59807d2ae9fd17ddcc22bfada8ff5cea2dbb2e49be8f3b6c3c6466c6d6/diff:/var/lib/docker/overlay2/e875946526dcd439b7d1128876268fb5707fb427d2fc930724046629f4f842d9/diff:/var/lib/docker/overlay2/50b36ea6e913938c555fea56912f4f465fb092e63c3e84dc38bc122b858ef17d/diff:/var/lib/docker/overlay2/b19d24ba04711fe5d02491a39c78c7c219605ebb8e3d3cb83f8021da6126c5e3/diff:/var/lib/docker/overlay2/ba454dac3efb622dc41b6326b4804d01c9d9d3bebddbda1303921580573a7b9c/diff:/var/lib/docker/overlay2/82b56b6b1a874198fe76dacfb13327b53b6aca559e5953249054c86c7a782c47/diff","MergedDir":"/var/lib/docker/overlay2/4dfd627ec10990e99a843efe9896af230bf0f2572e90c149bcf76981a7a26214/merged","UpperDir":"/var/lib/docker/overlay2/4dfd627ec10990e99a843efe9896af230bf0f2572e90c149bcf76981a7a26214/diff","WorkDir":"/var/lib/docker/overlay2/4dfd627ec10990e99a843efe9896af230bf0f2572e90c149bcf76981a7a26214/work"},"Name":"overlay2"},"Mounts":[],"Config":{"Hostname":"4e9ba704eaff","Domainname":"","User":"oracle","AttachStdin":false,"AttachStdout":false,"AttachStderr":false,"ExposedPorts":{"1521/tcp":{}},"Tty":false,"OpenStdin":false,"StdinOnce":false,"Env":["ORACLE_PASSWORD=test","APP_USER=test","APP_USER_PASSWORD=test","PATH=/usr/local/sbin:/usr/local/bin:/usr/sbin:/usr/bin:/sbin:/bin:/opt/oracle/product/23ai/dbhomeFree/bin:/opt/oracle","ORACLE_BASE=/opt/oracle","ORACLE_BASE_CONFIG=/opt/oracle/product/23ai/dbhomeFree","ORACLE_BASE_HOME=/opt/oracle/product/23ai/dbhomeFree","ORACLE_HOME=/opt/oracle/product/23ai/dbhomeFree","ORACLE_SID=FREE","NLS_LANG=.AL32UTF8"],"Cmd":null,"Image":"gvenzl/oracle-free:slim-faststart","Volumes":null,"WorkingDir":"/opt/oracle","Entrypoint":["container-entrypoint.sh"],"Labels":{"io.buildah.version":"1.33.7","org.opencontainers.image.authors":"Gerald Venzl","org.opencontainers.image.description":"Oracle Database Free for everyone!","org.opencontainers.image.documentation":"https://github.com/gvenzl/oci-oracle-free/blob/main/README.md","org.opencontainers.image.licenses":"Apache-2.0","org.opencontainers.image.source":"https://github.com/gvenzl/oci-oracle-free","org.opencontainers.image.title":"Oracle Database Free Container images","org.testcontainers":"true","org.testcontainers.lang":"java","org.testcontainers.sessionId":"c2815888-2ad9-4d1b-b81d-ff10c2a3009c","org.testcontainers.version":"2.0.5"},"StopTimeout":1},"NetworkSettings":{"SandboxID":"999225c058369d945fe87760aaf2658e2689c3f3a36b4f48baf3679d0e2f4e6d","SandboxKey":"/var/run/docker/netns/999225c05836","Ports":{"1521/tcp":[{"HostIp":"0.0.0.0","HostPort":"59621"},{"HostIp":"::","HostPort":"59621"}]},"Networks":{"bridge":{"IPAMConfig":null,"Links":null,"Aliases":null,"DriverOpts":null,"GwPriority":0,"NetworkID":"998d6244bdfb5e5563c0dbbe14df5cbe693c238c2c93dcb841f601252b85ef2f","EndpointID":"69904ef74fad9b9d40cb30439a0f0205690fe5a26b27329fcfe892ce198760ee","Gateway":"172.17.0.1","IPAddress":"172.17.0.4","MacAddress":"ba:b9:d1:b2:9b:24","IPPrefixLen":16,"IPv6Gateway":"","GlobalIPv6Address":"","GlobalIPv6PrefixLen":0,"DNSNames":null}}}}[\n]"
2026-07-21 16:23:22.832 [main] DEBUG com.github.dockerjava.zerodep.shaded.org.apache.hc.client5.http.wire - http-outgoing-3 << "[\r][\n]"
2026-07-21 16:23:22.832 [main] DEBUG com.github.dockerjava.zerodep.shaded.org.apache.hc.client5.http.wire - http-outgoing-3 << "0[\r][\n]"
2026-07-21 16:23:22.832 [main] DEBUG com.github.dockerjava.zerodep.shaded.org.apache.hc.client5.http.wire - http-outgoing-3 << "[\r][\n]"
2026-07-21 16:23:22.833 [main] DEBUG com.github.dockerjava.zerodep.shaded.org.apache.hc.client5.http.impl.classic.InternalHttpClient - ep-0000000024 releasing valid endpoint
2026-07-21 16:23:22.833 [main] DEBUG com.github.dockerjava.zerodep.shaded.org.apache.hc.client5.http.impl.io.PoolingHttpClientConnectionManager - ep-0000000024 releasing endpoint
2026-07-21 16:23:22.833 [main] DEBUG com.github.dockerjava.zerodep.shaded.org.apache.hc.client5.http.impl.io.PoolingHttpClientConnectionManager - ep-0000000024 connection http-outgoing-3 can be kept alive for 3 MINUTES
2026-07-21 16:23:22.833 [main] DEBUG com.github.dockerjava.zerodep.shaded.org.apache.hc.client5.http.impl.io.PoolingHttpClientConnectionManager - ep-0000000024 connection released [route: {}->[unix://localhost:2375]][total available: 1; route allocated: 1 of 2147483647; total allocated: 1 of 2147483647]
2026-07-21 16:23:22.833 [main] TRACE org.testcontainers.utility.ResourceReaper - Stopping container: 4e9ba704eaff7a01804ba14682ba0985818f6aa5951b28e3cc0c65d18b6db2fc
2026-07-21 16:23:22.834 [main] DEBUG org.testcontainers.shaded.com.github.dockerjava.core.command.AbstrDockerCmd - Cmd: 4e9ba704eaff7a01804ba14682ba0985818f6aa5951b28e3cc0c65d18b6db2fc,<null>
2026-07-21 16:23:22.834 [main] TRACE org.testcontainers.shaded.com.github.dockerjava.core.exec.KillContainerCmdExec - POST: DefaultWebTarget{path=[/containers/4e9ba704eaff7a01804ba14682ba0985818f6aa5951b28e3cc0c65d18b6db2fc/kill], queryParams={}}
2026-07-21 16:23:22.834 [main] DEBUG com.github.dockerjava.zerodep.shaded.org.apache.hc.client5.http.impl.classic.InternalHttpClient - ex-0000000025 preparing request execution
2026-07-21 16:23:22.835 [main] DEBUG com.github.dockerjava.zerodep.shaded.org.apache.hc.client5.http.impl.classic.ProtocolExec - ex-0000000025 target auth state: UNCHALLENGED
2026-07-21 16:23:22.835 [main] DEBUG com.github.dockerjava.zerodep.shaded.org.apache.hc.client5.http.impl.classic.ProtocolExec - ex-0000000025 proxy auth state: UNCHALLENGED
2026-07-21 16:23:22.835 [main] DEBUG com.github.dockerjava.zerodep.shaded.org.apache.hc.client5.http.impl.classic.ConnectExec - ex-0000000025 acquiring connection with route {}->[unix://localhost:2375]
2026-07-21 16:23:22.835 [main] DEBUG com.github.dockerjava.zerodep.shaded.org.apache.hc.client5.http.impl.classic.InternalHttpClient - ex-0000000025 acquiring endpoint (3 MINUTES)
2026-07-21 16:23:22.835 [main] DEBUG com.github.dockerjava.zerodep.shaded.org.apache.hc.client5.http.impl.io.PoolingHttpClientConnectionManager - ex-0000000025 endpoint lease request (3 MINUTES) [route: {}->[unix://localhost:2375]][total available: 1; route allocated: 1 of 2147483647; total allocated: 1 of 2147483647]
2026-07-21 16:23:22.835 [main] DEBUG com.github.dockerjava.zerodep.shaded.org.apache.hc.client5.http.impl.io.PoolingHttpClientConnectionManager - ex-0000000025 endpoint leased [route: {}->[unix://localhost:2375]][total available: 0; route allocated: 1 of 2147483647; total allocated: 1 of 2147483647]
2026-07-21 16:23:22.835 [main] DEBUG com.github.dockerjava.zerodep.shaded.org.apache.hc.client5.http.impl.io.PoolingHttpClientConnectionManager - ex-0000000025 acquired ep-0000000025
2026-07-21 16:23:22.835 [main] DEBUG com.github.dockerjava.zerodep.shaded.org.apache.hc.client5.http.impl.classic.InternalHttpClient - ex-0000000025 acquired endpoint ep-0000000025
2026-07-21 16:23:22.835 [main] DEBUG com.github.dockerjava.zerodep.shaded.org.apache.hc.client5.http.impl.classic.MainClientExec - ex-0000000025 executing POST /v1.44/containers/4e9ba704eaff7a01804ba14682ba0985818f6aa5951b28e3cc0c65d18b6db2fc/kill
2026-07-21 16:23:22.835 [main] DEBUG com.github.dockerjava.zerodep.shaded.org.apache.hc.client5.http.protocol.RequestAddCookies - ex-0000000025 Cookie spec selected: strict
2026-07-21 16:23:22.835 [main] DEBUG com.github.dockerjava.zerodep.shaded.org.apache.hc.client5.http.impl.classic.InternalHttpClient - ep-0000000025 start execution ex-0000000025
2026-07-21 16:23:22.835 [main] DEBUG com.github.dockerjava.zerodep.shaded.org.apache.hc.client5.http.impl.io.PoolingHttpClientConnectionManager - ep-0000000025 executing exchange ex-0000000025 over http-outgoing-3
2026-07-21 16:23:22.835 [main] DEBUG com.github.dockerjava.zerodep.shaded.org.apache.hc.client5.http.headers - http-outgoing-3 >> POST /v1.44/containers/4e9ba704eaff7a01804ba14682ba0985818f6aa5951b28e3cc0c65d18b6db2fc/kill HTTP/1.1
2026-07-21 16:23:22.835 [main] DEBUG com.github.dockerjava.zerodep.shaded.org.apache.hc.client5.http.headers - http-outgoing-3 >> accept: application/json
2026-07-21 16:23:22.835 [main] DEBUG com.github.dockerjava.zerodep.shaded.org.apache.hc.client5.http.headers - http-outgoing-3 >> content-type: application/json
2026-07-21 16:23:22.835 [main] DEBUG com.github.dockerjava.zerodep.shaded.org.apache.hc.client5.http.headers - http-outgoing-3 >> x-tc-sid: c2815888-2ad9-4d1b-b81d-ff10c2a3009c
2026-07-21 16:23:22.835 [main] DEBUG com.github.dockerjava.zerodep.shaded.org.apache.hc.client5.http.headers - http-outgoing-3 >> User-Agent: tc-java/2.0.5
2026-07-21 16:23:22.835 [main] DEBUG com.github.dockerjava.zerodep.shaded.org.apache.hc.client5.http.headers - http-outgoing-3 >> Accept-Encoding: gzip, x-gzip, deflate
2026-07-21 16:23:22.835 [main] DEBUG com.github.dockerjava.zerodep.shaded.org.apache.hc.client5.http.headers - http-outgoing-3 >> Host: localhost:2375
2026-07-21 16:23:22.835 [main] DEBUG com.github.dockerjava.zerodep.shaded.org.apache.hc.client5.http.headers - http-outgoing-3 >> Content-Length: 0
2026-07-21 16:23:22.835 [main] DEBUG com.github.dockerjava.zerodep.shaded.org.apache.hc.client5.http.headers - http-outgoing-3 >> Connection: keep-alive
2026-07-21 16:23:22.835 [main] DEBUG com.github.dockerjava.zerodep.shaded.org.apache.hc.client5.http.wire - http-outgoing-3 >> "POST /v1.44/containers/4e9ba704eaff7a01804ba14682ba0985818f6aa5951b28e3cc0c65d18b6db2fc/kill HTTP/1.1[\r][\n]"
2026-07-21 16:23:22.835 [main] DEBUG com.github.dockerjava.zerodep.shaded.org.apache.hc.client5.http.wire - http-outgoing-3 >> "accept: application/json[\r][\n]"
2026-07-21 16:23:22.835 [main] DEBUG com.github.dockerjava.zerodep.shaded.org.apache.hc.client5.http.wire - http-outgoing-3 >> "content-type: application/json[\r][\n]"
2026-07-21 16:23:22.835 [main] DEBUG com.github.dockerjava.zerodep.shaded.org.apache.hc.client5.http.wire - http-outgoing-3 >> "x-tc-sid: c2815888-2ad9-4d1b-b81d-ff10c2a3009c[\r][\n]"
2026-07-21 16:23:22.835 [main] DEBUG com.github.dockerjava.zerodep.shaded.org.apache.hc.client5.http.wire - http-outgoing-3 >> "User-Agent: tc-java/2.0.5[\r][\n]"
2026-07-21 16:23:22.835 [main] DEBUG com.github.dockerjava.zerodep.shaded.org.apache.hc.client5.http.wire - http-outgoing-3 >> "Accept-Encoding: gzip, x-gzip, deflate[\r][\n]"
2026-07-21 16:23:22.835 [main] DEBUG com.github.dockerjava.zerodep.shaded.org.apache.hc.client5.http.wire - http-outgoing-3 >> "Host: localhost:2375[\r][\n]"
2026-07-21 16:23:22.835 [main] DEBUG com.github.dockerjava.zerodep.shaded.org.apache.hc.client5.http.wire - http-outgoing-3 >> "Content-Length: 0[\r][\n]"
2026-07-21 16:23:22.835 [main] DEBUG com.github.dockerjava.zerodep.shaded.org.apache.hc.client5.http.wire - http-outgoing-3 >> "Connection: keep-alive[\r][\n]"
2026-07-21 16:23:22.836 [main] DEBUG com.github.dockerjava.zerodep.shaded.org.apache.hc.client5.http.wire - http-outgoing-3 >> "[\r][\n]"
2026-07-21 16:23:23.129 [main] DEBUG com.github.dockerjava.zerodep.shaded.org.apache.hc.client5.http.wire - http-outgoing-3 << "HTTP/1.1 204 No Content[\r][\n]"
2026-07-21 16:23:23.129 [main] DEBUG com.github.dockerjava.zerodep.shaded.org.apache.hc.client5.http.wire - http-outgoing-3 << "Api-Version: 1.54[\r][\n]"
2026-07-21 16:23:23.129 [main] DEBUG com.github.dockerjava.zerodep.shaded.org.apache.hc.client5.http.wire - http-outgoing-3 << "Date: Tue, 21 Jul 2026 13:23:23 GMT[\r][\n]"
2026-07-21 16:23:23.129 [main] DEBUG com.github.dockerjava.zerodep.shaded.org.apache.hc.client5.http.wire - http-outgoing-3 << "Docker-Experimental: false[\r][\n]"
2026-07-21 16:23:23.129 [main] DEBUG com.github.dockerjava.zerodep.shaded.org.apache.hc.client5.http.wire - http-outgoing-3 << "Ostype: linux[\r][\n]"
2026-07-21 16:23:23.129 [main] DEBUG com.github.dockerjava.zerodep.shaded.org.apache.hc.client5.http.wire - http-outgoing-3 << "Server: Docker/29.5.3 (linux)[\r][\n]"
2026-07-21 16:23:23.129 [main] DEBUG com.github.dockerjava.zerodep.shaded.org.apache.hc.client5.http.wire - http-outgoing-3 << "[\r][\n]"
2026-07-21 16:23:23.129 [main] DEBUG com.github.dockerjava.zerodep.shaded.org.apache.hc.client5.http.headers - http-outgoing-3 << HTTP/1.1 204 No Content
2026-07-21 16:23:23.129 [main] DEBUG com.github.dockerjava.zerodep.shaded.org.apache.hc.client5.http.headers - http-outgoing-3 << Api-Version: 1.54
2026-07-21 16:23:23.129 [main] DEBUG com.github.dockerjava.zerodep.shaded.org.apache.hc.client5.http.headers - http-outgoing-3 << Date: Tue, 21 Jul 2026 13:23:23 GMT
2026-07-21 16:23:23.129 [main] DEBUG com.github.dockerjava.zerodep.shaded.org.apache.hc.client5.http.headers - http-outgoing-3 << Docker-Experimental: false
2026-07-21 16:23:23.129 [main] DEBUG com.github.dockerjava.zerodep.shaded.org.apache.hc.client5.http.headers - http-outgoing-3 << Ostype: linux
2026-07-21 16:23:23.129 [main] DEBUG com.github.dockerjava.zerodep.shaded.org.apache.hc.client5.http.headers - http-outgoing-3 << Server: Docker/29.5.3 (linux)
2026-07-21 16:23:23.129 [main] DEBUG com.github.dockerjava.zerodep.shaded.org.apache.hc.client5.http.impl.classic.MainClientExec - ex-0000000025 connection can be kept alive for 3 MINUTES
2026-07-21 16:23:23.129 [main] DEBUG com.github.dockerjava.zerodep.shaded.org.apache.hc.client5.http.impl.classic.InternalHttpClient - ep-0000000025 releasing valid endpoint
2026-07-21 16:23:23.129 [main] DEBUG com.github.dockerjava.zerodep.shaded.org.apache.hc.client5.http.impl.io.PoolingHttpClientConnectionManager - ep-0000000025 releasing endpoint
2026-07-21 16:23:23.129 [main] DEBUG com.github.dockerjava.zerodep.shaded.org.apache.hc.client5.http.impl.io.PoolingHttpClientConnectionManager - ep-0000000025 connection http-outgoing-3 can be kept alive for 3 MINUTES
2026-07-21 16:23:23.129 [main] DEBUG com.github.dockerjava.zerodep.shaded.org.apache.hc.client5.http.impl.io.PoolingHttpClientConnectionManager - ep-0000000025 connection released [route: {}->[unix://localhost:2375]][total available: 1; route allocated: 1 of 2147483647; total allocated: 1 of 2147483647]
2026-07-21 16:23:23.129 [main] TRACE org.testcontainers.utility.ResourceReaper - Stopped container: gvenzl/oracle-free:slim-faststart
2026-07-21 16:23:23.129 [main] DEBUG org.testcontainers.shaded.com.github.dockerjava.core.command.AbstrDockerCmd - Cmd: 4e9ba704eaff7a01804ba14682ba0985818f6aa5951b28e3cc0c65d18b6db2fc,false
2026-07-21 16:23:23.130 [main] DEBUG org.testcontainers.shaded.com.github.dockerjava.core.exec.InspectContainerCmdExec - GET: DefaultWebTarget{path=[/containers/4e9ba704eaff7a01804ba14682ba0985818f6aa5951b28e3cc0c65d18b6db2fc/json], queryParams={}}
2026-07-21 16:23:23.130 [main] DEBUG com.github.dockerjava.zerodep.shaded.org.apache.hc.client5.http.impl.classic.InternalHttpClient - ex-0000000026 preparing request execution
2026-07-21 16:23:23.130 [main] DEBUG com.github.dockerjava.zerodep.shaded.org.apache.hc.client5.http.impl.classic.ProtocolExec - ex-0000000026 target auth state: UNCHALLENGED
2026-07-21 16:23:23.130 [main] DEBUG com.github.dockerjava.zerodep.shaded.org.apache.hc.client5.http.impl.classic.ProtocolExec - ex-0000000026 proxy auth state: UNCHALLENGED
2026-07-21 16:23:23.130 [main] DEBUG com.github.dockerjava.zerodep.shaded.org.apache.hc.client5.http.impl.classic.ConnectExec - ex-0000000026 acquiring connection with route {}->[unix://localhost:2375]
2026-07-21 16:23:23.130 [main] DEBUG com.github.dockerjava.zerodep.shaded.org.apache.hc.client5.http.impl.classic.InternalHttpClient - ex-0000000026 acquiring endpoint (3 MINUTES)
2026-07-21 16:23:23.130 [main] DEBUG com.github.dockerjava.zerodep.shaded.org.apache.hc.client5.http.impl.io.PoolingHttpClientConnectionManager - ex-0000000026 endpoint lease request (3 MINUTES) [route: {}->[unix://localhost:2375]][total available: 1; route allocated: 1 of 2147483647; total allocated: 1 of 2147483647]
2026-07-21 16:23:23.130 [main] DEBUG com.github.dockerjava.zerodep.shaded.org.apache.hc.client5.http.impl.io.PoolingHttpClientConnectionManager - ex-0000000026 endpoint leased [route: {}->[unix://localhost:2375]][total available: 0; route allocated: 1 of 2147483647; total allocated: 1 of 2147483647]
2026-07-21 16:23:23.130 [main] DEBUG com.github.dockerjava.zerodep.shaded.org.apache.hc.client5.http.impl.io.PoolingHttpClientConnectionManager - ex-0000000026 acquired ep-0000000026
2026-07-21 16:23:23.130 [main] DEBUG com.github.dockerjava.zerodep.shaded.org.apache.hc.client5.http.impl.classic.InternalHttpClient - ex-0000000026 acquired endpoint ep-0000000026
2026-07-21 16:23:23.130 [main] DEBUG com.github.dockerjava.zerodep.shaded.org.apache.hc.client5.http.impl.classic.MainClientExec - ex-0000000026 executing GET /v1.44/containers/4e9ba704eaff7a01804ba14682ba0985818f6aa5951b28e3cc0c65d18b6db2fc/json
2026-07-21 16:23:23.130 [main] DEBUG com.github.dockerjava.zerodep.shaded.org.apache.hc.client5.http.protocol.RequestAddCookies - ex-0000000026 Cookie spec selected: strict
2026-07-21 16:23:23.130 [main] DEBUG com.github.dockerjava.zerodep.shaded.org.apache.hc.client5.http.impl.classic.InternalHttpClient - ep-0000000026 start execution ex-0000000026
2026-07-21 16:23:23.130 [main] DEBUG com.github.dockerjava.zerodep.shaded.org.apache.hc.client5.http.impl.io.PoolingHttpClientConnectionManager - ep-0000000026 executing exchange ex-0000000026 over http-outgoing-3
2026-07-21 16:23:23.130 [main] DEBUG com.github.dockerjava.zerodep.shaded.org.apache.hc.client5.http.headers - http-outgoing-3 >> GET /v1.44/containers/4e9ba704eaff7a01804ba14682ba0985818f6aa5951b28e3cc0c65d18b6db2fc/json HTTP/1.1
2026-07-21 16:23:23.130 [main] DEBUG com.github.dockerjava.zerodep.shaded.org.apache.hc.client5.http.headers - http-outgoing-3 >> accept: application/json
2026-07-21 16:23:23.130 [main] DEBUG com.github.dockerjava.zerodep.shaded.org.apache.hc.client5.http.headers - http-outgoing-3 >> x-tc-sid: c2815888-2ad9-4d1b-b81d-ff10c2a3009c
2026-07-21 16:23:23.130 [main] DEBUG com.github.dockerjava.zerodep.shaded.org.apache.hc.client5.http.headers - http-outgoing-3 >> User-Agent: tc-java/2.0.5
2026-07-21 16:23:23.130 [main] DEBUG com.github.dockerjava.zerodep.shaded.org.apache.hc.client5.http.headers - http-outgoing-3 >> Accept-Encoding: gzip, x-gzip, deflate
2026-07-21 16:23:23.130 [main] DEBUG com.github.dockerjava.zerodep.shaded.org.apache.hc.client5.http.headers - http-outgoing-3 >> Host: localhost:2375
2026-07-21 16:23:23.130 [main] DEBUG com.github.dockerjava.zerodep.shaded.org.apache.hc.client5.http.headers - http-outgoing-3 >> Connection: keep-alive
2026-07-21 16:23:23.130 [main] DEBUG com.github.dockerjava.zerodep.shaded.org.apache.hc.client5.http.wire - http-outgoing-3 >> "GET /v1.44/containers/4e9ba704eaff7a01804ba14682ba0985818f6aa5951b28e3cc0c65d18b6db2fc/json HTTP/1.1[\r][\n]"
2026-07-21 16:23:23.130 [main] DEBUG com.github.dockerjava.zerodep.shaded.org.apache.hc.client5.http.wire - http-outgoing-3 >> "accept: application/json[\r][\n]"
2026-07-21 16:23:23.130 [main] DEBUG com.github.dockerjava.zerodep.shaded.org.apache.hc.client5.http.wire - http-outgoing-3 >> "x-tc-sid: c2815888-2ad9-4d1b-b81d-ff10c2a3009c[\r][\n]"
2026-07-21 16:23:23.130 [main] DEBUG com.github.dockerjava.zerodep.shaded.org.apache.hc.client5.http.wire - http-outgoing-3 >> "User-Agent: tc-java/2.0.5[\r][\n]"
2026-07-21 16:23:23.130 [main] DEBUG com.github.dockerjava.zerodep.shaded.org.apache.hc.client5.http.wire - http-outgoing-3 >> "Accept-Encoding: gzip, x-gzip, deflate[\r][\n]"
2026-07-21 16:23:23.130 [main] DEBUG com.github.dockerjava.zerodep.shaded.org.apache.hc.client5.http.wire - http-outgoing-3 >> "Host: localhost:2375[\r][\n]"
2026-07-21 16:23:23.130 [main] DEBUG com.github.dockerjava.zerodep.shaded.org.apache.hc.client5.http.wire - http-outgoing-3 >> "Connection: keep-alive[\r][\n]"
2026-07-21 16:23:23.130 [main] DEBUG com.github.dockerjava.zerodep.shaded.org.apache.hc.client5.http.wire - http-outgoing-3 >> "[\r][\n]"
2026-07-21 16:23:23.135 [main] DEBUG com.github.dockerjava.zerodep.shaded.org.apache.hc.client5.http.wire - http-outgoing-3 << "HTTP/1.1 200 OK[\r][\n]"
2026-07-21 16:23:23.135 [main] DEBUG com.github.dockerjava.zerodep.shaded.org.apache.hc.client5.http.wire - http-outgoing-3 << "Api-Version: 1.54[\r][\n]"
2026-07-21 16:23:23.135 [main] DEBUG com.github.dockerjava.zerodep.shaded.org.apache.hc.client5.http.wire - http-outgoing-3 << "Content-Type: application/json[\r][\n]"
2026-07-21 16:23:23.135 [main] DEBUG com.github.dockerjava.zerodep.shaded.org.apache.hc.client5.http.wire - http-outgoing-3 << "Date: Tue, 21 Jul 2026 13:23:23 GMT[\r][\n]"
2026-07-21 16:23:23.135 [main] DEBUG com.github.dockerjava.zerodep.shaded.org.apache.hc.client5.http.wire - http-outgoing-3 << "Docker-Experimental: false[\r][\n]"
2026-07-21 16:23:23.135 [main] DEBUG com.github.dockerjava.zerodep.shaded.org.apache.hc.client5.http.wire - http-outgoing-3 << "Ostype: linux[\r][\n]"
2026-07-21 16:23:23.135 [main] DEBUG com.github.dockerjava.zerodep.shaded.org.apache.hc.client5.http.wire - http-outgoing-3 << "Server: Docker/29.5.3 (linux)[\r][\n]"
2026-07-21 16:23:23.135 [main] DEBUG com.github.dockerjava.zerodep.shaded.org.apache.hc.client5.http.wire - http-outgoing-3 << "Transfer-Encoding: chunked[\r][\n]"
2026-07-21 16:23:23.135 [main] DEBUG com.github.dockerjava.zerodep.shaded.org.apache.hc.client5.http.wire - http-outgoing-3 << "[\r][\n]"
2026-07-21 16:23:23.135 [main] DEBUG com.github.dockerjava.zerodep.shaded.org.apache.hc.client5.http.wire - http-outgoing-3 << "173e[\r][\n]"
2026-07-21 16:23:23.135 [main] DEBUG com.github.dockerjava.zerodep.shaded.org.apache.hc.client5.http.wire - http-outgoing-3 << "{"Id":"4e9ba704eaff7a01804ba14682ba0985818f6aa5951b28e3cc0c65d18b6db2fc","Created":"2026-07-21T13:23:13.432641418Z","Path":"container-entrypoint.sh","Args":[],"State":{"Status":"exited","Running":false,"Paused":false,"Restarting":false,"OOMKilled":false,"Dead":false,"Pid":0,"ExitCode":137,"Error":"","StartedAt":"2026-07-21T13:23:13.470022709Z","FinishedAt":"2026-07-21T13:23:22.908575922Z"},"Image":"sha256:1195813a9237d2f0c10a212e4e38f4b1dc3ede89e18712043f1c0ac406b1a986","ResolvConfPath":"/var/lib/docker/containers/4e9ba704eaff7a01804ba14682ba0985818f6aa5951b28e3cc0c65d18b6db2fc/resolv.conf","HostnamePath":"/var/lib/docker/containers/4e9ba704eaff7a01804ba14682ba0985818f6aa5951b28e3cc0c65d18b6db2fc/hostname","HostsPath":"/var/lib/docker/containers/4e9ba704eaff7a01804ba14682ba0985818f6aa5951b28e3cc0c65d18b6db2fc/hosts","LogPath":"/var/lib/docker/containers/4e9ba704eaff7a01804ba14682ba0985818f6aa5951b28e3cc0c65d18b6db2fc/4e9ba704eaff7a01804ba14682ba0985818f6aa5951b28e3cc0c65d18b6db2fc-json.log","Name":"/pensive_goldwasser","RestartCount":0,"Driver":"overlay2","Platform":"linux","MountLabel":"","ProcessLabel":"","AppArmorProfile":"","ExecIDs":null,"HostConfig":{"Binds":[],"ContainerIDFile":"","LogConfig":{"Type":"json-file","Config":{}},"NetworkMode":"bridge","PortBindings":{"1521/tcp":[{"HostIp":"","HostPort":""}]},"RestartPolicy":{"Name":"no","MaximumRetryCount":0},"AutoRemove":false,"VolumeDriver":"","VolumesFrom":[],"ConsoleSize":[0,0],"CapAdd":null,"CapDrop":null,"CgroupnsMode":"private","Dns":null,"DnsOptions":null,"DnsSearch":null,"ExtraHosts":[],"GroupAdd":null,"IpcMode":"private","Cgroup":"","Links":null,"OomScoreAdj":0,"PidMode":"","Privileged":false,"PublishAllPorts":false,"ReadonlyRootfs":false,"SecurityOpt":null,"UTSMode":"","UsernsMode":"","ShmSize":67108864,"Runtime":"runc","Isolation":"","CpuShares":0,"Memory":0,"NanoCpus":0,"CgroupParent":"","BlkioWeight":0,"BlkioWeightDevice":null,"BlkioDeviceReadBps":null,"BlkioDeviceWriteBps":null,"BlkioDeviceReadIOps":null,"BlkioDeviceWriteIOps":null,"CpuPeriod":0,"CpuQuota":0,"CpuRealtimePeriod":0,"CpuRealtimeRuntime":0,"CpusetCpus":"","CpusetMems":"","Devices":null,"DeviceCgroupRules":null,"DeviceRequests":null,"MemoryReservation":0,"MemorySwap":0,"MemorySwappiness":null,"OomKillDisable":null,"PidsLimit":null,"Ulimits":null,"CpuCount":0,"CpuPercent":0,"IOMaximumIOps":0,"IOMaximumBandwidth":0,"MaskedPaths":["/proc/acpi","/proc/asound","/proc/interrupts","/proc/kcore","/proc/keys","/proc/latency_stats","/proc/sched_debug","/proc/scsi","/proc/timer_list","/proc/timer_stats","/sys/devices/virtual/powercap","/sys/firmware"],"ReadonlyPaths":["/proc/bus","/proc/fs","/proc/irq","/proc/sys","/proc/sysrq-trigger"]},"GraphDriver":{"Data":{"ID":"4e9ba704eaff7a01804ba14682ba0985818f6aa5951b28e3cc0c65d18b6db2fc","LowerDir":"/var/lib/docker/overlay2/4dfd627ec10990e99a843efe9896af230bf0f2572e90c149bcf76981a7a26214-init/diff:/var/lib/docker/overlay2/11bb84405bed155ee87be83c03d283efa240f8e8686be5f9b1a2540d0b250719/diff:/var/lib/docker/overlay2/5fd68ce8c01e3f58a7392a4be9786c39b54ea9f2968fcec1cd29f285dd619d94/diff:/var/lib/docker/overlay2/4325ed8685f7b17698f058be12d3c063712eca348d77f5d2652f0b1863e612dc/diff:/var/lib/docker/overlay2/7f83fb59807d2ae9fd17ddcc22bfada8ff5cea2dbb2e49be8f3b6c3c6466c6d6/diff:/var/lib/docker/overlay2/e875946526dcd439b7d1128876268fb5707fb427d2fc930724046629f4f842d9/diff:/var/lib/docker/overlay2/50b36ea6e913938c555fea56912f4f465fb092e63c3e84dc38bc122b858ef17d/diff:/var/lib/docker/overlay2/b19d24ba04711fe5d02491a39c78c7c219605ebb8e3d3cb83f8021da6126c5e3/diff:/var/lib/docker/overlay2/ba454dac3efb622dc41b6326b4804d01c9d9d3bebddbda1303921580573a7b9c/diff:/var/lib/docker/overlay2/82b56b6b1a874198fe76dacfb13327b53b6aca559e5953249054c86c7a782c47/diff","MergedDir":"/var/lib/docker/overlay2/4dfd627ec10990e99a843efe9896af230bf0f2572e90c149bcf76981a7a26214/merged","UpperDir":"/var/lib/docker/overlay2/4dfd627ec10990e99a843efe9896af230bf0f2572e90c149bcf76981a7a26214/diff","WorkDir":"/var/lib/docker/overlay2/4dfd627ec10990e99a843efe9896af230bf0f2572e90c149bcf76981a7a26214/wo"
2026-07-21 16:23:23.135 [main] DEBUG com.github.dockerjava.zerodep.shaded.org.apache.hc.client5.http.headers - http-outgoing-3 << HTTP/1.1 200 OK
2026-07-21 16:23:23.135 [main] DEBUG com.github.dockerjava.zerodep.shaded.org.apache.hc.client5.http.headers - http-outgoing-3 << Api-Version: 1.54
2026-07-21 16:23:23.135 [main] DEBUG com.github.dockerjava.zerodep.shaded.org.apache.hc.client5.http.headers - http-outgoing-3 << Content-Type: application/json
2026-07-21 16:23:23.135 [main] DEBUG com.github.dockerjava.zerodep.shaded.org.apache.hc.client5.http.headers - http-outgoing-3 << Date: Tue, 21 Jul 2026 13:23:23 GMT
2026-07-21 16:23:23.135 [main] DEBUG com.github.dockerjava.zerodep.shaded.org.apache.hc.client5.http.headers - http-outgoing-3 << Docker-Experimental: false
2026-07-21 16:23:23.135 [main] DEBUG com.github.dockerjava.zerodep.shaded.org.apache.hc.client5.http.headers - http-outgoing-3 << Ostype: linux
2026-07-21 16:23:23.135 [main] DEBUG com.github.dockerjava.zerodep.shaded.org.apache.hc.client5.http.headers - http-outgoing-3 << Server: Docker/29.5.3 (linux)
2026-07-21 16:23:23.135 [main] DEBUG com.github.dockerjava.zerodep.shaded.org.apache.hc.client5.http.headers - http-outgoing-3 << Transfer-Encoding: chunked
2026-07-21 16:23:23.135 [main] DEBUG com.github.dockerjava.zerodep.shaded.org.apache.hc.client5.http.impl.classic.MainClientExec - ex-0000000026 connection can be kept alive for 3 MINUTES
2026-07-21 16:23:23.136 [main] DEBUG com.github.dockerjava.zerodep.shaded.org.apache.hc.client5.http.wire - http-outgoing-3 << "rk"},"Name":"overlay2"},"Mounts":[],"Config":{"Hostname":"4e9ba704eaff","Domainname":"","User":"oracle","AttachStdin":false,"AttachStdout":false,"AttachStderr":false,"ExposedPorts":{"1521/tcp":{}},"Tty":false,"OpenStdin":false,"StdinOnce":false,"Env":["ORACLE_PASSWORD=test","APP_USER=test","APP_USER_PASSWORD=test","PATH=/usr/local/sbin:/usr/local/bin:/usr/sbin:/usr/bin:/sbin:/bin:/opt/oracle/product/23ai/dbhomeFree/bin:/opt/oracle","ORACLE_BASE=/opt/oracle","ORACLE_BASE_CONFIG=/opt/oracle/product/23ai/dbhomeFree","ORACLE_BASE_HOME=/opt/oracle/product/23ai/dbhomeFree","ORACLE_HOME=/opt/oracle/product/23ai/dbhomeFree","ORACLE_SID=FREE","NLS_LANG=.AL32UTF8"],"Cmd":null,"Image":"gvenzl/oracle-free:slim-faststart","Volumes":null,"WorkingDir":"/opt/oracle","Entrypoint":["container-entrypoint.sh"],"Labels":{"io.buildah.version":"1.33.7","org.opencontainers.image.authors":"Gerald Venzl","org.opencontainers.image.description":"Oracle Database Free for everyone!","org.opencontainers.image.documentation":"https://github.com/gvenzl/oci-oracle-free/blob/main/README.md","org.opencontainers.image.licenses":"Apache-2.0","org.opencontainers.image.source":"https://github.com/gvenzl/oci-oracle-free","org.opencontainers.image.title":"Oracle Database Free Container images","org.testcontainers":"true","org.testcontainers.lang":"java","org.testcontainers.sessionId":"c2815888-2ad9-4d1b-b81d-ff10c2a3009c","org.testcontainers.version":"2.0.5"},"StopTimeout":1},"NetworkSettings":{"SandboxID":"","SandboxKey":"","Ports":{},"Networks":{"bridge":{"IPAMConfig":null,"Links":null,"Aliases":null,"DriverOpts":null,"GwPriority":0,"NetworkID":"998d6244bdfb5e5563c0dbbe14df5cbe693c238c2c93dcb841f601252b85ef2f","EndpointID":"","Gateway":"","IPAddress":"","MacAddress":"","IPPrefixLen":0,"IPv6Gateway":"","GlobalIPv6Address":"","GlobalIPv6PrefixLen":0,"DNSNames":null}}}}[\n]"
2026-07-21 16:23:23.137 [main] DEBUG com.github.dockerjava.zerodep.shaded.org.apache.hc.client5.http.wire - http-outgoing-3 << "[\r][\n]"
2026-07-21 16:23:23.137 [main] DEBUG com.github.dockerjava.zerodep.shaded.org.apache.hc.client5.http.wire - http-outgoing-3 << "0[\r][\n]"
2026-07-21 16:23:23.137 [main] DEBUG com.github.dockerjava.zerodep.shaded.org.apache.hc.client5.http.wire - http-outgoing-3 << "[\r][\n]"
2026-07-21 16:23:23.137 [main] DEBUG com.github.dockerjava.zerodep.shaded.org.apache.hc.client5.http.impl.classic.InternalHttpClient - ep-0000000026 releasing valid endpoint
2026-07-21 16:23:23.137 [main] DEBUG com.github.dockerjava.zerodep.shaded.org.apache.hc.client5.http.impl.io.PoolingHttpClientConnectionManager - ep-0000000026 releasing endpoint
2026-07-21 16:23:23.137 [main] DEBUG com.github.dockerjava.zerodep.shaded.org.apache.hc.client5.http.impl.io.PoolingHttpClientConnectionManager - ep-0000000026 connection http-outgoing-3 can be kept alive for 3 MINUTES
2026-07-21 16:23:23.137 [main] DEBUG com.github.dockerjava.zerodep.shaded.org.apache.hc.client5.http.impl.io.PoolingHttpClientConnectionManager - ep-0000000026 connection released [route: {}->[unix://localhost:2375]][total available: 1; route allocated: 1 of 2147483647; total allocated: 1 of 2147483647]
2026-07-21 16:23:23.137 [main] TRACE org.testcontainers.utility.ResourceReaper - Removing container: 4e9ba704eaff7a01804ba14682ba0985818f6aa5951b28e3cc0c65d18b6db2fc
2026-07-21 16:23:23.138 [main] DEBUG org.testcontainers.shaded.com.github.dockerjava.core.command.AbstrDockerCmd - Cmd: 4e9ba704eaff7a01804ba14682ba0985818f6aa5951b28e3cc0c65d18b6db2fc,true,true
2026-07-21 16:23:23.138 [main] TRACE org.testcontainers.shaded.com.github.dockerjava.core.exec.RemoveContainerCmdExec - DELETE: DefaultWebTarget{path=[/containers/4e9ba704eaff7a01804ba14682ba0985818f6aa5951b28e3cc0c65d18b6db2fc], queryParams={v=[true], force=[true]}}
2026-07-21 16:23:23.138 [main] DEBUG com.github.dockerjava.zerodep.shaded.org.apache.hc.client5.http.impl.classic.InternalHttpClient - ex-0000000027 preparing request execution
2026-07-21 16:23:23.139 [main] DEBUG com.github.dockerjava.zerodep.shaded.org.apache.hc.client5.http.impl.classic.ProtocolExec - ex-0000000027 target auth state: UNCHALLENGED
2026-07-21 16:23:23.139 [main] DEBUG com.github.dockerjava.zerodep.shaded.org.apache.hc.client5.http.impl.classic.ProtocolExec - ex-0000000027 proxy auth state: UNCHALLENGED
2026-07-21 16:23:23.139 [main] DEBUG com.github.dockerjava.zerodep.shaded.org.apache.hc.client5.http.impl.classic.ConnectExec - ex-0000000027 acquiring connection with route {}->[unix://localhost:2375]
2026-07-21 16:23:23.139 [main] DEBUG com.github.dockerjava.zerodep.shaded.org.apache.hc.client5.http.impl.classic.InternalHttpClient - ex-0000000027 acquiring endpoint (3 MINUTES)
2026-07-21 16:23:23.139 [main] DEBUG com.github.dockerjava.zerodep.shaded.org.apache.hc.client5.http.impl.io.PoolingHttpClientConnectionManager - ex-0000000027 endpoint lease request (3 MINUTES) [route: {}->[unix://localhost:2375]][total available: 1; route allocated: 1 of 2147483647; total allocated: 1 of 2147483647]
2026-07-21 16:23:23.139 [main] DEBUG com.github.dockerjava.zerodep.shaded.org.apache.hc.client5.http.impl.io.PoolingHttpClientConnectionManager - ex-0000000027 endpoint leased [route: {}->[unix://localhost:2375]][total available: 0; route allocated: 1 of 2147483647; total allocated: 1 of 2147483647]
2026-07-21 16:23:23.139 [main] DEBUG com.github.dockerjava.zerodep.shaded.org.apache.hc.client5.http.impl.io.PoolingHttpClientConnectionManager - ex-0000000027 acquired ep-0000000027
2026-07-21 16:23:23.139 [main] DEBUG com.github.dockerjava.zerodep.shaded.org.apache.hc.client5.http.impl.classic.InternalHttpClient - ex-0000000027 acquired endpoint ep-0000000027
2026-07-21 16:23:23.139 [main] DEBUG com.github.dockerjava.zerodep.shaded.org.apache.hc.client5.http.impl.classic.MainClientExec - ex-0000000027 executing DELETE /v1.44/containers/4e9ba704eaff7a01804ba14682ba0985818f6aa5951b28e3cc0c65d18b6db2fc?v=true&force=true
2026-07-21 16:23:23.139 [main] DEBUG com.github.dockerjava.zerodep.shaded.org.apache.hc.client5.http.protocol.RequestAddCookies - ex-0000000027 Cookie spec selected: strict
2026-07-21 16:23:23.139 [main] DEBUG com.github.dockerjava.zerodep.shaded.org.apache.hc.client5.http.impl.classic.InternalHttpClient - ep-0000000027 start execution ex-0000000027
2026-07-21 16:23:23.139 [main] DEBUG com.github.dockerjava.zerodep.shaded.org.apache.hc.client5.http.impl.io.PoolingHttpClientConnectionManager - ep-0000000027 executing exchange ex-0000000027 over http-outgoing-3
2026-07-21 16:23:23.139 [main] DEBUG com.github.dockerjava.zerodep.shaded.org.apache.hc.client5.http.headers - http-outgoing-3 >> DELETE /v1.44/containers/4e9ba704eaff7a01804ba14682ba0985818f6aa5951b28e3cc0c65d18b6db2fc?v=true&force=true HTTP/1.1
2026-07-21 16:23:23.139 [main] DEBUG com.github.dockerjava.zerodep.shaded.org.apache.hc.client5.http.headers - http-outgoing-3 >> accept: application/json
2026-07-21 16:23:23.139 [main] DEBUG com.github.dockerjava.zerodep.shaded.org.apache.hc.client5.http.headers - http-outgoing-3 >> x-tc-sid: c2815888-2ad9-4d1b-b81d-ff10c2a3009c
2026-07-21 16:23:23.139 [main] DEBUG com.github.dockerjava.zerodep.shaded.org.apache.hc.client5.http.headers - http-outgoing-3 >> User-Agent: tc-java/2.0.5
2026-07-21 16:23:23.139 [main] DEBUG com.github.dockerjava.zerodep.shaded.org.apache.hc.client5.http.headers - http-outgoing-3 >> Accept-Encoding: gzip, x-gzip, deflate
2026-07-21 16:23:23.139 [main] DEBUG com.github.dockerjava.zerodep.shaded.org.apache.hc.client5.http.headers - http-outgoing-3 >> Host: localhost:2375
2026-07-21 16:23:23.139 [main] DEBUG com.github.dockerjava.zerodep.shaded.org.apache.hc.client5.http.headers - http-outgoing-3 >> Connection: keep-alive
2026-07-21 16:23:23.139 [main] DEBUG com.github.dockerjava.zerodep.shaded.org.apache.hc.client5.http.wire - http-outgoing-3 >> "DELETE /v1.44/containers/4e9ba704eaff7a01804ba14682ba0985818f6aa5951b28e3cc0c65d18b6db2fc?v=true&force=true HTTP/1.1[\r][\n]"
2026-07-21 16:23:23.139 [main] DEBUG com.github.dockerjava.zerodep.shaded.org.apache.hc.client5.http.wire - http-outgoing-3 >> "accept: application/json[\r][\n]"
2026-07-21 16:23:23.139 [main] DEBUG com.github.dockerjava.zerodep.shaded.org.apache.hc.client5.http.wire - http-outgoing-3 >> "x-tc-sid: c2815888-2ad9-4d1b-b81d-ff10c2a3009c[\r][\n]"
2026-07-21 16:23:23.139 [main] DEBUG com.github.dockerjava.zerodep.shaded.org.apache.hc.client5.http.wire - http-outgoing-3 >> "User-Agent: tc-java/2.0.5[\r][\n]"
2026-07-21 16:23:23.139 [main] DEBUG com.github.dockerjava.zerodep.shaded.org.apache.hc.client5.http.wire - http-outgoing-3 >> "Accept-Encoding: gzip, x-gzip, deflate[\r][\n]"
2026-07-21 16:23:23.139 [main] DEBUG com.github.dockerjava.zerodep.shaded.org.apache.hc.client5.http.wire - http-outgoing-3 >> "Host: localhost:2375[\r][\n]"
2026-07-21 16:23:23.139 [main] DEBUG com.github.dockerjava.zerodep.shaded.org.apache.hc.client5.http.wire - http-outgoing-3 >> "Connection: keep-alive[\r][\n]"
2026-07-21 16:23:23.139 [main] DEBUG com.github.dockerjava.zerodep.shaded.org.apache.hc.client5.http.wire - http-outgoing-3 >> "[\r][\n]"
2026-07-21 16:23:23.245 [main] DEBUG com.github.dockerjava.zerodep.shaded.org.apache.hc.client5.http.wire - http-outgoing-3 << "HTTP/1.1 204 No Content[\r][\n]"
2026-07-21 16:23:23.245 [main] DEBUG com.github.dockerjava.zerodep.shaded.org.apache.hc.client5.http.wire - http-outgoing-3 << "Api-Version: 1.54[\r][\n]"
2026-07-21 16:23:23.245 [main] DEBUG com.github.dockerjava.zerodep.shaded.org.apache.hc.client5.http.wire - http-outgoing-3 << "Date: Tue, 21 Jul 2026 13:23:23 GMT[\r][\n]"
2026-07-21 16:23:23.245 [main] DEBUG com.github.dockerjava.zerodep.shaded.org.apache.hc.client5.http.wire - http-outgoing-3 << "Docker-Experimental: false[\r][\n]"
2026-07-21 16:23:23.245 [main] DEBUG com.github.dockerjava.zerodep.shaded.org.apache.hc.client5.http.wire - http-outgoing-3 << "Ostype: linux[\r][\n]"
2026-07-21 16:23:23.245 [main] DEBUG com.github.dockerjava.zerodep.shaded.org.apache.hc.client5.http.wire - http-outgoing-3 << "Server: Docker/29.5.3 (linux)[\r][\n]"
2026-07-21 16:23:23.245 [main] DEBUG com.github.dockerjava.zerodep.shaded.org.apache.hc.client5.http.wire - http-outgoing-3 << "[\r][\n]"
2026-07-21 16:23:23.245 [main] DEBUG com.github.dockerjava.zerodep.shaded.org.apache.hc.client5.http.headers - http-outgoing-3 << HTTP/1.1 204 No Content
2026-07-21 16:23:23.245 [main] DEBUG com.github.dockerjava.zerodep.shaded.org.apache.hc.client5.http.headers - http-outgoing-3 << Api-Version: 1.54
2026-07-21 16:23:23.245 [main] DEBUG com.github.dockerjava.zerodep.shaded.org.apache.hc.client5.http.headers - http-outgoing-3 << Date: Tue, 21 Jul 2026 13:23:23 GMT
2026-07-21 16:23:23.245 [main] DEBUG com.github.dockerjava.zerodep.shaded.org.apache.hc.client5.http.headers - http-outgoing-3 << Docker-Experimental: false
2026-07-21 16:23:23.245 [main] DEBUG com.github.dockerjava.zerodep.shaded.org.apache.hc.client5.http.headers - http-outgoing-3 << Ostype: linux
2026-07-21 16:23:23.245 [main] DEBUG com.github.dockerjava.zerodep.shaded.org.apache.hc.client5.http.headers - http-outgoing-3 << Server: Docker/29.5.3 (linux)
2026-07-21 16:23:23.246 [main] DEBUG com.github.dockerjava.zerodep.shaded.org.apache.hc.client5.http.impl.classic.MainClientExec - ex-0000000027 connection can be kept alive for 3 MINUTES
2026-07-21 16:23:23.246 [main] DEBUG com.github.dockerjava.zerodep.shaded.org.apache.hc.client5.http.impl.classic.InternalHttpClient - ep-0000000027 releasing valid endpoint
2026-07-21 16:23:23.246 [main] DEBUG com.github.dockerjava.zerodep.shaded.org.apache.hc.client5.http.impl.io.PoolingHttpClientConnectionManager - ep-0000000027 releasing endpoint
2026-07-21 16:23:23.246 [main] DEBUG com.github.dockerjava.zerodep.shaded.org.apache.hc.client5.http.impl.io.PoolingHttpClientConnectionManager - ep-0000000027 connection http-outgoing-3 can be kept alive for 3 MINUTES
2026-07-21 16:23:23.246 [main] DEBUG com.github.dockerjava.zerodep.shaded.org.apache.hc.client5.http.impl.io.PoolingHttpClientConnectionManager - ep-0000000027 connection released [route: {}->[unix://localhost:2375]][total available: 1; route allocated: 1 of 2147483647; total allocated: 1 of 2147483647]
2026-07-21 16:23:23.246 [main] DEBUG org.testcontainers.utility.ResourceReaper - Removed container and associated volume(s): gvenzl/oracle-free:slim-faststart
2026-07-21 16:23:23.246 [main] DEBUG org.testcontainers.shaded.com.github.dockerjava.core.command.AbstrDockerCmd - Cmd: 1c4383140b0d016adc3d7e5ab06016bfabd1eec711add3c12a1bd7aa1159c6ab,false
2026-07-21 16:23:23.246 [main] DEBUG org.testcontainers.shaded.com.github.dockerjava.core.exec.InspectContainerCmdExec - GET: DefaultWebTarget{path=[/containers/1c4383140b0d016adc3d7e5ab06016bfabd1eec711add3c12a1bd7aa1159c6ab/json], queryParams={}}
2026-07-21 16:23:23.246 [main] DEBUG com.github.dockerjava.zerodep.shaded.org.apache.hc.client5.http.impl.classic.InternalHttpClient - ex-0000000028 preparing request execution
2026-07-21 16:23:23.246 [main] DEBUG com.github.dockerjava.zerodep.shaded.org.apache.hc.client5.http.impl.classic.ProtocolExec - ex-0000000028 target auth state: UNCHALLENGED
2026-07-21 16:23:23.246 [main] DEBUG com.github.dockerjava.zerodep.shaded.org.apache.hc.client5.http.impl.classic.ProtocolExec - ex-0000000028 proxy auth state: UNCHALLENGED
2026-07-21 16:23:23.246 [main] DEBUG com.github.dockerjava.zerodep.shaded.org.apache.hc.client5.http.impl.classic.ConnectExec - ex-0000000028 acquiring connection with route {}->[unix://localhost:2375]
2026-07-21 16:23:23.246 [main] DEBUG com.github.dockerjava.zerodep.shaded.org.apache.hc.client5.http.impl.classic.InternalHttpClient - ex-0000000028 acquiring endpoint (3 MINUTES)
2026-07-21 16:23:23.246 [main] DEBUG com.github.dockerjava.zerodep.shaded.org.apache.hc.client5.http.impl.io.PoolingHttpClientConnectionManager - ex-0000000028 endpoint lease request (3 MINUTES) [route: {}->[unix://localhost:2375]][total available: 1; route allocated: 1 of 2147483647; total allocated: 1 of 2147483647]
2026-07-21 16:23:23.246 [main] DEBUG com.github.dockerjava.zerodep.shaded.org.apache.hc.client5.http.impl.io.PoolingHttpClientConnectionManager - ex-0000000028 endpoint leased [route: {}->[unix://localhost:2375]][total available: 0; route allocated: 1 of 2147483647; total allocated: 1 of 2147483647]
2026-07-21 16:23:23.246 [main] DEBUG com.github.dockerjava.zerodep.shaded.org.apache.hc.client5.http.impl.io.PoolingHttpClientConnectionManager - ex-0000000028 acquired ep-0000000028
2026-07-21 16:23:23.246 [main] DEBUG com.github.dockerjava.zerodep.shaded.org.apache.hc.client5.http.impl.classic.InternalHttpClient - ex-0000000028 acquired endpoint ep-0000000028
2026-07-21 16:23:23.246 [main] DEBUG com.github.dockerjava.zerodep.shaded.org.apache.hc.client5.http.impl.classic.MainClientExec - ex-0000000028 executing GET /v1.44/containers/1c4383140b0d016adc3d7e5ab06016bfabd1eec711add3c12a1bd7aa1159c6ab/json
2026-07-21 16:23:23.246 [main] DEBUG com.github.dockerjava.zerodep.shaded.org.apache.hc.client5.http.protocol.RequestAddCookies - ex-0000000028 Cookie spec selected: strict
2026-07-21 16:23:23.246 [main] DEBUG com.github.dockerjava.zerodep.shaded.org.apache.hc.client5.http.impl.classic.InternalHttpClient - ep-0000000028 start execution ex-0000000028
2026-07-21 16:23:23.246 [main] DEBUG com.github.dockerjava.zerodep.shaded.org.apache.hc.client5.http.impl.io.PoolingHttpClientConnectionManager - ep-0000000028 executing exchange ex-0000000028 over http-outgoing-3
2026-07-21 16:23:23.246 [main] DEBUG com.github.dockerjava.zerodep.shaded.org.apache.hc.client5.http.headers - http-outgoing-3 >> GET /v1.44/containers/1c4383140b0d016adc3d7e5ab06016bfabd1eec711add3c12a1bd7aa1159c6ab/json HTTP/1.1
2026-07-21 16:23:23.246 [main] DEBUG com.github.dockerjava.zerodep.shaded.org.apache.hc.client5.http.headers - http-outgoing-3 >> accept: application/json
2026-07-21 16:23:23.246 [main] DEBUG com.github.dockerjava.zerodep.shaded.org.apache.hc.client5.http.headers - http-outgoing-3 >> x-tc-sid: c2815888-2ad9-4d1b-b81d-ff10c2a3009c
2026-07-21 16:23:23.246 [main] DEBUG com.github.dockerjava.zerodep.shaded.org.apache.hc.client5.http.headers - http-outgoing-3 >> User-Agent: tc-java/2.0.5
2026-07-21 16:23:23.246 [main] DEBUG com.github.dockerjava.zerodep.shaded.org.apache.hc.client5.http.headers - http-outgoing-3 >> Accept-Encoding: gzip, x-gzip, deflate
2026-07-21 16:23:23.246 [main] DEBUG com.github.dockerjava.zerodep.shaded.org.apache.hc.client5.http.headers - http-outgoing-3 >> Host: localhost:2375
2026-07-21 16:23:23.246 [main] DEBUG com.github.dockerjava.zerodep.shaded.org.apache.hc.client5.http.headers - http-outgoing-3 >> Connection: keep-alive
2026-07-21 16:23:23.246 [main] DEBUG com.github.dockerjava.zerodep.shaded.org.apache.hc.client5.http.wire - http-outgoing-3 >> "GET /v1.44/containers/1c4383140b0d016adc3d7e5ab06016bfabd1eec711add3c12a1bd7aa1159c6ab/json HTTP/1.1[\r][\n]"
2026-07-21 16:23:23.247 [main] DEBUG com.github.dockerjava.zerodep.shaded.org.apache.hc.client5.http.wire - http-outgoing-3 >> "accept: application/json[\r][\n]"
2026-07-21 16:23:23.247 [main] DEBUG com.github.dockerjava.zerodep.shaded.org.apache.hc.client5.http.wire - http-outgoing-3 >> "x-tc-sid: c2815888-2ad9-4d1b-b81d-ff10c2a3009c[\r][\n]"
2026-07-21 16:23:23.247 [main] DEBUG com.github.dockerjava.zerodep.shaded.org.apache.hc.client5.http.wire - http-outgoing-3 >> "User-Agent: tc-java/2.0.5[\r][\n]"
2026-07-21 16:23:23.247 [main] DEBUG com.github.dockerjava.zerodep.shaded.org.apache.hc.client5.http.wire - http-outgoing-3 >> "Accept-Encoding: gzip, x-gzip, deflate[\r][\n]"
2026-07-21 16:23:23.247 [main] DEBUG com.github.dockerjava.zerodep.shaded.org.apache.hc.client5.http.wire - http-outgoing-3 >> "Host: localhost:2375[\r][\n]"
2026-07-21 16:23:23.247 [main] DEBUG com.github.dockerjava.zerodep.shaded.org.apache.hc.client5.http.wire - http-outgoing-3 >> "Connection: keep-alive[\r][\n]"
2026-07-21 16:23:23.247 [main] DEBUG com.github.dockerjava.zerodep.shaded.org.apache.hc.client5.http.wire - http-outgoing-3 >> "[\r][\n]"
2026-07-21 16:23:23.248 [main] DEBUG com.github.dockerjava.zerodep.shaded.org.apache.hc.client5.http.wire - http-outgoing-3 << "HTTP/1.1 200 OK[\r][\n]"
2026-07-21 16:23:23.248 [main] DEBUG com.github.dockerjava.zerodep.shaded.org.apache.hc.client5.http.wire - http-outgoing-3 << "Api-Version: 1.54[\r][\n]"
2026-07-21 16:23:23.248 [main] DEBUG com.github.dockerjava.zerodep.shaded.org.apache.hc.client5.http.wire - http-outgoing-3 << "Content-Type: application/json[\r][\n]"
2026-07-21 16:23:23.248 [main] DEBUG com.github.dockerjava.zerodep.shaded.org.apache.hc.client5.http.wire - http-outgoing-3 << "Date: Tue, 21 Jul 2026 13:23:23 GMT[\r][\n]"
2026-07-21 16:23:23.248 [main] DEBUG com.github.dockerjava.zerodep.shaded.org.apache.hc.client5.http.wire - http-outgoing-3 << "Docker-Experimental: false[\r][\n]"
2026-07-21 16:23:23.248 [main] DEBUG com.github.dockerjava.zerodep.shaded.org.apache.hc.client5.http.wire - http-outgoing-3 << "Ostype: linux[\r][\n]"
2026-07-21 16:23:23.248 [main] DEBUG com.github.dockerjava.zerodep.shaded.org.apache.hc.client5.http.wire - http-outgoing-3 << "Server: Docker/29.5.3 (linux)[\r][\n]"
2026-07-21 16:23:23.248 [main] DEBUG com.github.dockerjava.zerodep.shaded.org.apache.hc.client5.http.wire - http-outgoing-3 << "Transfer-Encoding: chunked[\r][\n]"
2026-07-21 16:23:23.248 [main] DEBUG com.github.dockerjava.zerodep.shaded.org.apache.hc.client5.http.wire - http-outgoing-3 << "[\r][\n]"
2026-07-21 16:23:23.248 [main] DEBUG com.github.dockerjava.zerodep.shaded.org.apache.hc.client5.http.wire - http-outgoing-3 << "1932[\r][\n]"
2026-07-21 16:23:23.248 [main] DEBUG com.github.dockerjava.zerodep.shaded.org.apache.hc.client5.http.wire - http-outgoing-3 << "{"Id":"1c4383140b0d016adc3d7e5ab06016bfabd1eec711add3c12a1bd7aa1159c6ab","Created":"2026-07-21T13:23:20.252642421Z","Path":"docker-entrypoint.sh","Args":["postgres","-c","fsync=off"],"State":{"Status":"running","Running":true,"Paused":false,"Restarting":false,"OOMKilled":false,"Dead":false,"Pid":59835,"ExitCode":0,"Error":"","StartedAt":"2026-07-21T13:23:20.322730296Z","FinishedAt":"0001-01-01T00:00:00Z"},"Image":"sha256:21a7e541217c7a1b157f4e0d534eaa715ccca6da24e9778c122873a4cc75d6f5","ResolvConfPath":"/var/lib/docker/containers/1c4383140b0d016adc3d7e5ab06016bfabd1eec711add3c12a1bd7aa1159c6ab/resolv.conf","HostnamePath":"/var/lib/docker/containers/1c4383140b0d016adc3d7e5ab06016bfabd1eec711add3c12a1bd7aa1159c6ab/hostname","HostsPath":"/var/lib/docker/containers/1c4383140b0d016adc3d7e5ab06016bfabd1eec711add3c12a1bd7aa1159c6ab/hosts","LogPath":"/var/lib/docker/containers/1c4383140b0d016adc3d7e5ab06016bfabd1eec711add3c12a1bd7aa1159c6ab/1c4383140b0d016adc3d7e5ab06016bfabd1eec711add3c12a1bd7aa1159c6ab-json.log","Name":"/thirsty_mclean","RestartCount":0,"Driver":"overlay2","Platform":"linux","MountLabel":"","ProcessLabel":"","AppArmorProfile":"","ExecIDs":null,"HostConfig":{"Binds":[],"ContainerIDFile":"","LogConfig":{"Type":"json-file","Config":{}},"NetworkMode":"bridge","PortBindings":{"5432/tcp":[{"HostIp":"","HostPort":""}]},"RestartPolicy":{"Name":"no","MaximumRetryCount":0},"AutoRemove":false,"VolumeDriver":"","VolumesFrom":[],"ConsoleSize":[0,0],"CapAdd":null,"CapDrop":null,"CgroupnsMode":"private","Dns":null,"DnsOptions":null,"DnsSearch":null,"ExtraHosts":[],"GroupAdd":null,"IpcMode":"private","Cgroup":"","Links":null,"OomScoreAdj":0,"PidMode":"","Privileged":false,"PublishAllPorts":false,"ReadonlyRootfs":false,"SecurityOpt":null,"UTSMode":"","UsernsMode":"","ShmSize":67108864,"Runtime":"runc","Isolation":"","CpuShares":0,"Memory":0,"NanoCpus":0,"CgroupParent":"","BlkioWeight":0,"BlkioWeightDevice":null,"BlkioDeviceReadBps":null,"BlkioDeviceWriteBps":null,"BlkioDeviceReadIOps":null,"BlkioDeviceWriteIOps":null,"CpuPeriod":0,"CpuQuota":0,"CpuRealtimePeriod":0,"CpuRealtimeRuntime":0,"CpusetCpus":"","CpusetMems":"","Devices":null,"DeviceCgroupRules":null,"DeviceRequests":null,"MemoryReservation":0,"MemorySwap":0,"MemorySwappiness":null,"OomKillDisable":null,"PidsLimit":null,"Ulimits":null,"CpuCount":0,"CpuPercent":0,"IOMaximumIOps":0,"IOMaximumBandwidth":0,"MaskedPaths":["/proc/acpi","/proc/asound","/proc/interrupts","/proc/kcore","/proc/keys","/proc/latency_stats","/proc/sched_debug","/proc/scsi","/proc/timer_list","/proc/timer_stats","/sys/devices/virtual/powercap","/sys/firmware"],"ReadonlyPaths":["/proc/bus","/proc/fs","/proc/irq","/proc/sys","/proc/sysrq-trigger"]},"GraphDriver":{"Data":{"ID":"1c4383140b0d016adc3d7e5ab06016bfabd1eec711add3c12a1bd7aa1159c6ab","LowerDir":"/var/lib/docker/overlay2/97716f6c46c33ee32833183ad17c07edf9ffdfd6c293b9095f3426bb228bb5e1-init/diff:/var/lib/docker/overlay2/1aef3490a29794478ed33994b49b19bd47bcf0ca35d121c669b9a3da659098e9/diff:/var/lib/docker/overlay2/a386117c960e51626153bc63ffbe8c2b23d314e49f8095520a249936d8d1a84d/diff:/var/lib/docker/overlay2/dee08542fd83b7b17b2870384c217d63fcb12463bfe8d10c316f0b1a1d04d47d/diff:/var/lib/docker/overlay2/3009a33ec3c152ef1aec597ef919d2fd3c2c613749a4b2fa45b28cffa51e0bb6/diff:/var/lib/docker/overlay2/b82639c7e60942005bcbe5c112a91b3d2508dca12533f3f2203497d171780b1b/diff:/var/lib/docker/overlay2/8d308d23c9a2b61c1784866748843be530e2dd300d5d34305f4dc37d3a10b5ea/diff:/var/lib/docker/overlay2/568b08209eefcebad1f10c0d9ed85aedc1149ddf463b2c35e19feca1c5334193/diff:/var/lib/docker/overlay2/de7cde3cbbc720040cdffe8548d4011e50ce06615c068d2788e4d893117aa125/diff:/var/lib/docker/overlay2/2b69ce2851209a845f831c27af4f5927f5e33a41b12fcb3608c540c7a5b017e6/diff:/var/lib/docker/overlay2/97fba548b452656804322aff121f5dd09b580ef2bab0edcee0191787edfc1efa/diff:/var/lib/docker/overlay2/71f2b21f2411c6a219f4472e6cc035df5f74df40b3a8b3062ac01b46f06534af/diff:/var/lib/docker/overlay2/c6a4da686c076b8bd4dab18f36ea483477611cdff23175fd5f37e528eea29248/diff:/var/lib/docker/overlay2/c21f4d15b699d12b68ac644e350ec384ca0f60e53b757694588bc9778b73a303/diff:/var/lib/docker/overlay2/dee8f2bec1a585effd64d87e3c2c09b0c56efe873ee81fb4aa594e55974ec642/diff","MergedDir":"/var/lib/docker/overlay2/97716f6c46c33ee32833183ad17c07edf9ffdfd6c293b9095f3426bb228bb5e1/merged","UpperDir":"/var/lib/docker/overlay2/97716f6c46c33ee32833183ad17c07edf9ffdfd6c293b9095f3426bb228bb5e1/diff","WorkDir":"/var/lib/docker/overlay2/97716f6c46c33ee32833183ad17c07edf9ffdfd6c293b9095f3426bb228bb5e1/work"},"Name":"overlay2"},"Mounts":[{"Type":"volume","Name":"d93c38d90e2069a1e259627695369dfe26b3f49d6154da723d55243d47a9d185","Source":"/var/lib/docker/volumes/d93c38d90e2069a1e259627695369dfe26b3f49d6154da723d55243d47a9d185/_data","Destination":"/var/lib/postgresql","Driver":"local","Mode":"","RW":true,"Propagation":""}],"Config":{"Hostname":"1c4383140b0d","Domainname":"","User":"","AttachStdin":false,"AttachStdout":false,"AttachStderr":false,"ExposedPorts":{"5432/tcp":{}},"Tty":false,"OpenStdin":false,"StdinOnce":false,"Env":["POSTGRES_USER=test","POSTGRES_PASSWORD=test","POSTGRES_DB=test","PATH=/usr/local/sbin:/usr/local/bin:/usr/sbin:/usr/bin:/sbin:/bin:/usr/lib/postgresql/18/bin","GOSU_VERSION=1.19","LANG=en_US.utf8","PG_MAJOR=18","PG_VERSION=18.0-1.pgdg13+3","PGDATA=/var/lib/postgresql/18/docker"],"Cmd":["postgres","-c","fsync=off"],"Image":"postgres:latest","Volumes":{"/var/lib/postgresql":{}},"WorkingDir":"","Entrypoint":["docker-entrypoint.sh"],"Labels":{"org.testcontainers":"true","org.testcontainers.lang":"java","org.testcontainers.sessionId":"c2815888-2ad9-4d1b-b81d-ff10c2a3009c","org.testcontainers.version":"2.0.5"},"StopSignal":"SIGINT","StopTimeout":1},"NetworkSettings":{"SandboxID":"43810f03d80b340f856a427471352a905134fd02d1965dc27a67b63d5d44fde5","SandboxKey":"/var/run/docker/netns/43810f03d80b","Ports":{"5432/tcp":[{"HostIp":"0.0.0.0","HostPort":"59628"},{"HostIp":"::","HostPort":"59628"}]},"Networks":{"bridge":{"IPAMConfig":null,"Links":null,"Aliases":null,"DriverOpts":null,"GwPriority":0,"NetworkID":"998d6244bdfb5e5563c0dbbe14df5cbe693c238c2c93dcb841f601252b85ef2f","EndpointID":"c5cbad77e7eda158df77470914c7f5dcafde07c8e468cb6836c8182d13acbacf","Gateway":"172.17.0.1","IPAddress":"172.17.0.5","MacAddress":"26:a0:c1:39:b4:f8","IPPrefixLen":16,"IPv6Gateway":"","GlobalIPv6Address":"","GlobalIPv6PrefixLen":0,"DNSNames":null}}}}[\n]"
2026-07-21 16:23:23.248 [main] DEBUG com.github.dockerjava.zerodep.shaded.org.apache.hc.client5.http.wire - http-outgoing-3 << "[\r][\n]"
2026-07-21 16:23:23.248 [main] DEBUG com.github.dockerjava.zerodep.shaded.org.apache.hc.client5.http.headers - http-outgoing-3 << HTTP/1.1 200 OK
2026-07-21 16:23:23.248 [main] DEBUG com.github.dockerjava.zerodep.shaded.org.apache.hc.client5.http.headers - http-outgoing-3 << Api-Version: 1.54
2026-07-21 16:23:23.248 [main] DEBUG com.github.dockerjava.zerodep.shaded.org.apache.hc.client5.http.headers - http-outgoing-3 << Content-Type: application/json
2026-07-21 16:23:23.248 [main] DEBUG com.github.dockerjava.zerodep.shaded.org.apache.hc.client5.http.headers - http-outgoing-3 << Date: Tue, 21 Jul 2026 13:23:23 GMT
2026-07-21 16:23:23.248 [main] DEBUG com.github.dockerjava.zerodep.shaded.org.apache.hc.client5.http.headers - http-outgoing-3 << Docker-Experimental: false
2026-07-21 16:23:23.248 [main] DEBUG com.github.dockerjava.zerodep.shaded.org.apache.hc.client5.http.headers - http-outgoing-3 << Ostype: linux
2026-07-21 16:23:23.248 [main] DEBUG com.github.dockerjava.zerodep.shaded.org.apache.hc.client5.http.headers - http-outgoing-3 << Server: Docker/29.5.3 (linux)
2026-07-21 16:23:23.248 [main] DEBUG com.github.dockerjava.zerodep.shaded.org.apache.hc.client5.http.headers - http-outgoing-3 << Transfer-Encoding: chunked
2026-07-21 16:23:23.248 [main] DEBUG com.github.dockerjava.zerodep.shaded.org.apache.hc.client5.http.impl.classic.MainClientExec - ex-0000000028 connection can be kept alive for 3 MINUTES
2026-07-21 16:23:23.249 [main] DEBUG com.github.dockerjava.zerodep.shaded.org.apache.hc.client5.http.wire - http-outgoing-3 << "0[\r][\n]"
2026-07-21 16:23:23.249 [main] DEBUG com.github.dockerjava.zerodep.shaded.org.apache.hc.client5.http.wire - http-outgoing-3 << "[\r][\n]"
2026-07-21 16:23:23.249 [main] DEBUG com.github.dockerjava.zerodep.shaded.org.apache.hc.client5.http.impl.classic.InternalHttpClient - ep-0000000028 releasing valid endpoint
2026-07-21 16:23:23.249 [main] DEBUG com.github.dockerjava.zerodep.shaded.org.apache.hc.client5.http.impl.io.PoolingHttpClientConnectionManager - ep-0000000028 releasing endpoint
2026-07-21 16:23:23.249 [main] DEBUG com.github.dockerjava.zerodep.shaded.org.apache.hc.client5.http.impl.io.PoolingHttpClientConnectionManager - ep-0000000028 connection http-outgoing-3 can be kept alive for 3 MINUTES
2026-07-21 16:23:23.249 [main] DEBUG com.github.dockerjava.zerodep.shaded.org.apache.hc.client5.http.impl.io.PoolingHttpClientConnectionManager - ep-0000000028 connection released [route: {}->[unix://localhost:2375]][total available: 1; route allocated: 1 of 2147483647; total allocated: 1 of 2147483647]
2026-07-21 16:23:23.249 [main] TRACE org.testcontainers.utility.ResourceReaper - Stopping container: 1c4383140b0d016adc3d7e5ab06016bfabd1eec711add3c12a1bd7aa1159c6ab
2026-07-21 16:23:23.250 [main] DEBUG org.testcontainers.shaded.com.github.dockerjava.core.command.AbstrDockerCmd - Cmd: 1c4383140b0d016adc3d7e5ab06016bfabd1eec711add3c12a1bd7aa1159c6ab,<null>
2026-07-21 16:23:23.250 [main] TRACE org.testcontainers.shaded.com.github.dockerjava.core.exec.KillContainerCmdExec - POST: DefaultWebTarget{path=[/containers/1c4383140b0d016adc3d7e5ab06016bfabd1eec711add3c12a1bd7aa1159c6ab/kill], queryParams={}}
2026-07-21 16:23:23.250 [main] DEBUG com.github.dockerjava.zerodep.shaded.org.apache.hc.client5.http.impl.classic.InternalHttpClient - ex-0000000029 preparing request execution
2026-07-21 16:23:23.250 [main] DEBUG com.github.dockerjava.zerodep.shaded.org.apache.hc.client5.http.impl.classic.ProtocolExec - ex-0000000029 target auth state: UNCHALLENGED
2026-07-21 16:23:23.250 [main] DEBUG com.github.dockerjava.zerodep.shaded.org.apache.hc.client5.http.impl.classic.ProtocolExec - ex-0000000029 proxy auth state: UNCHALLENGED
2026-07-21 16:23:23.250 [main] DEBUG com.github.dockerjava.zerodep.shaded.org.apache.hc.client5.http.impl.classic.ConnectExec - ex-0000000029 acquiring connection with route {}->[unix://localhost:2375]
2026-07-21 16:23:23.250 [main] DEBUG com.github.dockerjava.zerodep.shaded.org.apache.hc.client5.http.impl.classic.InternalHttpClient - ex-0000000029 acquiring endpoint (3 MINUTES)
2026-07-21 16:23:23.250 [main] DEBUG com.github.dockerjava.zerodep.shaded.org.apache.hc.client5.http.impl.io.PoolingHttpClientConnectionManager - ex-0000000029 endpoint lease request (3 MINUTES) [route: {}->[unix://localhost:2375]][total available: 1; route allocated: 1 of 2147483647; total allocated: 1 of 2147483647]
2026-07-21 16:23:23.250 [main] DEBUG com.github.dockerjava.zerodep.shaded.org.apache.hc.client5.http.impl.io.PoolingHttpClientConnectionManager - ex-0000000029 endpoint leased [route: {}->[unix://localhost:2375]][total available: 0; route allocated: 1 of 2147483647; total allocated: 1 of 2147483647]
2026-07-21 16:23:23.250 [main] DEBUG com.github.dockerjava.zerodep.shaded.org.apache.hc.client5.http.impl.io.PoolingHttpClientConnectionManager - ex-0000000029 acquired ep-0000000029
2026-07-21 16:23:23.250 [main] DEBUG com.github.dockerjava.zerodep.shaded.org.apache.hc.client5.http.impl.classic.InternalHttpClient - ex-0000000029 acquired endpoint ep-0000000029
2026-07-21 16:23:23.250 [main] DEBUG com.github.dockerjava.zerodep.shaded.org.apache.hc.client5.http.impl.classic.MainClientExec - ex-0000000029 executing POST /v1.44/containers/1c4383140b0d016adc3d7e5ab06016bfabd1eec711add3c12a1bd7aa1159c6ab/kill
2026-07-21 16:23:23.250 [main] DEBUG com.github.dockerjava.zerodep.shaded.org.apache.hc.client5.http.protocol.RequestAddCookies - ex-0000000029 Cookie spec selected: strict
2026-07-21 16:23:23.250 [main] DEBUG com.github.dockerjava.zerodep.shaded.org.apache.hc.client5.http.impl.classic.InternalHttpClient - ep-0000000029 start execution ex-0000000029
2026-07-21 16:23:23.250 [main] DEBUG com.github.dockerjava.zerodep.shaded.org.apache.hc.client5.http.impl.io.PoolingHttpClientConnectionManager - ep-0000000029 executing exchange ex-0000000029 over http-outgoing-3
2026-07-21 16:23:23.250 [main] DEBUG com.github.dockerjava.zerodep.shaded.org.apache.hc.client5.http.headers - http-outgoing-3 >> POST /v1.44/containers/1c4383140b0d016adc3d7e5ab06016bfabd1eec711add3c12a1bd7aa1159c6ab/kill HTTP/1.1
2026-07-21 16:23:23.250 [main] DEBUG com.github.dockerjava.zerodep.shaded.org.apache.hc.client5.http.headers - http-outgoing-3 >> accept: application/json
2026-07-21 16:23:23.250 [main] DEBUG com.github.dockerjava.zerodep.shaded.org.apache.hc.client5.http.headers - http-outgoing-3 >> content-type: application/json
2026-07-21 16:23:23.250 [main] DEBUG com.github.dockerjava.zerodep.shaded.org.apache.hc.client5.http.headers - http-outgoing-3 >> x-tc-sid: c2815888-2ad9-4d1b-b81d-ff10c2a3009c
2026-07-21 16:23:23.250 [main] DEBUG com.github.dockerjava.zerodep.shaded.org.apache.hc.client5.http.headers - http-outgoing-3 >> User-Agent: tc-java/2.0.5
2026-07-21 16:23:23.250 [main] DEBUG com.github.dockerjava.zerodep.shaded.org.apache.hc.client5.http.headers - http-outgoing-3 >> Accept-Encoding: gzip, x-gzip, deflate
2026-07-21 16:23:23.250 [main] DEBUG com.github.dockerjava.zerodep.shaded.org.apache.hc.client5.http.headers - http-outgoing-3 >> Host: localhost:2375
2026-07-21 16:23:23.250 [main] DEBUG com.github.dockerjava.zerodep.shaded.org.apache.hc.client5.http.headers - http-outgoing-3 >> Content-Length: 0
2026-07-21 16:23:23.250 [main] DEBUG com.github.dockerjava.zerodep.shaded.org.apache.hc.client5.http.headers - http-outgoing-3 >> Connection: keep-alive
2026-07-21 16:23:23.250 [main] DEBUG com.github.dockerjava.zerodep.shaded.org.apache.hc.client5.http.wire - http-outgoing-3 >> "POST /v1.44/containers/1c4383140b0d016adc3d7e5ab06016bfabd1eec711add3c12a1bd7aa1159c6ab/kill HTTP/1.1[\r][\n]"
2026-07-21 16:23:23.250 [main] DEBUG com.github.dockerjava.zerodep.shaded.org.apache.hc.client5.http.wire - http-outgoing-3 >> "accept: application/json[\r][\n]"
2026-07-21 16:23:23.250 [main] DEBUG com.github.dockerjava.zerodep.shaded.org.apache.hc.client5.http.wire - http-outgoing-3 >> "content-type: application/json[\r][\n]"
2026-07-21 16:23:23.250 [main] DEBUG com.github.dockerjava.zerodep.shaded.org.apache.hc.client5.http.wire - http-outgoing-3 >> "x-tc-sid: c2815888-2ad9-4d1b-b81d-ff10c2a3009c[\r][\n]"
2026-07-21 16:23:23.250 [main] DEBUG com.github.dockerjava.zerodep.shaded.org.apache.hc.client5.http.wire - http-outgoing-3 >> "User-Agent: tc-java/2.0.5[\r][\n]"
2026-07-21 16:23:23.250 [main] DEBUG com.github.dockerjava.zerodep.shaded.org.apache.hc.client5.http.wire - http-outgoing-3 >> "Accept-Encoding: gzip, x-gzip, deflate[\r][\n]"
2026-07-21 16:23:23.250 [main] DEBUG com.github.dockerjava.zerodep.shaded.org.apache.hc.client5.http.wire - http-outgoing-3 >> "Host: localhost:2375[\r][\n]"
2026-07-21 16:23:23.250 [main] DEBUG com.github.dockerjava.zerodep.shaded.org.apache.hc.client5.http.wire - http-outgoing-3 >> "Content-Length: 0[\r][\n]"
2026-07-21 16:23:23.250 [main] DEBUG com.github.dockerjava.zerodep.shaded.org.apache.hc.client5.http.wire - http-outgoing-3 >> "Connection: keep-alive[\r][\n]"
2026-07-21 16:23:23.250 [main] DEBUG com.github.dockerjava.zerodep.shaded.org.apache.hc.client5.http.wire - http-outgoing-3 >> "[\r][\n]"
2026-07-21 16:23:23.431 [main] DEBUG com.github.dockerjava.zerodep.shaded.org.apache.hc.client5.http.wire - http-outgoing-3 << "HTTP/1.1 204 No Content[\r][\n]"
2026-07-21 16:23:23.432 [main] DEBUG com.github.dockerjava.zerodep.shaded.org.apache.hc.client5.http.wire - http-outgoing-3 << "Api-Version: 1.54[\r][\n]"
2026-07-21 16:23:23.432 [main] DEBUG com.github.dockerjava.zerodep.shaded.org.apache.hc.client5.http.wire - http-outgoing-3 << "Date: Tue, 21 Jul 2026 13:23:23 GMT[\r][\n]"
2026-07-21 16:23:23.432 [main] DEBUG com.github.dockerjava.zerodep.shaded.org.apache.hc.client5.http.wire - http-outgoing-3 << "Docker-Experimental: false[\r][\n]"
2026-07-21 16:23:23.432 [main] DEBUG com.github.dockerjava.zerodep.shaded.org.apache.hc.client5.http.wire - http-outgoing-3 << "Ostype: linux[\r][\n]"
2026-07-21 16:23:23.432 [main] DEBUG com.github.dockerjava.zerodep.shaded.org.apache.hc.client5.http.wire - http-outgoing-3 << "Server: Docker/29.5.3 (linux)[\r][\n]"
2026-07-21 16:23:23.432 [main] DEBUG com.github.dockerjava.zerodep.shaded.org.apache.hc.client5.http.wire - http-outgoing-3 << "[\r][\n]"
2026-07-21 16:23:23.432 [main] DEBUG com.github.dockerjava.zerodep.shaded.org.apache.hc.client5.http.headers - http-outgoing-3 << HTTP/1.1 204 No Content
2026-07-21 16:23:23.432 [main] DEBUG com.github.dockerjava.zerodep.shaded.org.apache.hc.client5.http.headers - http-outgoing-3 << Api-Version: 1.54
2026-07-21 16:23:23.432 [main] DEBUG com.github.dockerjava.zerodep.shaded.org.apache.hc.client5.http.headers - http-outgoing-3 << Date: Tue, 21 Jul 2026 13:23:23 GMT
2026-07-21 16:23:23.432 [main] DEBUG com.github.dockerjava.zerodep.shaded.org.apache.hc.client5.http.headers - http-outgoing-3 << Docker-Experimental: false
2026-07-21 16:23:23.432 [main] DEBUG com.github.dockerjava.zerodep.shaded.org.apache.hc.client5.http.headers - http-outgoing-3 << Ostype: linux
2026-07-21 16:23:23.432 [main] DEBUG com.github.dockerjava.zerodep.shaded.org.apache.hc.client5.http.headers - http-outgoing-3 << Server: Docker/29.5.3 (linux)
2026-07-21 16:23:23.432 [main] DEBUG com.github.dockerjava.zerodep.shaded.org.apache.hc.client5.http.impl.classic.MainClientExec - ex-0000000029 connection can be kept alive for 3 MINUTES
2026-07-21 16:23:23.432 [main] DEBUG com.github.dockerjava.zerodep.shaded.org.apache.hc.client5.http.impl.classic.InternalHttpClient - ep-0000000029 releasing valid endpoint
2026-07-21 16:23:23.432 [main] DEBUG com.github.dockerjava.zerodep.shaded.org.apache.hc.client5.http.impl.io.PoolingHttpClientConnectionManager - ep-0000000029 releasing endpoint
2026-07-21 16:23:23.432 [main] DEBUG com.github.dockerjava.zerodep.shaded.org.apache.hc.client5.http.impl.io.PoolingHttpClientConnectionManager - ep-0000000029 connection http-outgoing-3 can be kept alive for 3 MINUTES
2026-07-21 16:23:23.432 [main] DEBUG com.github.dockerjava.zerodep.shaded.org.apache.hc.client5.http.impl.io.PoolingHttpClientConnectionManager - ep-0000000029 connection released [route: {}->[unix://localhost:2375]][total available: 1; route allocated: 1 of 2147483647; total allocated: 1 of 2147483647]
2026-07-21 16:23:23.432 [main] TRACE org.testcontainers.utility.ResourceReaper - Stopped container: postgres:latest
2026-07-21 16:23:23.432 [main] DEBUG org.testcontainers.shaded.com.github.dockerjava.core.command.AbstrDockerCmd - Cmd: 1c4383140b0d016adc3d7e5ab06016bfabd1eec711add3c12a1bd7aa1159c6ab,false
2026-07-21 16:23:23.432 [main] DEBUG org.testcontainers.shaded.com.github.dockerjava.core.exec.InspectContainerCmdExec - GET: DefaultWebTarget{path=[/containers/1c4383140b0d016adc3d7e5ab06016bfabd1eec711add3c12a1bd7aa1159c6ab/json], queryParams={}}
2026-07-21 16:23:23.433 [main] DEBUG com.github.dockerjava.zerodep.shaded.org.apache.hc.client5.http.impl.classic.InternalHttpClient - ex-0000000030 preparing request execution
2026-07-21 16:23:23.433 [main] DEBUG com.github.dockerjava.zerodep.shaded.org.apache.hc.client5.http.impl.classic.ProtocolExec - ex-0000000030 target auth state: UNCHALLENGED
2026-07-21 16:23:23.433 [main] DEBUG com.github.dockerjava.zerodep.shaded.org.apache.hc.client5.http.impl.classic.ProtocolExec - ex-0000000030 proxy auth state: UNCHALLENGED
2026-07-21 16:23:23.433 [main] DEBUG com.github.dockerjava.zerodep.shaded.org.apache.hc.client5.http.impl.classic.ConnectExec - ex-0000000030 acquiring connection with route {}->[unix://localhost:2375]
2026-07-21 16:23:23.433 [main] DEBUG com.github.dockerjava.zerodep.shaded.org.apache.hc.client5.http.impl.classic.InternalHttpClient - ex-0000000030 acquiring endpoint (3 MINUTES)
2026-07-21 16:23:23.433 [main] DEBUG com.github.dockerjava.zerodep.shaded.org.apache.hc.client5.http.impl.io.PoolingHttpClientConnectionManager - ex-0000000030 endpoint lease request (3 MINUTES) [route: {}->[unix://localhost:2375]][total available: 1; route allocated: 1 of 2147483647; total allocated: 1 of 2147483647]
2026-07-21 16:23:23.433 [main] DEBUG com.github.dockerjava.zerodep.shaded.org.apache.hc.client5.http.impl.io.PoolingHttpClientConnectionManager - ex-0000000030 endpoint leased [route: {}->[unix://localhost:2375]][total available: 0; route allocated: 1 of 2147483647; total allocated: 1 of 2147483647]
2026-07-21 16:23:23.433 [main] DEBUG com.github.dockerjava.zerodep.shaded.org.apache.hc.client5.http.impl.io.PoolingHttpClientConnectionManager - ex-0000000030 acquired ep-0000000030
2026-07-21 16:23:23.433 [main] DEBUG com.github.dockerjava.zerodep.shaded.org.apache.hc.client5.http.impl.classic.InternalHttpClient - ex-0000000030 acquired endpoint ep-0000000030
2026-07-21 16:23:23.433 [main] DEBUG com.github.dockerjava.zerodep.shaded.org.apache.hc.client5.http.impl.classic.MainClientExec - ex-0000000030 executing GET /v1.44/containers/1c4383140b0d016adc3d7e5ab06016bfabd1eec711add3c12a1bd7aa1159c6ab/json
2026-07-21 16:23:23.433 [main] DEBUG com.github.dockerjava.zerodep.shaded.org.apache.hc.client5.http.protocol.RequestAddCookies - ex-0000000030 Cookie spec selected: strict
2026-07-21 16:23:23.433 [main] DEBUG com.github.dockerjava.zerodep.shaded.org.apache.hc.client5.http.impl.classic.InternalHttpClient - ep-0000000030 start execution ex-0000000030
2026-07-21 16:23:23.433 [main] DEBUG com.github.dockerjava.zerodep.shaded.org.apache.hc.client5.http.impl.io.PoolingHttpClientConnectionManager - ep-0000000030 executing exchange ex-0000000030 over http-outgoing-3
2026-07-21 16:23:23.433 [main] DEBUG com.github.dockerjava.zerodep.shaded.org.apache.hc.client5.http.headers - http-outgoing-3 >> GET /v1.44/containers/1c4383140b0d016adc3d7e5ab06016bfabd1eec711add3c12a1bd7aa1159c6ab/json HTTP/1.1
2026-07-21 16:23:23.433 [main] DEBUG com.github.dockerjava.zerodep.shaded.org.apache.hc.client5.http.headers - http-outgoing-3 >> accept: application/json
2026-07-21 16:23:23.433 [main] DEBUG com.github.dockerjava.zerodep.shaded.org.apache.hc.client5.http.headers - http-outgoing-3 >> x-tc-sid: c2815888-2ad9-4d1b-b81d-ff10c2a3009c
2026-07-21 16:23:23.433 [main] DEBUG com.github.dockerjava.zerodep.shaded.org.apache.hc.client5.http.headers - http-outgoing-3 >> User-Agent: tc-java/2.0.5
2026-07-21 16:23:23.433 [main] DEBUG com.github.dockerjava.zerodep.shaded.org.apache.hc.client5.http.headers - http-outgoing-3 >> Accept-Encoding: gzip, x-gzip, deflate
2026-07-21 16:23:23.433 [main] DEBUG com.github.dockerjava.zerodep.shaded.org.apache.hc.client5.http.headers - http-outgoing-3 >> Host: localhost:2375
2026-07-21 16:23:23.433 [main] DEBUG com.github.dockerjava.zerodep.shaded.org.apache.hc.client5.http.headers - http-outgoing-3 >> Connection: keep-alive
2026-07-21 16:23:23.433 [main] DEBUG com.github.dockerjava.zerodep.shaded.org.apache.hc.client5.http.wire - http-outgoing-3 >> "GET /v1.44/containers/1c4383140b0d016adc3d7e5ab06016bfabd1eec711add3c12a1bd7aa1159c6ab/json HTTP/1.1[\r][\n]"
2026-07-21 16:23:23.433 [main] DEBUG com.github.dockerjava.zerodep.shaded.org.apache.hc.client5.http.wire - http-outgoing-3 >> "accept: application/json[\r][\n]"
2026-07-21 16:23:23.433 [main] DEBUG com.github.dockerjava.zerodep.shaded.org.apache.hc.client5.http.wire - http-outgoing-3 >> "x-tc-sid: c2815888-2ad9-4d1b-b81d-ff10c2a3009c[\r][\n]"
2026-07-21 16:23:23.433 [main] DEBUG com.github.dockerjava.zerodep.shaded.org.apache.hc.client5.http.wire - http-outgoing-3 >> "User-Agent: tc-java/2.0.5[\r][\n]"
2026-07-21 16:23:23.433 [main] DEBUG com.github.dockerjava.zerodep.shaded.org.apache.hc.client5.http.wire - http-outgoing-3 >> "Accept-Encoding: gzip, x-gzip, deflate[\r][\n]"
2026-07-21 16:23:23.433 [main] DEBUG com.github.dockerjava.zerodep.shaded.org.apache.hc.client5.http.wire - http-outgoing-3 >> "Host: localhost:2375[\r][\n]"
2026-07-21 16:23:23.433 [main] DEBUG com.github.dockerjava.zerodep.shaded.org.apache.hc.client5.http.wire - http-outgoing-3 >> "Connection: keep-alive[\r][\n]"
2026-07-21 16:23:23.433 [main] DEBUG com.github.dockerjava.zerodep.shaded.org.apache.hc.client5.http.wire - http-outgoing-3 >> "[\r][\n]"
2026-07-21 16:23:23.435 [main] DEBUG com.github.dockerjava.zerodep.shaded.org.apache.hc.client5.http.wire - http-outgoing-3 << "HTTP/1.1 200 OK[\r][\n]"
2026-07-21 16:23:23.436 [main] DEBUG com.github.dockerjava.zerodep.shaded.org.apache.hc.client5.http.wire - http-outgoing-3 << "Api-Version: 1.54[\r][\n]"
2026-07-21 16:23:23.436 [main] DEBUG com.github.dockerjava.zerodep.shaded.org.apache.hc.client5.http.wire - http-outgoing-3 << "Content-Type: application/json[\r][\n]"
2026-07-21 16:23:23.436 [main] DEBUG com.github.dockerjava.zerodep.shaded.org.apache.hc.client5.http.wire - http-outgoing-3 << "Date: Tue, 21 Jul 2026 13:23:23 GMT[\r][\n]"
2026-07-21 16:23:23.436 [main] DEBUG com.github.dockerjava.zerodep.shaded.org.apache.hc.client5.http.wire - http-outgoing-3 << "Docker-Experimental: false[\r][\n]"
2026-07-21 16:23:23.436 [main] DEBUG com.github.dockerjava.zerodep.shaded.org.apache.hc.client5.http.wire - http-outgoing-3 << "Ostype: linux[\r][\n]"
2026-07-21 16:23:23.436 [main] DEBUG com.github.dockerjava.zerodep.shaded.org.apache.hc.client5.http.wire - http-outgoing-3 << "Server: Docker/29.5.3 (linux)[\r][\n]"
2026-07-21 16:23:23.436 [main] DEBUG com.github.dockerjava.zerodep.shaded.org.apache.hc.client5.http.wire - http-outgoing-3 << "Transfer-Encoding: chunked[\r][\n]"
2026-07-21 16:23:23.436 [main] DEBUG com.github.dockerjava.zerodep.shaded.org.apache.hc.client5.http.wire - http-outgoing-3 << "[\r][\n]"
2026-07-21 16:23:23.436 [main] DEBUG com.github.dockerjava.zerodep.shaded.org.apache.hc.client5.http.wire - http-outgoing-3 << "181b[\r][\n]"
2026-07-21 16:23:23.436 [main] DEBUG com.github.dockerjava.zerodep.shaded.org.apache.hc.client5.http.wire - http-outgoing-3 << "{"Id":"1c4383140b0d016adc3d7e5ab06016bfabd1eec711add3c12a1bd7aa1159c6ab","Created":"2026-07-21T13:23:20.252642421Z","Path":"docker-entrypoint.sh","Args":["postgres","-c","fsync=off"],"State":{"Status":"exited","Running":false,"Paused":false,"Restarting":false,"OOMKilled":false,"Dead":false,"Pid":0,"ExitCode":137,"Error":"","StartedAt":"2026-07-21T13:23:20.322730296Z","FinishedAt":"2026-07-21T13:23:23.261273506Z"},"Image":"sha256:21a7e541217c7a1b157f4e0d534eaa715ccca6da24e9778c122873a4cc75d6f5","ResolvConfPath":"/var/lib/docker/containers/1c4383140b0d016adc3d7e5ab06016bfabd1eec711add3c12a1bd7aa1159c6ab/resolv.conf","HostnamePath":"/var/lib/docker/containers/1c4383140b0d016adc3d7e5ab06016bfabd1eec711add3c12a1bd7aa1159c6ab/hostname","HostsPath":"/var/lib/docker/containers/1c4383140b0d016adc3d7e5ab06016bfabd1eec711add3c12a1bd7aa1159c6ab/hosts","LogPath":"/var/lib/docker/containers/1c4383140b0d016adc3d7e5ab06016bfabd1eec711add3c12a1bd7aa1159c6ab/1c4383140b0d016adc3d7e5ab06016bfabd1eec711add3c12a1bd7aa1159c6ab-json.log","Name":"/thirsty_mclean","RestartCount":0,"Driver":"overlay2","Platform":"linux","MountLabel":"","ProcessLabel":"","AppArmorProfile":"","ExecIDs":null,"HostConfig":{"Binds":[],"ContainerIDFile":"","LogConfig":{"Type":"json-file","Config":{}},"NetworkMode":"bridge","PortBindings":{"5432/tcp":[{"HostIp":"","HostPort":""}]},"RestartPolicy":{"Name":"no","MaximumRetryCount":0},"AutoRemove":false,"VolumeDriver":"","VolumesFrom":[],"ConsoleSize":[0,0],"CapAdd":null,"CapDrop":null,"CgroupnsMode":"private","Dns":null,"DnsOptions":null,"DnsSearch":null,"ExtraHosts":[],"GroupAdd":null,"IpcMode":"private","Cgroup":"","Links":null,"OomScoreAdj":0,"PidMode":"","Privileged":false,"PublishAllPorts":false,"ReadonlyRootfs":false,"SecurityOpt":null,"UTSMode":"","UsernsMode":"","ShmSize":67108864,"Runtime":"runc","Isolation":"","CpuShares":0,"Memory":0,"NanoCpus":0,"CgroupParent":"","BlkioWeight":0,"BlkioWeightDevice":null,"BlkioDeviceReadBps":null,"BlkioDeviceWriteBps":null,"BlkioDeviceReadIOps":null,"BlkioDeviceWriteIOps":null,"CpuPeriod":0,"CpuQuota":0,"CpuRealtimePeriod":0,"CpuRealtimeRuntime":0,"CpusetCpus":"","CpusetMems":"","Devices":null,"DeviceCgroupRules":null,"DeviceRequests":null,"MemoryReservation":0,"MemorySwap":0,"MemorySwappiness":null,"OomKillDisable":null,"PidsLimit":null,"Ulimits":null,"CpuCount":0,"CpuPercent":0,"IOMaximumIOps":0,"IOMaximumBandwidth":0,"MaskedPaths":["/proc/acpi","/proc/asound","/proc/interrupts","/proc/kcore","/proc/keys","/proc/latency_stats","/proc/sched_debug","/proc/scsi","/proc/timer_list","/proc/timer_stats","/sys/devices/virtual/powercap","/sys/firmware"],"ReadonlyPaths":["/proc/bus","/proc/fs","/proc/irq","/proc/sys","/proc/sysrq-trigger"]},"GraphDriver":{"Data":{"ID":"1c4383140b0d016adc3d7e5ab06016bfabd1eec711add3c12a1bd7aa1159c6ab","LowerDir":"/var/lib/docker/overlay2/97716f6c46c33ee32833183ad17c07edf9ffdfd6c293b9095f3426bb228bb5e1-init/diff:/var/lib/docker/overlay2/1aef3490a29794478ed33994b49b19bd47bcf0ca35d121c669b9a3da659098e9/diff:/var/lib/docker/overlay2/a386117c960e51626153bc63ffbe8c2b23d314e49f8095520a249936d8d1a84d/diff:/var/lib/docker/overlay2/dee08542fd83b7b17b2870384c217d63fcb12463bfe8d10c316f0b1a1d04d47d/diff:/var/lib/docker/overlay2/3009a33ec3c152ef1aec597ef919d2fd3c2c613749a4b2fa45b28cffa51e0bb6/diff:/var/lib/docker/overlay2/b82639c7e60942005bcbe5c112a91b3d2508dca12533f3f2203497d171780b1b/diff:/var/lib/docker/overlay2/8d308d23c9a2b61c1784866748843be530e2dd300d5d34305f4dc37d3a10b5ea/diff:/var/lib/docker/overlay2/568b08209eefcebad1f10c0d9ed85aedc1149ddf463b2c35e19feca1c5334193/diff:/var/lib/docker/overlay2/de7cde3cbbc720040cdffe8548d4011e50ce06615c068d2788e4d893117aa125/diff:/var/lib/docker/overlay2/2b69ce2851209a845f831c27af4f5927f5e33a41b12fcb3608c540c7a5b017e6/diff:/var/lib/docker/overlay2/97fba548b452656804322aff121f5dd09b580ef2bab0edcee0191787edfc1efa/diff:/var/lib/docker/overlay2/71f2b21f2411c6a219f4472e6cc035df5f74df40b3a8b3062ac01b46f06534af/diff:/var/lib/docker/overlay2/c6a4da686c076b8bd4dab18f36ea483477611cdff23175fd5f37e528eea29248/diff:/var/lib/docker/overlay2/c21f4d15b699d12b68ac644e350ec384ca0f60e53b757694588bc9778b73a303/diff:/var/lib/docker/overlay2/dee8f2bec1a585effd64d87e3c2c09b0c56efe873ee81fb4aa594e55974ec642/diff","MergedDir":"/var/lib/docker/overlay2/97716f6c46c33ee32833183ad17c07edf9ffdfd6c293b9095f3426bb228bb5e1/merged","UpperDir":"/var/lib/docker/overlay2/97716f6c46c33ee32833183ad17c07edf9ffdfd6c293b9095f3426bb228bb5e1/diff","WorkDir":"/var/lib/docker/overlay2/97716f6c46c33ee32833183ad17c07edf9ffdfd6c293b9095f3426bb228bb5e1/work"},"Name":"overlay2"},"Mounts":[{"Type":"volume","Name":"d93c38d90e2069a1e259627695369dfe26b3f49d6154da723d55243d47a9d185","Source":"/var/lib/docker/volumes/d93c38d90e2069a1e259627695369dfe26b3f49d6154da723d55243d47a9d185/_data","Destination":"/var/lib/postgresql","Driver":"local","Mode":"","RW":true,"Propagation":""}],"Config":{"Hostname":"1c4383140b0d","Domainname":"","User":"","AttachStdin":false,"AttachStdout":false,"AttachStderr":false,"ExposedPorts":{"5432/tcp":{}},"Tty":false,"OpenStdin":false,"StdinOnce":false,"Env":["POSTGRES_USER=test","POSTGRES_PASSWORD=test","POSTGRES_DB=test","PATH=/usr/local/sbin:/usr/local/bin:/usr/sbin:/usr/bin:/sbin:/bin:/usr/lib/postgresql/18/bin","GOSU_VERSION=1.19","LANG=en_US.utf8","PG_MAJOR=18","PG_VERSION=18.0-1.pgdg13+3","PGDATA=/var/lib/postgresql/18/docker"],"Cmd":["postgres","-c","fsync=off"],"Image":"postgres:latest","Volumes":{"/var/lib/postgresql":{}},"WorkingDir":"","Entrypoint":["docker-entrypoint.sh"],"Labels":{"org.testcontainers":"true","org.testcontainers.lang":"java","org.testcontainers.sessionId":"c2815888-2ad9-4d1b-b81d-ff10c2a3009c","org.testcontainers.version":"2.0.5"},"StopSignal":"SIGINT","StopTimeout":1},"NetworkSettings":{"SandboxID":"","SandboxKey":"","Ports":{},"Networks":{"bridge":{"IPAMConfig":null,"Links":null,"Aliases":null,"DriverOpts":null,"GwPriority":0,"NetworkID":"998d6244bdfb5e5563c0dbbe14df5cbe693c238c2c93dcb841f601252b85ef2f","EndpointID":"","Gateway":"","IPAddress":"","MacAddress":"","IPPrefixLen":0,"IPv6Gateway":"","GlobalIPv6Address":"","GlobalIPv6PrefixLen":0,"DNSNames":null}}}}[\n]"
2026-07-21 16:23:23.436 [main] DEBUG com.github.dockerjava.zerodep.shaded.org.apache.hc.client5.http.wire - http-outgoing-3 << "[\r][\n]"
2026-07-21 16:23:23.436 [main] DEBUG com.github.dockerjava.zerodep.shaded.org.apache.hc.client5.http.headers - http-outgoing-3 << HTTP/1.1 200 OK
2026-07-21 16:23:23.436 [main] DEBUG com.github.dockerjava.zerodep.shaded.org.apache.hc.client5.http.headers - http-outgoing-3 << Api-Version: 1.54
2026-07-21 16:23:23.436 [main] DEBUG com.github.dockerjava.zerodep.shaded.org.apache.hc.client5.http.headers - http-outgoing-3 << Content-Type: application/json
2026-07-21 16:23:23.436 [main] DEBUG com.github.dockerjava.zerodep.shaded.org.apache.hc.client5.http.headers - http-outgoing-3 << Date: Tue, 21 Jul 2026 13:23:23 GMT
2026-07-21 16:23:23.436 [main] DEBUG com.github.dockerjava.zerodep.shaded.org.apache.hc.client5.http.headers - http-outgoing-3 << Docker-Experimental: false
2026-07-21 16:23:23.436 [main] DEBUG com.github.dockerjava.zerodep.shaded.org.apache.hc.client5.http.headers - http-outgoing-3 << Ostype: linux
2026-07-21 16:23:23.436 [main] DEBUG com.github.dockerjava.zerodep.shaded.org.apache.hc.client5.http.headers - http-outgoing-3 << Server: Docker/29.5.3 (linux)
2026-07-21 16:23:23.436 [main] DEBUG com.github.dockerjava.zerodep.shaded.org.apache.hc.client5.http.headers - http-outgoing-3 << Transfer-Encoding: chunked
2026-07-21 16:23:23.436 [main] DEBUG com.github.dockerjava.zerodep.shaded.org.apache.hc.client5.http.impl.classic.MainClientExec - ex-0000000030 connection can be kept alive for 3 MINUTES
2026-07-21 16:23:23.437 [main] DEBUG com.github.dockerjava.zerodep.shaded.org.apache.hc.client5.http.wire - http-outgoing-3 << "0[\r][\n]"
2026-07-21 16:23:23.437 [main] DEBUG com.github.dockerjava.zerodep.shaded.org.apache.hc.client5.http.wire - http-outgoing-3 << "[\r][\n]"
2026-07-21 16:23:23.437 [main] DEBUG com.github.dockerjava.zerodep.shaded.org.apache.hc.client5.http.impl.classic.InternalHttpClient - ep-0000000030 releasing valid endpoint
2026-07-21 16:23:23.437 [main] DEBUG com.github.dockerjava.zerodep.shaded.org.apache.hc.client5.http.impl.io.PoolingHttpClientConnectionManager - ep-0000000030 releasing endpoint
2026-07-21 16:23:23.437 [main] DEBUG com.github.dockerjava.zerodep.shaded.org.apache.hc.client5.http.impl.io.PoolingHttpClientConnectionManager - ep-0000000030 connection http-outgoing-3 can be kept alive for 3 MINUTES
2026-07-21 16:23:23.437 [main] DEBUG com.github.dockerjava.zerodep.shaded.org.apache.hc.client5.http.impl.io.PoolingHttpClientConnectionManager - ep-0000000030 connection released [route: {}->[unix://localhost:2375]][total available: 1; route allocated: 1 of 2147483647; total allocated: 1 of 2147483647]
2026-07-21 16:23:23.437 [main] TRACE org.testcontainers.utility.ResourceReaper - Removing container: 1c4383140b0d016adc3d7e5ab06016bfabd1eec711add3c12a1bd7aa1159c6ab
2026-07-21 16:23:23.437 [main] DEBUG org.testcontainers.shaded.com.github.dockerjava.core.command.AbstrDockerCmd - Cmd: 1c4383140b0d016adc3d7e5ab06016bfabd1eec711add3c12a1bd7aa1159c6ab,true,true
2026-07-21 16:23:23.437 [main] TRACE org.testcontainers.shaded.com.github.dockerjava.core.exec.RemoveContainerCmdExec - DELETE: DefaultWebTarget{path=[/containers/1c4383140b0d016adc3d7e5ab06016bfabd1eec711add3c12a1bd7aa1159c6ab], queryParams={v=[true], force=[true]}}
2026-07-21 16:23:23.438 [main] DEBUG com.github.dockerjava.zerodep.shaded.org.apache.hc.client5.http.impl.classic.InternalHttpClient - ex-0000000031 preparing request execution
2026-07-21 16:23:23.438 [main] DEBUG com.github.dockerjava.zerodep.shaded.org.apache.hc.client5.http.impl.classic.ProtocolExec - ex-0000000031 target auth state: UNCHALLENGED
2026-07-21 16:23:23.438 [main] DEBUG com.github.dockerjava.zerodep.shaded.org.apache.hc.client5.http.impl.classic.ProtocolExec - ex-0000000031 proxy auth state: UNCHALLENGED
2026-07-21 16:23:23.438 [main] DEBUG com.github.dockerjava.zerodep.shaded.org.apache.hc.client5.http.impl.classic.ConnectExec - ex-0000000031 acquiring connection with route {}->[unix://localhost:2375]
2026-07-21 16:23:23.438 [main] DEBUG com.github.dockerjava.zerodep.shaded.org.apache.hc.client5.http.impl.classic.InternalHttpClient - ex-0000000031 acquiring endpoint (3 MINUTES)
2026-07-21 16:23:23.438 [main] DEBUG com.github.dockerjava.zerodep.shaded.org.apache.hc.client5.http.impl.io.PoolingHttpClientConnectionManager - ex-0000000031 endpoint lease request (3 MINUTES) [route: {}->[unix://localhost:2375]][total available: 1; route allocated: 1 of 2147483647; total allocated: 1 of 2147483647]
2026-07-21 16:23:23.438 [main] DEBUG com.github.dockerjava.zerodep.shaded.org.apache.hc.client5.http.impl.io.PoolingHttpClientConnectionManager - ex-0000000031 endpoint leased [route: {}->[unix://localhost:2375]][total available: 0; route allocated: 1 of 2147483647; total allocated: 1 of 2147483647]
2026-07-21 16:23:23.438 [main] DEBUG com.github.dockerjava.zerodep.shaded.org.apache.hc.client5.http.impl.io.PoolingHttpClientConnectionManager - ex-0000000031 acquired ep-0000000031
2026-07-21 16:23:23.438 [main] DEBUG com.github.dockerjava.zerodep.shaded.org.apache.hc.client5.http.impl.classic.InternalHttpClient - ex-0000000031 acquired endpoint ep-0000000031
2026-07-21 16:23:23.438 [main] DEBUG com.github.dockerjava.zerodep.shaded.org.apache.hc.client5.http.impl.classic.MainClientExec - ex-0000000031 executing DELETE /v1.44/containers/1c4383140b0d016adc3d7e5ab06016bfabd1eec711add3c12a1bd7aa1159c6ab?v=true&force=true
2026-07-21 16:23:23.438 [main] DEBUG com.github.dockerjava.zerodep.shaded.org.apache.hc.client5.http.protocol.RequestAddCookies - ex-0000000031 Cookie spec selected: strict
2026-07-21 16:23:23.438 [main] DEBUG com.github.dockerjava.zerodep.shaded.org.apache.hc.client5.http.impl.classic.InternalHttpClient - ep-0000000031 start execution ex-0000000031
2026-07-21 16:23:23.438 [main] DEBUG com.github.dockerjava.zerodep.shaded.org.apache.hc.client5.http.impl.io.PoolingHttpClientConnectionManager - ep-0000000031 executing exchange ex-0000000031 over http-outgoing-3
2026-07-21 16:23:23.438 [main] DEBUG com.github.dockerjava.zerodep.shaded.org.apache.hc.client5.http.headers - http-outgoing-3 >> DELETE /v1.44/containers/1c4383140b0d016adc3d7e5ab06016bfabd1eec711add3c12a1bd7aa1159c6ab?v=true&force=true HTTP/1.1
2026-07-21 16:23:23.438 [main] DEBUG com.github.dockerjava.zerodep.shaded.org.apache.hc.client5.http.headers - http-outgoing-3 >> accept: application/json
2026-07-21 16:23:23.438 [main] DEBUG com.github.dockerjava.zerodep.shaded.org.apache.hc.client5.http.headers - http-outgoing-3 >> x-tc-sid: c2815888-2ad9-4d1b-b81d-ff10c2a3009c
2026-07-21 16:23:23.438 [main] DEBUG com.github.dockerjava.zerodep.shaded.org.apache.hc.client5.http.headers - http-outgoing-3 >> User-Agent: tc-java/2.0.5
2026-07-21 16:23:23.438 [main] DEBUG com.github.dockerjava.zerodep.shaded.org.apache.hc.client5.http.headers - http-outgoing-3 >> Accept-Encoding: gzip, x-gzip, deflate
2026-07-21 16:23:23.438 [main] DEBUG com.github.dockerjava.zerodep.shaded.org.apache.hc.client5.http.headers - http-outgoing-3 >> Host: localhost:2375
2026-07-21 16:23:23.438 [main] DEBUG com.github.dockerjava.zerodep.shaded.org.apache.hc.client5.http.headers - http-outgoing-3 >> Connection: keep-alive
2026-07-21 16:23:23.438 [main] DEBUG com.github.dockerjava.zerodep.shaded.org.apache.hc.client5.http.wire - http-outgoing-3 >> "DELETE /v1.44/containers/1c4383140b0d016adc3d7e5ab06016bfabd1eec711add3c12a1bd7aa1159c6ab?v=true&force=true HTTP/1.1[\r][\n]"
2026-07-21 16:23:23.438 [main] DEBUG com.github.dockerjava.zerodep.shaded.org.apache.hc.client5.http.wire - http-outgoing-3 >> "accept: application/json[\r][\n]"
2026-07-21 16:23:23.438 [main] DEBUG com.github.dockerjava.zerodep.shaded.org.apache.hc.client5.http.wire - http-outgoing-3 >> "x-tc-sid: c2815888-2ad9-4d1b-b81d-ff10c2a3009c[\r][\n]"
2026-07-21 16:23:23.438 [main] DEBUG com.github.dockerjava.zerodep.shaded.org.apache.hc.client5.http.wire - http-outgoing-3 >> "User-Agent: tc-java/2.0.5[\r][\n]"
2026-07-21 16:23:23.438 [main] DEBUG com.github.dockerjava.zerodep.shaded.org.apache.hc.client5.http.wire - http-outgoing-3 >> "Accept-Encoding: gzip, x-gzip, deflate[\r][\n]"
2026-07-21 16:23:23.438 [main] DEBUG com.github.dockerjava.zerodep.shaded.org.apache.hc.client5.http.wire - http-outgoing-3 >> "Host: localhost:2375[\r][\n]"
2026-07-21 16:23:23.438 [main] DEBUG com.github.dockerjava.zerodep.shaded.org.apache.hc.client5.http.wire - http-outgoing-3 >> "Connection: keep-alive[\r][\n]"
2026-07-21 16:23:23.438 [main] DEBUG com.github.dockerjava.zerodep.shaded.org.apache.hc.client5.http.wire - http-outgoing-3 >> "[\r][\n]"
2026-07-21 16:23:23.451 [main] DEBUG com.github.dockerjava.zerodep.shaded.org.apache.hc.client5.http.wire - http-outgoing-3 << "HTTP/1.1 204 No Content[\r][\n]"
2026-07-21 16:23:23.451 [main] DEBUG com.github.dockerjava.zerodep.shaded.org.apache.hc.client5.http.wire - http-outgoing-3 << "Api-Version: 1.54[\r][\n]"
2026-07-21 16:23:23.451 [main] DEBUG com.github.dockerjava.zerodep.shaded.org.apache.hc.client5.http.wire - http-outgoing-3 << "Date: Tue, 21 Jul 2026 13:23:23 GMT[\r][\n]"
2026-07-21 16:23:23.451 [main] DEBUG com.github.dockerjava.zerodep.shaded.org.apache.hc.client5.http.wire - http-outgoing-3 << "Docker-Experimental: false[\r][\n]"
2026-07-21 16:23:23.451 [main] DEBUG com.github.dockerjava.zerodep.shaded.org.apache.hc.client5.http.wire - http-outgoing-3 << "Ostype: linux[\r][\n]"
2026-07-21 16:23:23.451 [main] DEBUG com.github.dockerjava.zerodep.shaded.org.apache.hc.client5.http.wire - http-outgoing-3 << "Server: Docker/29.5.3 (linux)[\r][\n]"
2026-07-21 16:23:23.451 [main] DEBUG com.github.dockerjava.zerodep.shaded.org.apache.hc.client5.http.wire - http-outgoing-3 << "[\r][\n]"
2026-07-21 16:23:23.451 [main] DEBUG com.github.dockerjava.zerodep.shaded.org.apache.hc.client5.http.headers - http-outgoing-3 << HTTP/1.1 204 No Content
2026-07-21 16:23:23.451 [main] DEBUG com.github.dockerjava.zerodep.shaded.org.apache.hc.client5.http.headers - http-outgoing-3 << Api-Version: 1.54
2026-07-21 16:23:23.451 [main] DEBUG com.github.dockerjava.zerodep.shaded.org.apache.hc.client5.http.headers - http-outgoing-3 << Date: Tue, 21 Jul 2026 13:23:23 GMT
2026-07-21 16:23:23.451 [main] DEBUG com.github.dockerjava.zerodep.shaded.org.apache.hc.client5.http.headers - http-outgoing-3 << Docker-Experimental: false
2026-07-21 16:23:23.451 [main] DEBUG com.github.dockerjava.zerodep.shaded.org.apache.hc.client5.http.headers - http-outgoing-3 << Ostype: linux
2026-07-21 16:23:23.451 [main] DEBUG com.github.dockerjava.zerodep.shaded.org.apache.hc.client5.http.headers - http-outgoing-3 << Server: Docker/29.5.3 (linux)
2026-07-21 16:23:23.451 [main] DEBUG com.github.dockerjava.zerodep.shaded.org.apache.hc.client5.http.impl.classic.MainClientExec - ex-0000000031 connection can be kept alive for 3 MINUTES
2026-07-21 16:23:23.451 [main] DEBUG com.github.dockerjava.zerodep.shaded.org.apache.hc.client5.http.impl.classic.InternalHttpClient - ep-0000000031 releasing valid endpoint
2026-07-21 16:23:23.451 [main] DEBUG com.github.dockerjava.zerodep.shaded.org.apache.hc.client5.http.impl.io.PoolingHttpClientConnectionManager - ep-0000000031 releasing endpoint
2026-07-21 16:23:23.451 [main] DEBUG com.github.dockerjava.zerodep.shaded.org.apache.hc.client5.http.impl.io.PoolingHttpClientConnectionManager - ep-0000000031 connection http-outgoing-3 can be kept alive for 3 MINUTES
2026-07-21 16:23:23.451 [main] DEBUG com.github.dockerjava.zerodep.shaded.org.apache.hc.client5.http.impl.io.PoolingHttpClientConnectionManager - ep-0000000031 connection released [route: {}->[unix://localhost:2375]][total available: 1; route allocated: 1 of 2147483647; total allocated: 1 of 2147483647]
2026-07-21 16:23:23.451 [main] DEBUG org.testcontainers.utility.ResourceReaper - Removed container and associated volume(s): postgres:latest
